,0,101,102,103,104,105,201,202,203,204,205,206,301,302,303,304,305,306,401,402,403,404,405,501,502,503,504,505,601,602,603,604,605,606,701,702,703,704,705,801,802,803,804,805,901,902,903,904,905,906,1001,1002,1003,1004,1005,1006,1101,1102,1103,1104,1105,1201,1202,1203,1204,1205,1206,1301,1302,1303,1304,1305,1401,1402,1403,1404,1405,1501,1502,1503,1504,1505,10101,10102,10103,10104,10105,10106,10201,10202,10203,10204,10205,10206,10301,10302,10303,10304,10305,10306
0,inf,2.8233116517147,2.71301432049829,2.6662516382437,2.72392473550856,2.90093472206135,9.7155100062614,9.79919978900364,9.89495942166333,9.98139890249981,10.0001442218115,9.51368419823137,5.40241850130549,5.41713067784569,5.72370818081382,5.49688796596567,5.2622402601221,5.62115982912539,7.89552012178503,7.75401863195588,7.87472033791338,8.03513014141319,7.88672453293311,7.92621367291948,8.11485041221074,8.02616818871823,7.93798978319164,7.74666567703264,6.92940220109842,7.12185533268391,7.01686091532047,6.98617875070687,6.60883080050694,6.85094634247372,10.6360423908475,10.8157508869229,10.852148230183,10.5331145271104,10.5174176236576,9.3967608618883,9.56531243471731,9.39752200960299,9.24319728309202,9.28074197291423,10.7421676843335,10.8590787960044,10.8127540927795,10.7165353420922,10.5598776035883,10.7171914217196,7.87748063304007,7.63232135448728,7.55211949417095,7.93404936863978,8.04308157979002,7.91234714940275,11.6459818137031,11.6557594626124,11.4562022297603,11.6612520223566,11.7696115251993,5.6772701629378,5.62691543912989,5.49743775584936,5.64751812940634,5.74694197911257,6.02813710369355,4.46572645098657,4.27666535860706,4.59535185036269,4.59597237239507,4.50157776700344,8.56692524985122,8.51022238369938,8.5662031228675,8.50963765786006,8.61644651049337,3.91579653433979,4.06935847481636,4.08014976665892,4.00641164944759,4.04706336129729,3.24455362298598,3.29116393997449,3.09140712651839,2.97610991493649,3.24663587645983,3.32196625035973,2.235518634273,2.33729757506019,2.41816802881923,2.53209489323501,2.13903205425496,2.06371139550829,1.63874644427943,1.56790842605844,1.82431623088637,1.78492452053796,1.65669702292758,1.42870619393392
101,2.82321402495351,inf,inf,inf,inf,inf,11.2136180518272,11.2606954109252,11.3608913310917,11.5108182758126,11.405039558949,11.0205022034226,8.35253003724443,8.27018998562327,8.54013960271404,8.32350427789213,8.08922102163792,8.44298520893905,9.36050638263074,9.09524504738724,9.36614395136547,9.50126929866039,9.35370817254441,10.4657921591646,10.8472454169901,10.6286779599673,10.4845670807438,10.274904594047,7.64014658614017,7.80297051926392,7.73816971940571,7.49707226196649,7.47074746977626,7.6726032065333,11.4526744065415,11.5076068337706,11.63497672133,11.3886833026306,11.2654839779829,10.825216110894,11.0188075502605,10.8883443033971,10.6479177587719,10.763742869701,13.2568451171272,13.2420054328173,13.28308961234,13.2337605407789,13.1816555638044,13.085818985518,7.62312634440165,7.52549929281873,7.3088285181521,7.55704872943443,7.78309988191178,7.62984244105834,9.26314842047726,9.01000007782933,8.90701417042092,9.11254373459464,9.22126494702958,2.85440764306674,2.80419545921005,2.59234930302633,2.68495011166196,3.02069759560516,2.99687911606688,3.10780732796043,2.94248242629456,3.02343105848535,3.29124055511026,3.13365118658186,7.85416709229784,7.67768952451666,7.80443303971725,7.92629962370544,7.99349246825935,4.43799554442628,4.45039180769923,4.57162505939393,4.57972528584803,4.59170525836016,5.92577300550021,6.22096439907656,5.83418952164134,5.79874779605034,6.25968690375407,6.25210467344585,5.05816084315259,5.0390992691444,5.23761069902622,5.20069096233927,4.97215105571097,4.88843470654417,4.43732135278014,4.39066648147971,4.75869477737833,4.77002804414007,4.41777378194468,4.25642828893926
102,2.71293778116644,inf,inf,inf,inf,inf,11.3670996833915,11.2034885722317,11.3066331827657,11.417386783196,11.5133273212518,10.9560107438785,8.24095926419679,8.15881367021413,8.42728713421064,8.40666228878456,7.97393640217707,8.33065796819665,9.25821871714446,9.074276126605,9.33703109503161,9.51586037484361,9.34995400861498,10.3553467734364,10.5490994414533,10.5197244825837,10.3755771224166,10.1651309996877,7.65456701909478,7.70774886819192,7.72972002169461,7.49327688588703,7.30679575137205,7.57329808199696,11.3537230497606,11.4388529379245,11.5333801950919,11.4114137621492,11.1725125934431,10.7592681784157,10.9778191344616,10.7975739060667,10.5847690950448,10.5625033534749,13.1471102619838,13.1316739764456,13.2374423961863,13.1254402407322,13.0768196903014,12.975631254935,7.64715246279867,7.5409859925228,7.28501932708383,7.45831581558529,7.7940531129749,7.64311680513843,9.36696004860193,9.21686349586557,9.2025534193246,9.22195226764812,9.33192921175941,2.96485707011724,2.91349805792247,2.78874080078138,2.949298657974,3.13112883198886,3.10718385490328,3.2276514218395,3.027613038204,3.04396176326837,3.38445166682056,3.21101523490809,7.84782715496093,7.67181286456966,7.80150362510804,7.90382162146184,8.09900951874972,4.41724639105489,4.4564644124416,4.56604570171045,4.54879289636888,4.56993438650458,5.81924391154848,6.11108027301421,5.80163907520912,5.68805444969411,5.95959944924141,6.14209345817255,4.9480397085695,4.77357634425433,5.12735920548315,5.09468448848751,4.99717074994409,4.68321606219193,4.44848005024053,4.28020609962352,4.52912962154232,4.46047549232532,4.30731652088996,4.31333726498945
103,2.66618982517101,inf,inf,inf,inf,inf,11.100058258084,11.1168104424514,11.220049798893,11.3410169442615,11.4380521788342,10.8692901646879,8.05036311213103,8.10913490230908,8.39214724521064,8.16098232365703,7.92245763519258,8.28495455201296,9.1756199646611,8.99583364752816,9.21462548566748,9.32281400512986,9.27620976707657,10.3215823728557,10.508642526532,10.4696522439003,10.3235166771368,10.1401984658459,7.68773492867913,7.7232169930745,7.88254753569375,7.57206550208202,7.58708694718508,7.5861993176881,11.3668956558696,11.4861498616763,11.5352904955231,11.4103386398586,11.1879250533704,10.6768354834573,10.9584039496262,10.8224148477069,10.6364946158587,10.5074004546005,13.0990970959315,13.0980678002289,13.191051067144,13.2003024790812,13.0139714406574,12.9318125029366,7.73221691943486,7.62495430835192,7.35532199774706,7.63358861111834,7.71854308639762,7.72623028040156,9.25077786144261,9.27917393964491,9.06200698675111,9.27898822077794,9.38086794792214,3.01524062360843,2.96990692877758,2.83121743641335,2.97668933064715,3.1730734548088,3.15813554370977,3.06347688424665,3.02397218118769,2.99591240180381,3.39330107555919,3.19864554224319,7.77337160765903,7.59930388077228,7.72895975986855,7.82365172501819,7.93135625033643,4.33960902832397,4.39089337138992,4.49333166073328,4.46667322834839,4.49063933282978,5.75800315996327,5.93434247289098,5.76048325324922,5.64281360060262,5.90852265826761,5.9660406662016,4.90592495116152,4.71559379330565,5.08853399769722,5.0346387865989,4.97260555781252,4.61394077709802,4.26771439453026,4.23954755217944,4.46425337125228,4.4114759120818,4.26429390804,4.08989904077723
104,2.72382910396209,inf,inf,inf,inf,inf,11.0713891333872,11.1538153049725,11.2429013317274,11.1778048143969,11.2573819636738,10.905209664805,8.22413045390339,8.30583631690767,8.42514985783699,8.22472509624942,8.0070103366307,8.48211074054898,9.1346889623557,8.93736283907961,9.23385312264209,9.31545277617827,9.17599230522927,10.6203177424117,10.8215893801694,10.6669405536333,10.5099309120518,10.3531128299423,7.90337033013709,7.93690083278609,7.93457940291807,7.68688458517259,7.65056855515727,7.79992574875915,11.580457328069,11.6748453058851,11.7625603667868,11.6244338227334,11.4020027531465,11.0291507995529,11.1018184703154,11.0336313492444,10.8195888736595,10.8740798799202,13.4403359310613,13.3950648369063,13.523876074353,13.5774966276877,13.1816318989469,13.1307262854204,7.80663203438245,7.71275197368948,7.62870696020839,7.74727804217888,7.88980821698553,7.8172144286308,8.98122035622637,8.94591602781583,8.89149581845534,8.95403293023654,9.07892795801792,2.86886119029845,2.84244461058492,2.68089589665155,2.78667679865852,3.00187488738313,3.00684144884224,2.99238924420909,2.80666091402757,2.83569376716816,3.15659704844254,2.97813104071772,7.67940184513733,7.36094194806708,7.62789072065446,7.55648197107884,7.85096019061417,4.27799633169578,4.26759988238026,4.3943314909434,4.42613779404225,4.42788639393204,5.92980180474669,6.29694368651784,5.80181354887321,5.84140208616221,5.98399935473055,6.32517881331087,5.10939474376654,4.89167174114829,5.12937196022193,5.21067552194359,4.97236351508718,4.76693974104974,4.43106648497155,4.44407574191985,4.62717628960573,4.47823419615264,4.31676712484645,4.27835278662117
105,2.90080107856649,inf,inf,inf,inf,inf,11.3708653674089,11.40908898576,11.5334135025001,11.6477317366997,11.7450999090379,11.1738557241462,8.38119364673854,8.34267472568361,8.58191127246414,8.51429123559042,8.27345175031485,8.50412284347249,9.51402243666127,9.25429535424137,9.52323376940459,9.65771599352743,9.64862044274822,10.5060678629754,10.7262535920556,10.7039031149891,10.522926670358,10.3096705466188,7.48276751400574,7.66798242350493,7.59021760891632,7.34874634204058,7.31119441902805,7.59276211506997,11.3785469359495,11.4397058758797,11.4053068830022,11.2296058104476,11.0090306904931,10.7423929283148,10.9195137486772,10.8342673845584,10.5708429591437,10.6484187061071,13.1802949415688,13.2806214298592,13.2732536065608,13.2581047757943,13.0670319459764,13.1448407721662,7.46421767885505,7.36925627042832,7.17287403869404,7.40495344202005,7.62692115543798,7.47360990440651,9.18664009223114,9.24486322981194,8.89210092637525,9.07212475123934,9.33140024311627,2.69217302390273,2.65404380173123,2.50358709665255,2.62550950382782,3.0168284491032,2.97030798893254,3.18661756848007,3.04205889674987,3.21848177473491,3.38173039586086,3.29042351307881,8.02416059656671,7.8373617567036,8.03417949951602,7.94931869907648,8.04403338921634,4.5969865631669,4.60813558723031,4.73070873777955,4.80915349085384,4.84564200703318,6.09067317066143,6.25892785288936,6.12926813704021,5.86169230489378,6.25814938701582,6.29090864382247,5.11916828959497,5.05251153642394,5.28736879545583,5.37157505206223,5.13165317230754,4.93067888207005,4.59215878756639,4.4497653439826,4.788750136023,4.76479324553408,4.47333465343634,4.43390346829888
201,9.70909355008098,11.2156603832785,11.3672779126356,11.1019532438963,11.0730456335547,11.3728926148727,inf,inf,inf,inf,inf,inf,5.36254233732053,4.99307341409873,5.26166850421517,5.48304406022241,5.3004526172435,5.04544208471376,2.22369203827558,2.37944897625023,2.39186703298569,2.24744379476674,2.00655890069328,14.9075781274946,14.8789445284785,15.0934015264825,14.7340777923506,14.8000071079548,16.4058596761632,16.8289841739588,16.5385428836708,16.2216989188425,16.2938434938159,16.690770515558,17.7466393268804,17.9096352420027,18.0848711647162,17.7481006220909,17.6030876519375,16.5613844112778,16.6934481595922,16.4740817455592,16.2661319544511,16.6429850128193,16.7150205047841,16.8576782506387,16.7442247860189,16.5856080998613,16.6612296248764,16.7017399002489,17.5295532071198,17.416752156425,17.4263038909956,17.7814996468018,17.6424092972939,17.5047863041607,16.9647878888421,17.0921811172925,16.8397490007944,16.7884657804182,17.1564289555349,13.9502328553522,13.9183473404336,13.742455367402,13.6264497694164,13.8683242058424,13.9654324937456,9.2742216165586,9.09316697966078,9.57169255844185,9.37568295049937,9.17012021040487,10.3743031427576,10.5423756039724,10.41019513088,10.2611229829393,10.1966149365902,6.75758949884138,6.73885806313612,6.61236719924849,6.64544785311341,6.60894208617115,8.45178713983198,8.20792306510985,8.29859875007468,8.57325520773839,8.55974472770694,8.2080316271844,8.8626007618693,9.047144959978,8.77667753582318,8.73722404994446,8.70950569205801,8.94891572058249,8.95239950006269,9.15067071702269,8.79260589283966,8.67129699717625,8.82604694617009,9.05370500218436
202,9.79372560400499,11.2637849846462,11.2061396516391,11.1195537238296,11.1561746525227,11.4121813849867,inf,inf,inf,inf,inf,inf,5.15058482543467,4.97355528743959,5.26068138822195,5.48804000676624,5.15803196888304,4.99643033808381,2.19100786157507,2.37331022901155,2.38514930338906,1.99626869576097,1.94374844870486,14.7584893761356,14.829906388864,15.0789840142071,14.5933898748095,14.7681836877786,16.4563477425465,16.7559310748939,16.6375364355675,16.2634962244283,16.3741997511175,16.6450201330475,17.700821183594,17.8785852468379,17.7926647719881,17.7365630678438,17.5843326386519,16.5766939975191,16.6846201340039,16.4610946607766,16.235731029779,16.2975473938913,16.6939654058033,16.8462955833858,16.7048021351036,16.5527710562476,16.5324584430273,16.5894960038864,17.6060857863106,17.4960165452922,17.5322673275171,17.7372581094495,17.692014723568,17.569863648715,17.0607451136262,17.188482826842,16.9232162430449,16.8964848006,17.2661149055796,13.9300098287173,14.028680637837,13.883137285718,13.7715897420587,13.8314163908313,13.9267884398921,9.40180288456368,9.21768009202157,9.70320599382931,9.38120722352093,9.30193471181245,10.4998919951095,10.5613915640426,10.5318504296518,10.3905998060767,10.3127561976527,6.75409227190278,6.76524256783475,6.6324031888073,6.62144216131223,6.59997502137512,8.3915991519463,8.18161689198769,8.26364419742041,8.53594794751467,8.52375156220425,8.17708406451602,8.84095584760503,9.19129541353367,8.88129932517417,8.6911694543156,8.71152850836559,9.05618438342061,8.93032462334824,9.1309760963,8.91159229482829,8.91783298460584,8.93477200209957,9.06157041887818
203,9.88935881856466,11.3639888531481,11.3091951774754,11.2227036004688,11.2451899297398,11.536486053186,inf,inf,inf,inf,inf,inf,5.15426275882028,5.07349641777543,5.36375863533586,5.4039024193114,5.24066196150121,5.08780690789489,2.29054561165162,2.47585247731089,2.32821529581495,2.06175123003928,2.03006662418225,15.0094185606674,14.9250268962257,15.0383122958743,14.6776375866981,14.7660962316134,16.6858608363945,16.8432132604771,16.7522079987032,16.3648005091279,16.4926061256555,16.738239663432,17.7944595165386,17.9757126187908,17.8736819868229,17.6877350517899,17.6855848072142,16.4718407271945,16.6319470592735,16.5629295594038,16.2354163897627,16.3769647185843,16.7200466345332,16.9485200534139,16.8029523486148,16.7145516541849,16.5472735473324,16.6380625812274,17.7707203410122,17.5891747034039,17.6123544898094,17.8308512516268,17.9484174920319,17.6677849364785,17.1917506054642,17.2716640382731,17.0142860293345,16.9674132629211,17.3292758797277,14.0155521823333,14.1018630418679,13.944657462625,13.849697259384,13.9270900002256,14.0213282529695,9.62460637868225,9.27454967828126,9.72365423793859,9.45244809256016,9.33583700445093,10.5551656781342,10.7081416165674,10.5929897400023,10.4404841392812,10.4657398077902,6.85668739878328,6.86836190468767,6.735654046752,6.72181234371698,6.70256804458078,8.47984010521826,8.44606906783086,8.36200414457279,8.63173599965661,8.60003893688963,8.45521954162199,8.93993061710034,9.27098007861666,8.97150794507989,8.78388884698847,8.8144028055303,9.14602095252153,9.02979208155676,9.2300140712916,8.99682167774879,8.83998188216088,9.02248140154354,9.2495696895265
204,9.97717355591631,11.5149456511022,11.4207632938715,11.3444543194003,11.1795400760255,11.6514162887941,inf,inf,inf,inf,inf,inf,5.48999489274174,5.13110905164321,5.39878315009343,5.51570199026955,5.43794567015037,5.31125854171085,2.36123976395008,2.51778848073314,2.53026091037651,2.37905648100038,2.24172056273146,15.043994038635,15.0140174844841,15.2307204564343,14.8706219873574,15.1048537581551,16.7360034030843,16.877641214174,16.6281344600889,16.5110396859984,16.3990823789307,16.8287839076764,17.883303668616,18.0586908254671,18.1329669223619,17.8113719966381,17.7419554613243,16.6941680614975,16.830051349667,16.6112943446932,16.5893084341366,16.572343375687,16.8555439673463,16.9979683725079,16.8830715127274,16.7147994230047,16.7358284640671,16.9116292125152,17.6438710890272,17.5320892731121,17.5140010608653,17.9212147577351,17.8481155119658,17.6274643187801,17.049925837094,17.1935629422819,16.9453011115986,16.8550824455558,17.2121667204582,14.0049379883109,13.9933136773723,13.8292312994323,13.8915790059436,14.0061851272384,14.1343289361512,9.29242349176064,9.12762795869609,9.5403318298406,9.36346861123932,9.16110948883942,10.5181578635793,10.5339229706754,10.5391831088134,10.4214833859161,10.4888049954754,6.89701467325456,6.8723990628675,6.7487870717168,6.78525902329342,6.74893038737241,8.58346670298801,8.52985572483809,8.43449649046851,8.60388742920829,8.51188407616568,8.51659642331178,8.99765480511984,9.18394167167279,8.9104258879338,8.86958422612268,8.84336555845653,9.24024555136697,9.09309469864576,9.29151389261397,9.10769498993274,8.90719731982141,8.96469090255373,9.19237669406473
205,9.99455727407078,11.4080787655916,11.5151013628546,11.4398869350443,11.2598635870861,11.7471803487915,inf,inf,inf,inf,inf,inf,5.34935789891691,5.16737499142761,5.44391910954252,5.52090967747936,5.48283054065563,5.37076242573881,2.38771885877666,2.55966052833456,2.45072814515919,2.24848794120167,2.14731870378389,15.0871292850835,15.0309316308215,15.164713566036,14.9144932272584,14.9561658561561,16.8336767291749,16.9754050138317,16.7220718167879,16.6098340623997,16.6173797608837,16.8467343027658,17.9023731556794,18.0766423112758,18.0751638135513,17.810199645827,17.7760273482642,16.5848373578202,16.7545965273261,16.6502782042522,16.3654079495981,16.6087936743681,16.8902977947236,17.0342796059369,16.9033931508907,16.7484211602526,16.6795070284856,16.9687292292782,17.8975946136189,17.6110579755139,17.6045043574776,17.939134492802,17.8813416088118,17.7018621246777,17.1466750940661,17.2768497797808,17.0282616238091,16.9498938669289,17.3081748898313,14.1006004010356,14.084946919746,13.9202602360986,13.9889667670157,14.0311642212604,14.2317021842006,9.51308200302163,9.22482911108108,9.63028198057145,9.45618210947729,9.25523092640582,10.6027476941565,10.6265997331164,10.6263860915683,10.5019817569807,10.3868550709999,6.93943743751351,6.93001704696435,6.80138604091482,6.8158236998977,6.78705703239446,8.59498551729748,8.37895878904584,8.4613478755316,8.73556540494992,8.54292232723306,8.37562561068011,9.23753278469543,9.23222743678599,8.97022586223024,8.89321312711117,8.89431552576915,9.25943552837073,9.12555121852086,9.51674247459869,9.1150589827738,8.93567788678671,9.01522716082729,9.36949931116106
206,9.50729741235099,11.022561306661,10.9579998467935,10.8712700674031,10.9071940986569,11.1759068833162,inf,inf,inf,inf,inf,inf,4.99399431829455,4.8010020517927,5.06384052089624,5.28201114618111,5.10352909406899,4.96825804299815,2.19367805138914,2.18294842674,2.19334870660679,1.97969075942107,1.8548958818428,14.7081094234819,14.8274297180752,14.8967324153426,14.5461621305974,14.6110804445633,16.2144955164329,16.4077141820259,16.4035370504515,16.0243980831283,16.1338302285735,16.3877055306213,17.6802045377361,17.722962296149,17.7339392797469,17.550769237861,17.5923526754917,16.3594005960246,16.4952466721051,16.2802128414366,16.0769757377458,16.2355849864312,16.519772794323,16.6525588052816,16.5682164773647,16.3954649230976,16.3676919630564,16.6344459228459,17.3583317197594,17.2504443326342,17.3116604712497,17.5354388379596,17.4477417178137,17.3210281135555,16.8368919964887,16.9297783993774,16.6813943580369,16.7002695351458,16.9908702076717,13.6072698794437,13.7631082390387,13.6038562877131,13.431499317356,13.5409612383398,13.7862088383007,9.23966057232376,9.04869694308169,9.35576049061396,9.17957692511507,8.97681024542156,10.2117649315504,10.3504105019236,10.2517519837606,10.0958536796401,10.1083212564101,6.56005001808923,6.53748897085954,6.38320912275189,6.35012155332012,6.33919955029736,8.08251657877989,8.01787120826851,7.9883127584319,8.39104039667904,8.17919689194501,8.02091320411763,8.67189279974709,8.85184048551247,8.75953431589378,8.39043374350884,8.51004205420586,8.74788005324756,8.65614155911413,8.95962736990323,8.5935250995674,8.47069893903983,8.61936885616401,8.85285855610186
301,5.40238730896007,8.35310392555795,8.24380619585052,8.05249088791695,8.22171357937706,8.38256965169131,5.36065374450021,5.14795641032034,5.15100033055987,5.48861503096249,5.34834511455259,4.99213138411362,inf,inf,inf,inf,inf,inf,2.95918753437661,2.81657179023725,2.79970295924941,3.10101131634946,3.10169562615254,9.62428092893303,9.69653445364803,9.94047786676342,9.57850809735329,9.61999445600769,11.8492978345327,12.036735560144,11.9496524759932,11.7081771971144,11.8210273918283,11.9653567014838,12.733818359109,12.9990120761944,12.7542168539866,12.5811330706764,12.6984444250119,11.2301830399965,11.5335470943715,11.1983437530023,11.085960637265,11.2571771693899,11.5403847236109,11.5798377067906,11.5537189629316,11.3986040641354,11.4089053840561,11.4395356344704,12.937421451569,12.8388101282723,12.7697714126571,13.0663001790558,13.0964021857298,12.9431456705729,15.700926564289,15.8668843628042,15.6469330393641,15.5050196174827,15.8589524807934,11.1419347253734,11.1453188831712,10.9872092988917,10.9875668357303,11.2308454121947,11.2566677046271,8.08299850948625,7.88461636253825,8.2342932356541,7.98856830040952,7.9133244063013,11.2195777046082,11.1005427148028,11.1232559936097,11.1059303105768,11.1312519472021,5.12243046565404,5.25259397139873,5.19847954051472,5.19764656261339,5.23685437770418,3.67288940188116,3.57497601001772,3.61454618038142,3.93638199481892,3.73882467461334,3.57141047013077,4.33013568716716,4.47797793344471,4.21408862012901,3.99740719609159,4.11408821594288,4.52239548266061,4.52875643253364,4.53289641495326,4.30511469888594,4.14094307891334,4.36115391809895,4.57413431209359
302,5.41709853411598,8.27192201093447,8.16273701130614,8.11279102203321,8.30851128849482,8.34493996745972,4.99159270103242,4.9711202827787,5.07102934917977,5.12978954532462,5.16475872901537,4.79946505719085,inf,inf,inf,inf,inf,inf,2.69147697416975,2.61347851712634,2.60684834319348,2.92757312365539,2.90595598936345,9.92766781201181,10.0458707890719,10.1108857977367,9.66469956614899,9.80505914130052,12.027596377758,12.3787655299501,12.0176984065556,11.8997582489427,11.8481410238935,12.2559640809068,13.0206386287068,13.1853118057853,12.9323130955178,12.7525798549985,12.8798954080872,11.5763733395167,11.7016550314311,11.4806091293235,11.2701044416031,11.4358880103653,11.652206057512,11.8636105842526,11.9219511228461,11.5859340130712,11.575784535946,11.6327988487393,13.10992023961,13.0210363714276,12.9291077719112,13.2161209195561,13.2777415521565,13.1248942984972,15.7164903605223,15.7505657960448,15.5280660420105,15.6388267440736,15.8435833753508,11.285252739282,11.0781050502036,10.8856546147484,11.0758535603934,11.2793696071265,11.3475398958712,7.98171303486932,7.79496383645595,8.1154460385745,8.10486609402426,7.8928539196705,11.004493411261,10.9133877616115,11.0331838994215,11.0873605391775,11.0818107005845,5.20431074851044,5.2039225722778,5.11149586705814,5.14283179381539,5.20243408568894,4.00335241642978,3.75858359513977,3.85100357773718,4.12599256825262,3.85892453165709,3.75798267530813,4.39444585311482,4.57438168054399,4.34408557409623,4.20019457637631,4.37913847143003,4.57134567185926,4.51486397814804,4.71401169893597,4.37284888516451,4.40820102373838,4.55734580589358,4.62331277902941
303,5.72367327126661,8.54088924763489,8.43031017295403,8.39484343881651,8.42283477854233,8.58340226713794,5.26080260472274,5.25873721026114,5.36173163619181,5.39821818221944,5.44190249483334,5.06294964729306,inf,inf,inf,inf,inf,inf,2.95090960026429,2.8848273663725,2.87057017757239,3.06896386945138,3.1345045181145,9.65318163218275,9.63352993345829,9.84149949583359,9.48045247570035,9.70590994469442,11.9546746252383,12.2132583642269,12.0096755618578,11.7805843552999,11.8561639925884,12.2776026060581,13.0364248630968,13.0857188771452,12.9396113352061,12.7561520635901,12.8899372971535,11.2907887439298,11.4310792278779,11.2143886300024,11.180353403577,11.1693703230928,11.4561269935417,11.59717407814,11.4890814780264,11.4791152777546,11.3052547332949,11.5028352587176,13.0621870803071,12.9511093854195,12.9278075591363,13.364343309332,13.1944478709278,13.0482108957463,15.8758645968684,15.9903103500959,15.7805187834068,15.6850290394229,16.1190319466674,11.3270005070625,11.3173893810116,11.1541691022162,11.2126474879847,11.4363672817261,11.4554917267367,8.2257529982379,8.06908499265596,8.3839323812264,8.17271104698515,8.04529450109651,11.2876263663711,11.3000483373536,11.3075443303321,11.1928336243785,11.3287405293007,5.32180371330372,5.44826667659111,5.38060977645051,5.22442057594483,5.2785678109266,3.84215670126507,3.66634642460311,3.86738318207537,4.01570462324918,3.93877955494158,3.65421937103399,4.53339320795534,4.61599132778511,4.39864695786005,4.16222579685263,4.26718734285358,4.6865426387449,4.5293535940911,4.63777535544421,4.55333394148169,4.34601005888725,4.39437918759869,4.62165122651547
304,5.49330407068184,8.317220159348,8.40493659919052,8.15878005165087,8.21863605670658,8.51108885334193,5.4834901237474,5.48698102297304,5.4077987130186,5.5198068531501,5.52477124169509,5.28249388767476,inf,inf,inf,inf,inf,inf,3.13138982334365,3.01051815108021,3.08650233955689,3.26465994596045,3.3770668637921,9.44251454983861,9.54067520585251,9.63356750014893,9.45843260182737,9.47910007916169,11.8325272850917,11.9201456430753,11.7864383067287,11.7334421616817,11.6424137441164,11.8996666509512,12.6632938978427,13.0029682741036,12.6249127232672,12.5460012764544,12.5582800901797,11.0709063872293,11.2212436524458,11.0138977209768,10.8084209281152,11.1316033079429,11.410236850857,11.3945429243967,11.4062870025127,11.2533727536171,11.0889483542234,11.1952655196272,12.8364571303029,12.7240135185658,12.728191544581,13.0002288008909,12.9633358618314,12.8182837992991,15.6912453972653,15.8156230867843,15.5677343554759,15.5204876973606,15.8527672152946,11.1312235333459,11.1144393053498,10.9498848475278,11.1814647712021,11.3354384007743,11.3145865991215,8.01919342096043,7.95301635598954,8.18634732941412,8.01251814286205,7.80468976012798,11.3321276566699,11.2458709383437,11.3600704332653,11.2256148081255,11.4099752948557,5.26516514967359,5.40119118707759,5.37095458406674,5.28757662845401,5.33599543738324,3.57650424757227,3.44237996112992,3.56823221538587,3.95440246948397,3.60160198721436,3.43073488308318,4.11859578440118,4.49806245805545,4.23504867207203,3.93240130414764,4.06439069080263,4.27731443424283,4.3344255150545,4.52261602432711,4.141346540604,3.99454544364599,4.1783223055508,4.40182953649119
305,5.26223650930944,8.08512133865558,7.97596606123976,7.92421443343609,8.00464738709187,8.27434327382619,5.30053180181954,5.1551301581598,5.23797014169602,5.43818504815472,5.48189727945327,5.10199527721758,inf,inf,inf,inf,inf,inf,3.09128475971775,2.91874466710305,2.90958857174705,3.23775542760096,3.20304194416471,9.61693265622764,9.5882831532494,9.80192014358783,9.44390601212254,9.50588758128192,11.7217068633388,11.8983025361035,11.8531061223125,11.4645435473555,11.7417542689252,11.8134278241386,12.5811164059856,12.7708529094763,12.6253828041286,12.4433678022873,12.5747162055142,11.1341609071326,11.3916933245353,11.1721778274437,10.9705821772831,11.1294602174014,11.4136301966936,11.5556528697043,11.441130805691,11.2893523121524,11.2653178831435,11.4623724261855,12.8019112405067,12.6285096595771,12.6172007288429,12.9080899905541,12.9742288130957,12.7281211882976,15.5323089707413,15.7047645148146,15.2742295046242,15.2799160712138,15.6891554454368,10.9721483858349,10.9771607244084,10.8220846150734,10.8199764155359,11.0445017768179,11.084285011629,7.93238066969942,7.60859103683453,8.07219844885936,7.76946015782395,7.57852876798388,11.0908123827516,11.1406961138195,11.1209019555202,10.9826174119215,11.0284293021737,5.17463170979951,5.28809711017184,5.1986250816778,5.0528461291457,5.09801940629096,3.52765462700894,3.45782310419903,3.45076782600332,3.69917237382524,3.61909311458222,3.46140836836363,4.1743548145978,4.30883285770243,4.02128819237567,3.84614154302552,3.9601617898696,4.36615284125143,4.21062633734104,4.41179281883737,4.14237427318524,4.02464313517524,4.07938853224191,4.48676292332046
306,5.62121249164603,8.44445659783489,8.33435344404355,8.28836270748518,8.48453889754516,8.50621366283981,5.04795078638334,4.99858736276313,5.09004041987381,5.31096039716439,5.36872723372676,4.9648761415152,inf,inf,inf,inf,inf,inf,2.82283755972086,2.74864899267967,2.67999418398719,2.95104240747234,2.99968155042262,9.7566944342965,9.85353343737221,10.1204152254462,9.58786280361176,9.78296156040782,12.0225576333343,12.3151501740336,12.1022157190861,11.8645571815002,11.8653777788279,12.2132604944102,12.9771619208007,13.1616798528682,13.0526839910203,12.7571744892731,13.0043002532116,11.3826365238494,11.7143484826576,11.3242931545935,11.2536420213097,11.2845004648442,11.5701426830935,11.7067374459999,11.6125115190857,11.5615413257381,11.4050376106859,11.5915539042066,13.1170665846226,13.0124326371383,12.9569063285981,13.3016901775142,13.2670188763633,13.1153115073623,15.8876272919773,15.9070355465054,15.7025053704881,15.691736857536,16.0178869566111,11.3312735342223,11.344912661616,11.202886908522,11.1704582343735,11.3936285867981,11.4364282743417,8.26533559426411,7.9690820175022,8.29099113678102,8.1720310368435,8.09055818478261,11.1814508587657,11.2198734071439,11.2078005024148,11.0784538633752,11.2460757617298,5.24944906373363,5.36580538782602,5.28228368768462,5.13232038872368,5.18057509606462,3.93834403575403,3.74087031864052,3.98836104550422,4.09501595363748,4.05883679523628,3.73334630577747,4.50335694018284,4.73019747854889,4.40254565752188,4.31544407481196,4.30029490173439,4.60667542186637,4.50676534902523,4.70485212431155,4.46131671998162,4.46772736814673,4.49625397107425,4.71994604218893
401,7.88186883793758,9.35933319659828,9.25704183229595,9.17445300171364,9.13398315456517,9.51271682220966,2.2239227713681,2.19044903585293,2.2898871630607,2.36092575986168,2.38714278225485,2.19288281866142,2.96045336642499,2.69192050761982,2.95079984603324,3.1310836197079,3.09243561339338,2.82223595776135,inf,inf,inf,inf,inf,12.7059840995544,12.6509959231278,12.7831984030448,12.5330121178959,12.5787355101877,14.5263440379082,14.7152954305541,14.6293603507727,14.2976261687426,14.5017988402395,14.7343881615854,15.5150964357861,15.6896034092116,15.6672757757539,15.4205298945185,15.3887404945747,14.1909853734291,14.359015330832,14.2624917688546,14.0436162086792,14.2151275974251,14.4938562927171,14.6378058033078,14.5075427272651,14.3525418712786,14.3665739333674,14.5681203883127,15.6122968862901,15.5091019647322,15.4228159345565,15.7539931978373,15.774649384627,15.6150734743022,16.5231581611864,16.6695241047736,16.4360335829945,16.3309758175281,16.6855704115104,11.9569667753176,11.9484569855914,11.7847662843746,11.8277371978541,12.0546092576131,12.0818761035578,8.84120536744121,8.65158977589138,8.97272357575177,8.97148668644197,8.60575127648749,9.93656446048417,9.97519207322736,9.96417393960508,9.83077072006585,9.88048831043986,5.92932524677695,6.21039003897805,5.96558761972688,5.81571851108162,5.86400424319296,6.36843714323577,6.26557302490082,6.35137333413583,6.55044267657415,6.42942609183263,6.26239637633945,7.11620398720109,7.10707873844645,6.85302588940217,6.77383975096369,6.93172558863086,7.1433141912655,7.00537520268787,7.39793556584586,6.99338427489177,6.81554384475127,6.89308240982061,7.25432814006102
402,7.74074486781151,9.09545902133273,9.07310396382352,8.99466364073702,8.93670383618786,9.2544621415977,2.37966275093876,2.37251984483622,2.4749603513507,2.5174126885332,2.55886036845315,2.18319167393022,2.8181792976112,2.6143339670262,2.88554897498249,3.01108262790357,2.92002671861306,2.74891137776238,inf,inf,inf,inf,inf,12.5302705730635,12.5080131000918,12.7178998707822,12.357162945877,12.5890712998223,14.284327547424,14.5352951364194,14.3329346599398,14.1066479295199,14.1727650145734,14.5918943934415,15.371678075346,15.55264959707,15.6689925729635,15.366551917823,15.2259879040586,14.1746460574638,14.3123926652394,14.0948081587897,14.0692643968165,14.0477243296946,14.327527248336,14.4690890375475,14.359512742307,14.360331004515,14.0883753238273,14.3794467831651,15.433436854165,15.3492297027027,15.2493487372925,15.5567728383633,15.5199718234722,15.4523406379136,16.3318970807337,16.472166200222,16.2259327043618,16.1450762330636,16.5021977545567,11.7744915978889,11.7569502763359,11.5911516184367,11.6300194833928,11.8982421370333,11.9086319938135,8.59986077188027,8.42815997657143,8.86773220245446,8.68369907651716,8.47906067523608,9.84958572832867,9.85116644674118,9.86660058636981,9.75904939841839,9.60660111267857,5.79749352364988,5.92696842245471,5.86622713504555,5.70874399790728,5.76476596802975,6.35368410608823,6.01145580304093,6.19976737552272,6.47399055806654,6.27229913666196,5.99814739436195,6.75564007846143,6.93695844778104,6.67055819620105,6.63266056596264,6.59870082289054,7.01194231707431,6.84663382840151,7.04402339470827,6.87032544142883,6.66281468668519,6.71417185283759,6.94173695338268
403,7.86326949268584,9.36776503997912,9.33776268267927,9.2161637727707,9.23561295739431,9.52472127617086,2.39290464563907,2.38513945352918,2.32931430913653,2.5303054266048,2.45183149733472,2.19459671032961,2.80160302929703,2.60868521915093,2.8711273886401,3.08758126182493,2.91081242111141,2.68013930253022,inf,inf,inf,inf,inf,12.5222759220268,12.6223553464894,12.7114556928862,12.3415813389677,12.4180046207561,14.62520141825,14.7982081841389,14.5989440880437,14.5154487461147,14.4386521357723,14.7050345612916,15.4803156805182,15.6953912682082,15.5366372685464,15.3531847152107,15.3873777430627,14.1604137411407,14.2997765246563,14.0854224351221,13.881414700326,14.0398828703065,14.5066581470173,14.4549600345177,14.4932970882122,14.1911810391311,14.1623179395247,14.2459598368418,15.6851787651792,15.5732547691152,15.6079115033507,15.8578257727268,15.7911220371905,15.6558316611182,16.6714180460294,16.7776433422407,16.5272617945707,16.5049408492436,16.830094791079,12.103878531438,12.0805408660838,11.9177753947858,12.0012291311907,12.3418129642688,12.3129432731,9.03737047778238,8.84766255426215,9.16352606585577,9.15410075286253,8.96507384982797,10.0383277987931,10.329940151851,10.1581487805138,9.92185383125905,9.92159180372251,6.2699589487541,6.41833268533924,6.29456042093772,6.00701431798719,6.0572459122945,6.44036575848146,6.37718125082551,6.34183597174177,6.74622195297116,6.43174356463067,6.38011798170586,7.03180233986728,7.21151257060454,7.11734571664115,6.7489409865378,6.8689304111324,7.10557295419422,7.12223329038739,7.31550701377899,6.94389781165417,6.81451792991153,6.98064716165172,7.20678734307901
404,8.02117732903316,9.49998360268528,9.514197522783,9.32152888405875,9.31395100210116,9.65629694320251,2.24661043664743,1.99584962952222,2.06132121940591,2.37719463897745,2.24802180827204,1.98020258968876,3.1021618070848,2.9288402224191,3.06831473564143,3.26396074316256,3.23882636260233,2.94990122490665,inf,inf,inf,inf,inf,12.7167629600462,12.7902571535698,12.9075721007891,12.6798538742506,12.7218020495107,14.6725114407131,14.9988699324872,14.7647055253772,14.523824787074,14.6280169334673,14.7966453574962,15.6544736680121,15.8320419912968,15.7623700553246,15.5853302933765,15.5330498593007,14.3264085288475,14.6445768094662,14.2881546629155,14.1875931091772,14.3609816129662,14.6392716912323,14.6609280338874,14.6488040616893,14.4936629767874,14.5139303935248,14.5261894278464,15.7595996996481,15.656860709428,15.6009800478866,15.8971853166508,15.919643428288,15.7669694936487,16.651546746894,16.8106925645711,16.582889356988,16.4569490236103,16.8117463380313,12.0818876244491,12.08125842911,11.9205249514747,11.9338766108141,12.1900209321602,12.2063147418779,8.89154473831251,8.72109482800561,9.04324906833836,8.98147333365021,8.77594214615104,9.98683493466247,10.1487555143895,10.1754100254264,9.87412688120113,9.90312170174996,6.09200333675471,6.22372087953956,6.17325547756839,5.88475494191253,5.925813797908,6.51562072306502,6.40959709721911,6.49313771033617,6.76098069930253,6.57314924147553,6.40429533834,7.06192584181526,7.25338365417492,7.10288119877776,6.83998987273738,7.05702239670608,7.27865910043739,7.33367438643596,7.35505349918382,7.02267766733694,6.95811354636811,7.16902699325975,7.38517230852511
405,7.87916564990695,9.35395712562471,9.34822825678072,9.27448020768359,9.17486695434603,9.64671840698961,2.00679615407557,1.94334554586192,2.02970434196368,2.24139904467657,2.14692724943901,1.85514732124927,3.10321805952898,2.90743395810035,3.13530968015849,3.3780960127468,3.20423300093609,3.00001876845248,inf,inf,inf,inf,inf,12.8113527148992,12.9136682632866,12.9997047076734,12.6397134307802,12.716992153754,14.6455609274474,14.8146283971086,14.785607252772,14.371517666923,14.4561687945482,14.7201007171237,15.7055459400105,15.8342696302205,15.8655839798454,15.7239178496605,15.5118414327123,14.348116436481,14.5921063686704,14.5662921214577,14.1809612935814,14.3334678472896,14.6132203002399,14.7534398820681,14.646023446883,14.4962569375017,14.4567644250761,14.6488729429223,15.726063915595,15.5212002437252,15.5313564366252,15.8119566461622,15.9017859127634,15.7544156669855,16.5220432037999,16.4629827408613,16.2249479713353,16.3091665315946,16.6671193516441,11.933861475541,11.9503444898707,11.8074494302866,11.7643627522418,11.9780471335734,12.0307916785407,8.6840588233392,8.49825474542898,8.84015718043532,8.66867175430268,8.56819043699777,9.77924924260845,9.84911188260763,9.81422804573261,9.66648292612475,9.69892802144154,5.88592787662093,6.02218521998499,5.81776119679243,5.68160627664553,5.72030544831398,6.45463547872204,6.40003283304265,6.35729712324539,6.61797921291696,6.55896402435761,6.4057691556634,7.0478578351837,7.22228446776423,6.94681683450233,6.7650896168484,6.82431287088269,7.11239240711649,7.02529586455246,7.33947826823865,6.96678975970034,6.94940645008504,6.99376369680166,7.2221677956387
501,7.92654595266732,10.4662597939978,10.3557589064227,10.3219030010645,10.6206470399939,10.5066909285806,14.9219152574248,14.7570059620015,15.0270915710615,15.0588117786103,15.1047188911818,14.7224787600342,9.62447565562638,9.92809329235133,9.65566798866247,9.44480663168904,9.61424007964618,9.75984408631553,12.7099285700228,12.5343777466758,12.5221511012642,12.715464859089,12.815833640279,inf,inf,inf,inf,inf,6.13997163612535,6.37621499243678,5.98472465418283,6.00885322506589,6.08459627920241,6.33038190456022,4.76460634147488,4.80292807548286,4.66417980285481,4.41432260370402,4.61509098155383,1.9418196788331,1.99976112194425,1.78863044939998,1.94273713581544,2.06973533139112,2.80818302301409,2.77496138517813,2.89516943590561,2.88411858679428,2.76170823441466,2.63426472164331,7.67303698635116,7.58108597056303,7.66508868161079,7.9400542793627,7.72563903951615,7.61909694794449,19.6972132610618,19.5598670348144,19.5207959755145,19.5708980632635,19.6904754362393,11.9473215574615,11.8890438233214,11.9142477798259,12.0314163632367,12.2569602978152,12.0868167863634,12.4163572204305,12.2350790539169,12.5109109697985,12.5875641697774,12.4228520737712,16.5180806163893,16.5272378478049,16.5369798799528,16.4249909009334,16.4980748346587,11.7188142628639,11.769450942554,11.8733202210378,11.8421132867469,11.8687172236713,6.6104469925864,6.60445066956145,6.91641736431622,6.56374203132085,6.45305454222502,6.59809879204161,6.76872365568115,6.68953789231446,6.69732423034892,7.06596951881581,7.02957872730266,6.98252253887913,7.34235418569392,7.02710816136714,7.22130321703842,7.53220559287988,7.46079515361142,7.23676535448499
502,8.11533813570671,10.8478733434781,10.549671329184,10.5091235316194,10.8220813326588,10.7254436165978,14.8927367330395,14.8469613750383,14.9421358537303,15.0283272913699,15.048010310493,14.8252907218098,9.6916565179884,10.0465120944229,9.63569968801188,9.53581101181975,9.58378265933905,9.85475562058887,12.6524973874288,12.509274154356,12.6288811968764,12.7919665293428,12.9228093858257,inf,inf,inf,inf,inf,6.34294321527076,6.56655262806663,6.32846898412456,6.11408586226113,6.40987190856619,6.53275166090998,4.77799069643303,5.1507493468802,4.72257546166603,4.67577238963263,4.66104707188014,2.08383505730716,2.24719285189591,1.955658068538,2.12756065633195,2.12568820641409,2.60611081175093,2.57930724732974,2.69363208658473,2.73384235498831,2.36915838492113,2.34100107513034,7.98272274592728,7.78429394559927,7.8660406781891,8.13561471089453,7.93038847455976,7.91733838369138,19.7682871978594,19.7578379348965,19.578492757529,19.7676103275381,19.8811523779459,12.1394280822706,12.0846883518854,11.9661901609275,12.2363274266175,12.4590568740254,12.4729817670056,12.5890380411154,12.3988359238213,12.7049274285036,12.7349179953346,12.5430237312368,16.8743408671456,16.7267250782105,16.7284829703199,16.6048384592923,16.7600656013856,11.7010526995193,11.7854024187349,11.8652265698892,11.7937358553123,11.8339836949584,6.74262264973184,6.85661401089037,6.85780320356144,6.5828931686452,6.52515770960402,6.8717527385617,7.00756798196641,6.81583560590792,6.69571487090734,6.97814069197642,7.02304309523614,6.89433927224123,7.29299830679315,7.26338711528513,7.32751374859484,7.47934189031613,7.4479428096935,7.33430511596952
503,8.02630126898265,10.6290166880637,10.5200059692167,10.4698398053704,10.6671272304167,10.7043993979037,15.1074337592414,15.0961436000849,15.0531167243387,15.245233796307,15.179590590846,14.9108651805942,9.94026352721376,10.1115711268418,9.84276195654816,9.63439331806504,9.80217047542793,10.1208261889649,12.7799499274214,12.7218982131136,12.7092965628569,12.9045488246589,13.0125640050392,inf,inf,inf,inf,inf,6.05467654352265,6.25671102304982,6.00435074067734,5.89510817249507,6.09086504699681,6.35691820826728,4.57513849210738,4.73187502585894,4.40570997644911,4.2691242821447,4.42405757614281,1.85254676628431,1.863601191728,1.68376679759076,1.71536418671367,1.87699552653525,2.80240635988834,2.76903123964312,2.84044531910047,2.70147734306276,2.42420960798297,2.45946688959477,7.66969489306463,7.60235286251489,7.71481987382546,7.83559433908241,7.64510237442584,7.60696679112388,19.7200481368995,19.7364993097155,19.5315088413574,19.6322344365698,19.777944456737,12.0292142820854,11.9621805880417,11.9251061007239,12.2251090591234,12.2685808652117,12.2506273433183,12.5501737163108,12.4001178041655,12.5971376674697,12.7409280875846,12.5982230079716,16.66541850507,16.5753217468599,16.6941052212378,16.5623080134268,16.6320991096141,11.9052778673892,11.9589041648934,12.2512787407169,12.1262405132313,12.053249909816,6.83501607055256,6.90722768330924,6.98766981107381,6.83143405564558,6.6401681587421,6.91617863555273,7.0658394122061,6.87639405111685,6.8869546042988,7.23435038875921,7.21776083657211,6.993910092958,7.52359661960358,7.32290527962447,7.41136822455158,7.60725965489348,7.64955207488264,7.42670275185199
504,7.93843579126572,10.4851912093177,10.3761454972121,10.323996813351,10.5104158269173,10.5221549999171,14.7484433322527,14.5918848431199,14.6761408310285,14.8854690891816,14.9321149047448,14.5426675514904,9.57503114683071,9.66532727789099,9.48266977196689,9.45558061943433,9.44091844091477,9.59074711974304,12.5368694834654,12.361181475758,12.350868538582,12.6837147329092,12.6441101304206,inf,inf,inf,inf,inf,6.31216867299982,6.38690405417769,6.13272320262512,6.02583839491334,6.42799863936465,6.47976178373568,4.78499198555324,4.97411138099451,4.83431300907795,4.65117620138493,4.78420020525835,2.24842613339701,2.22425968635644,1.94483097886108,2.08283465467269,2.23910090115386,2.77553157806007,2.77645032155033,2.86761642796704,2.87589660931212,2.68945887574985,2.60887726766242,7.80202720510207,7.72833691463601,7.71382293446046,7.97518523640362,7.82390411134055,7.73774135194923,19.5717120412124,19.6013827434047,19.6004222876934,19.6037775936271,19.7028653337315,11.9635450315311,11.9183979937736,11.7791836823401,11.9229979160299,12.1207688809707,12.1064303640453,12.3966827256868,12.1496682973608,12.5383177583687,12.5217452919329,12.3242260301508,16.5210347427598,16.5721620691441,16.5513570668145,16.4126596926364,16.4583740465974,11.5461494530632,11.604660077691,11.7027029568027,11.6690324434947,11.6954356917003,6.48601109120281,6.4504407106176,6.743859024235,6.48100730895775,6.31222524148095,6.44016253594596,6.61307820452468,6.51629374704527,6.52759355256708,6.7190978742575,6.85800468844781,6.62845974628681,7.16966189711933,6.96156996083092,7.04964510471786,7.35916036224394,7.28928855736127,7.25142325968345
505,7.74675538253311,10.2752372697871,10.1654091039886,10.139396273859,10.3532973627795,10.3101614671873,14.7963968974486,14.7670429244752,14.7667164128964,15.1117496439233,14.9714265322663,14.6075687066325,9.61907870834052,9.80514659279984,9.70702250730565,9.4800207868652,9.50557117574639,9.78485463531628,12.5778029994297,12.5997763613361,12.4164489876792,12.7208719957308,12.7166185712426,inf,inf,inf,inf,inf,5.94392434532467,6.19042789313941,5.78913856468303,5.81896678958693,6.02149779495589,6.12722158142605,4.60396280223954,4.75517647596637,4.51947849787733,4.42596287633069,4.42256548922418,1.80724170298007,1.90998230338878,1.68645627073715,1.76872771366334,1.92721390327602,3.03326919955153,2.97055688797099,3.09517448027939,2.97553993150943,2.8543576906979,2.83016066758886,7.59458813960321,7.54748953010076,7.46974932166422,7.74390068836123,7.52906675589355,7.52913128750902,19.5000295791161,19.5661939432686,19.1918852943698,19.3763031704783,19.6478828231762,11.9085431307465,11.8726395894216,11.7195144102568,11.8349809730255,11.9375331380816,11.8959515893632,12.2714758314494,12.1243143179274,12.3235950181638,12.465084342002,12.3632964363157,16.3342339296335,16.3304256645706,16.3478221537525,16.2528626041963,16.3424676512838,11.7729765067277,11.7849409561139,11.9070728541161,11.8573927884669,11.9148399492857,6.54787302203767,6.59269990830098,6.7819923073982,6.45275316108253,6.42915593528408,6.59543566294536,6.75501587524449,6.57410837477846,6.72962644051306,6.80935539717724,7.07763632358857,6.70731114313465,7.21200607809983,7.01264090036279,7.12006749279713,7.40109382881824,7.50145291577247,7.27535854586072
601,6.92952924332214,7.63924689762043,7.65364461273896,7.68791448177669,7.90363429393963,7.48195988884425,16.4132604952678,16.4619901659491,16.7020940246702,16.7277749658076,16.8240368844543,16.2219686848982,11.8548701358507,12.0342322698822,11.9592613446746,11.8379338916803,11.7278003524804,12.0278910549708,14.5385043131885,14.2865932055461,14.6379133788729,14.6847265496554,14.6583845098321,6.14062777479191,6.34300974267899,6.05494906325272,6.31294092321611,5.94455998448328,inf,inf,inf,inf,inf,inf,4.40154333022516,4.46762575162423,4.58123857616757,4.53456316422746,4.34653028959413,5.27820815063118,5.52505844475513,5.43124668314264,5.17242841113809,5.11378946749815,8.27012477562064,8.08976514568214,8.36302263808877,8.34427594789681,8.15276238584624,7.94981504275823,1.6538575127569,1.61056208687361,1.65859500415295,1.80095828847636,1.58500183189678,1.58828161040792,14.6105391073177,14.4956866945283,14.462990088943,14.6906147943518,14.6651737589986,6.91932149279266,6.8551895209174,6.78790841514668,6.96964498084798,7.09885124460787,7.0533932021015,10.6288019628009,10.5908023729114,10.5488392314247,10.9487082610742,10.699137446853,15.4694661101047,15.331954595699,15.4798657518092,15.3957334334475,15.4927048086492,10.9995822258959,10.9996074982054,10.9666498797408,10.9174871274224,10.9480197002124,8.13780685054572,8.30154955560905,8.19482112324402,7.94971779474829,8.20000128687971,8.32690120363196,7.61069387819261,7.42433097480555,7.60050707558938,7.80123072534036,7.67939845340455,7.54659474966355,7.71351868165409,7.31769759969539,7.68767497698002,7.71085661885921,7.65458111136853,7.42818703924277
602,7.12190781969952,7.80271626367737,7.70784054276621,7.72319607998515,7.93678730689713,7.66704772974146,16.8248188369043,16.7721843190422,16.8595148856939,16.8693681876342,16.9657268153826,16.4150802946305,12.0422503508459,12.3851877052407,12.2183223583067,11.9271696839112,11.9042589318787,12.3209590380941,14.7274346488903,14.5475482155273,14.811223553573,14.9960909678938,14.8274069078216,6.37699026486114,6.56730932140524,6.25668749573517,6.38756680393131,6.19106463792199,inf,inf,inf,inf,inf,inf,4.49457634599677,4.41644253162273,4.65669747136064,4.6551970252914,4.26011854241989,5.26859946040385,5.65885787229366,5.39864279727268,5.12649990315106,5.19873474528974,8.33538035457946,8.32765685057151,8.42664359446808,8.44206028803563,8.25783505339957,8.16582727579603,1.41326447384715,1.34537535584702,1.31867166134548,1.75631973920275,1.51895380250828,1.35006595527924,14.717676667723,14.5496034991185,14.5706291114683,14.5819817209134,14.6977372059807,6.93911623125693,6.86774457673337,6.88980042544532,7.05550931799588,7.1138854509951,7.0420185181788,10.799802112508,10.6383464769524,10.8638617786817,10.9792710213985,10.9543289527298,15.5018768088047,15.4157585880953,15.4904103637438,15.4720854170525,15.5860484815123,10.9775597232569,11.0267023028113,11.1306434616132,11.1048337527464,11.1287561869539,8.33085371579132,8.49068372817886,8.38595423414572,8.14368054279445,8.36858947155446,8.51201461390259,7.80821060081677,7.60312063726163,7.88210402036122,7.99596371502973,7.94099668812215,7.70998892718869,7.71032021763826,7.66562498705383,7.85744615584078,7.89887306801152,7.82214687181014,7.59752751800946
603,7.01710002905248,7.73732849680827,7.7288537977201,7.88281085290931,7.93373940476373,7.58947277005837,16.5351446363788,16.6287774652905,16.7423940031517,16.6211452707577,16.7119497353798,16.4004220168115,11.9568332153965,12.0252762744862,12.0154903006596,11.7947293114936,11.8609186428016,12.1090150086058,14.6421753569066,14.3350357672497,14.6077663519949,14.7775653846476,14.7990768282459,5.98531806280434,6.32925504165321,6.00500844194806,6.13341142528707,5.78970793401687,inf,inf,inf,inf,inf,inf,4.34846365894434,4.32754491502472,4.40259300599575,4.32433761523709,4.18274117843417,5.10970136702443,5.21981692973484,5.27093710738779,5.02948188993161,4.94079403024188,8.08641790634873,7.93232229063108,8.17926595939748,8.18084678904544,7.99464902838166,7.81259039563051,1.78151263144912,1.67247264518224,1.64477722960437,1.93355987949138,1.75548140486575,1.77300453158238,14.8021742615749,14.7116383417962,14.649794406403,14.8498068186172,14.8591956975533,7.11179251436421,7.04505998757424,6.98187435944058,7.16320752886704,7.36158270138266,7.24141134406913,10.8687300718987,10.879883463685,10.7608012049151,11.0350144789419,11.0297869186908,15.6644362381884,15.3993088909234,15.528647727307,15.5913671500269,15.6848928049081,11.0504001008319,11.0839955830435,11.1975087548229,11.0298047594376,11.0750087293078,8.17049622687023,8.28555079491972,8.29581014660923,7.93911272490832,8.13963767833172,8.3021143183275,7.60820794188569,7.54880524868293,7.67298543934271,7.85793848045612,7.73483569032688,7.49718398947767,7.51136529706944,7.31542736235191,7.65344272775965,7.81622443618182,7.61519409426118,7.38775222800629
604,6.98566401663119,7.49613625633234,7.4923057002208,7.57103972370484,7.685918275628,7.34790286860964,16.2359917929206,16.2762842862679,16.3776271329152,16.5037150111682,16.6007348042985,16.0386496900463,11.7136340593626,11.9060441833888,11.7851860896447,11.7396174967656,11.4698290819259,11.8698512209714,14.3095177723036,14.1186143453417,14.5357350848712,14.5470081875624,14.3839877905361,6.00918850949777,6.11390385886293,5.89502449568235,6.026074717575,5.81928507163541,inf,inf,inf,inf,inf,inf,4.40932352935443,4.32602371613179,4.57049673329571,4.40218170731002,4.13647271326211,5.16733905348744,5.37764062151771,5.30454479267523,5.03423718154534,5.11277604071664,7.97289613049668,7.95969317880414,8.06366911505332,8.22917812785533,7.89715187409671,7.80216164599123,1.7756879454443,1.71088986215359,1.83018483593394,2.12612031580216,1.73832627018299,1.71205621543789,14.6580421275073,14.6965437274649,14.4571822992957,14.6369950876799,14.8551115543133,7.0349574834942,6.98539107358376,6.85733011524641,7.01816371180237,7.1999085593389,7.17756830435756,10.5200352429634,10.4477122130622,10.5183651830838,10.7953073061948,10.6378961288273,15.3431303431,15.1661615960981,15.2944061947309,15.4085996569676,15.531799498216,10.8228101961981,10.8445699934683,10.962122592346,10.9618738202213,10.9768162730949,7.94199605445703,8.10813099955524,7.97220202845244,7.75547362963367,7.99756199068721,8.13409646739359,7.47988496467561,7.16974582929884,7.43720225808698,7.61892017940023,7.50483871908682,7.2591637183008,7.38344007395724,7.18744143793008,7.41437153797883,7.47950705037243,7.38156590008367,7.32352690470333
605,6.60893490670068,7.46989203042544,7.30667656288562,7.58615101969778,7.64968227466029,7.31042804031872,16.3012442163743,16.3799223647809,16.5086821520472,16.4038374040862,16.6335975676329,16.1413936098849,11.8235971996973,11.8537725019835,11.8574151147963,11.6464556229921,11.7445787244842,11.8699124765438,14.515927913249,14.18727686191,14.4509432039298,14.6424262230375,14.4685598949406,6.08488372195363,6.41006894474328,6.09124510050004,6.42890111730557,6.02224972271799,inf,inf,inf,inf,inf,inf,4.59763493146461,4.52664791911311,4.76516409494663,4.6045553367297,4.49685788945213,5.47727938027223,5.57836222832507,5.64219303470381,5.2360611597854,5.30741285198837,8.17081524026085,8.030336955917,8.26316465006149,8.27759245865044,8.2440827218683,8.00124841948598,1.57946307933255,1.50982006080445,1.62073861405292,1.74700492457477,1.56049931049873,1.51731905206238,14.442957645784,14.3572142493272,14.2810848787771,14.4748352274364,14.7014521945539,6.7572862236306,6.69049167701543,6.62421505134003,6.81762327776978,6.99953101557701,6.98481640636036,10.4411119808579,10.4208780415987,10.3553886910048,10.6198206865498,10.5887485799703,15.3556801316626,14.976496742983,15.3029938587038,15.0957313444811,15.332294392271,10.6169465409851,10.6672741475643,10.7719622987801,10.6349776596716,10.7660068045545,8.07318267018493,8.25337888966944,8.04379134681883,7.88233267894755,8.09895406482063,8.28404508644245,7.43373804735187,7.24295039313553,7.52506830131377,7.60574127514568,7.58159775709549,7.35483517923158,7.3408399534948,7.14044412460392,7.4987778731106,7.69006644294522,7.46308450204247,7.23905877729889
606,6.85093768827294,7.67238729567004,7.57337584012432,7.58617045480992,7.79997947437466,7.59181945219666,16.7081768199892,16.6611842327704,16.7544809236823,16.8440356709635,16.8630378068383,16.3950422501508,11.9700896317336,12.2616727107016,12.279648204018,11.9039842303713,11.8184645717545,12.2183244868225,14.7490054907449,14.6062261377211,14.7177723163921,14.8084915987398,14.732463779327,6.33042063375916,6.5327843191997,6.3569568607165,6.48049631320807,6.1278225920046,inf,inf,inf,inf,inf,inf,4.5763693817632,4.52790003584539,4.74950042148343,4.72145821006722,4.46719988009488,5.4547364139907,5.71562946549965,5.61514496882075,5.24132483747255,5.28675232961008,8.43330554626488,8.27714318242918,8.41770735456495,8.52357349773529,8.33373314365822,8.27026898836966,1.32831031376259,1.25008993227277,1.34929749113505,1.63392153518794,1.40848656875854,1.26784888784898,14.5969432925487,14.4095554811444,14.2801654369357,14.5144175046262,14.5608821750659,6.80225241573956,6.73082502130397,6.73272010717949,6.92434282111933,6.97836577262575,6.91047387900148,10.6078285824597,10.5241614959125,10.594023563346,10.8698983872179,10.716854541967,15.3647809749575,15.2908089549736,15.3543716627401,15.3405995183227,15.4563288610523,10.7653658099993,10.9182037673223,11.034805375166,10.8583691789064,11.0510690238077,8.31387485085728,8.48623618774452,8.32702808321609,8.13250871599413,8.39324181760419,8.52922164660968,7.77796596992334,7.51924062784102,7.91040854812964,7.97178100894467,7.85470696820476,7.60865876261897,7.73598569421817,7.54271103558392,7.76249169208777,7.92175252858488,7.73026319331424,7.68744062788568
701,10.634742570467,11.4539071461376,11.3548700791483,11.3679482258519,11.581597974502,11.3784324275241,17.7401086641352,17.6941193127313,17.7878055490738,17.8761365356725,17.8957587423835,17.6732708211208,12.7318787948158,13.0193726518507,13.0373046724324,12.663350393147,12.5795209183128,12.977700418868,15.5086848844211,15.3650459544977,15.4787526253948,15.6483107943192,15.6991857099814,4.76494210445292,4.77821819952498,4.5754092191196,4.78514516262406,4.60410090642238,4.40176756836633,4.49487752720478,4.34843090776063,4.4095669875602,4.597849522164,4.57667138479079,inf,inf,inf,inf,inf,inf,2.58118962239939,2.79985489488762,2.84485078534911,2.55844476624998,5.78058449558931,5.62346919742342,5.76323054533141,5.87031204584192,5.68034770356284,5.6177654720096,5.63021712547094,5.5515815868421,5.65038231818043,5.66005464677502,5.4348787780518,5.56989707016739,19.1747971136176,18.9862921507891,18.8562413914378,19.0916480657819,19.1367036920256,11.3782800227767,11.3068659751577,11.3093184953036,11.5014462467812,11.554270122652,11.4863565600691,14.3914020823874,14.3091128661411,14.378903141598,14.6553822677914,14.5013783530668,19.1493924336594,19.075381830951,19.1387786459877,19.1262147621564,19.2420805892079,14.5484936411921,14.7031646472237,14.8205684584996,14.6422400766544,14.8380212071831,9.59166396231088,9.6947236418227,9.71178619645641,9.43670454213314,9.53770943921609,9.52740069271504,9.69332989049557,9.65620242330058,9.64579097517313,9.82770414135803,9.87272418234603,9.74440467408572,10.146222494814,9.95250568927931,10.1742826028927,10.332264848194,10.4160175476041,10.0964618101726
702,10.8143758527099,11.5086770072118,11.4398328205079,11.4870280576458,11.675811586195,11.4409249122299,17.9088274772919,17.8774622978141,17.9745203478354,18.0572231531586,18.0755864732589,17.72224550973,13.0000792123439,13.1874554881049,13.0884155223655,13.0061862392097,12.774640887974,13.1652003109694,15.688730005846,15.5519607036657,15.6990029564281,15.8311740431979,15.8340583429005,4.80309652372533,5.15111097461268,4.7321539661833,4.97428786550581,4.75539695985525,4.46782305986191,4.41682200160855,4.32770635182568,4.3262274860494,4.52682177765618,4.52828641237941,inf,inf,inf,inf,inf,inf,2.77214838822191,2.99073573629764,3.01390091450303,2.85359216867914,5.84973729859241,5.82834751905717,6.13045994593155,6.09058324399136,5.90010523910552,5.67736532325928,5.55206247062125,5.49426453350492,5.72013871727373,5.70999456103649,5.50447805950366,5.48751642309196,19.1296238055659,19.0951939758192,18.7897860736731,18.9868963679879,19.2653318724437,11.4923832890717,11.4310910855376,11.3586716623026,11.4585202912729,11.6383286783709,11.5493769593343,14.5411618334636,14.4844940015263,14.4798488554072,14.8366182893634,14.6695050325978,19.2641669188768,19.121314059512,19.2336469931324,19.276663375299,19.3919381183439,14.8748040976109,14.8853170364709,15.007551008048,15.0167994123033,15.0286121272778,9.6603301875931,9.69795270313902,9.88555674823567,9.61258462769858,9.53479374371027,9.70007156114076,9.85931894540232,9.68053469166396,9.83243740135275,10.0090071140751,10.1811558619297,9.81848258811591,10.316703419154,10.1178024336579,10.2289059148059,10.505532209437,10.6044769696002,10.2428028282531
703,10.8508716719176,11.6363305457193,11.53464683242,11.5364642087262,11.7637710125837,11.4052806514882,18.0797642530902,17.786086167042,17.8670907886562,18.1268565902291,18.0691606332432,17.727274840119,12.753466422456,12.93258043884,12.9404831662537,12.6258268921371,12.6251934553015,13.0542884353597,15.6608608487305,15.6628397858604,15.5353310188279,15.7561402117672,15.859414374625,4.66440690257959,4.72270929615834,4.405773229486,4.83454512627875,4.51961563455165,4.58149471219906,4.65703467237506,4.40283077776076,4.57078662307413,4.7653714611324,4.74983830752495,inf,inf,inf,inf,inf,inf,2.53798041659395,2.82696818369925,2.76555047959874,2.59615030445867,5.60420774288893,5.60643837447501,5.69633894983044,5.70478608478766,5.51873569394113,5.43788023791586,5.71380677104034,5.72318325239442,5.98212549331834,5.9695604404917,5.61384322179661,5.64889863806271,19.2933244001664,19.1516646460073,19.2008403926326,19.242378690364,19.3044698638881,11.551546557503,11.4807461109125,11.4665645062015,11.6431258889262,11.7313282872125,11.6682371929756,14.7332704318069,14.4083588187737,14.5938411680631,14.7471251067642,14.6931768403135,19.3192162097334,19.2588137820167,19.3160170303351,19.270652279365,19.3791919391541,14.7252024564145,14.9225923891788,14.8850987353556,14.8411320777835,14.8711636029888,9.65802940597951,9.72446779213745,9.91836050319353,9.53426847320613,9.56065643991515,9.73019223392061,9.88485655831275,9.69787222428055,9.71504364503212,9.90761385662115,10.0426644386518,9.81608251113897,10.3438173726675,10.1414460478367,10.2346830317698,10.5341580339262,10.473873074697,10.4194772344362
704,10.5320015908723,11.3886140057604,11.4112750124421,11.4115941371109,11.6257813589676,11.2296982627771,17.7412959650247,17.7294684491484,17.6810557170862,17.8043465546706,17.8036295289225,17.5440488770826,12.5796514729277,12.7520658533403,12.7570889463785,12.5466252856576,12.442378555307,12.7582736648791,15.4139912872873,15.367174116533,15.3515242095501,15.5788268597974,15.7176841872171,4.41438863804613,4.67605027315398,4.26917922822539,4.65137469093857,4.42612322528285,4.53486374715068,4.65556833226947,4.32437662532587,4.40248309573423,4.60481822104777,4.721834516288,inf,inf,inf,inf,inf,inf,2.40374312349294,2.61187078225497,2.58907809457022,2.41620997310831,5.67224932966162,5.4053896046693,5.60168378550249,5.73861896476679,5.546978364852,5.33464479960161,5.62862350580931,5.58007693944579,5.70491754557011,5.78117281898673,5.57140453596462,5.56333434059456,19.1238635099598,19.0110429519405,18.9787177679541,19.2153253200681,19.184357566881,11.4406957876845,11.3413531932796,11.3012646439206,11.4832972668497,11.6183430830806,11.5777946653394,14.3665296219826,14.3404412597831,14.2789521852438,14.7039560006611,14.4244800671,19.1962528918173,18.9064351301466,19.2101441146417,19.1184613659063,19.2147911493101,14.5426942346052,14.755771004713,14.6995652939394,14.5551532023161,14.6917865848539,9.47259099326442,9.54789770601667,9.61833052818339,9.47106540122859,9.38545057928939,9.55626906848354,9.70649139793637,9.51697399478077,9.71044443003879,9.72168027425419,9.8572969837911,9.63045193844992,10.0649048947325,9.96293714870677,10.0502269999616,10.3621241206831,10.2888436939078,10.064613203083
705,10.5160519265022,11.2667171830752,11.1736588828153,11.1889776761043,11.4030933299958,11.0090985685886,17.6021590450685,17.5832330850101,17.6844874217592,17.7403586821986,17.7749458509278,17.5914205674363,12.6994219576837,12.8806919575821,12.8912817671794,12.5608133123831,12.5762811747812,13.006374962987,15.3880529583198,15.2254873806391,15.3911671515977,15.5323729317724,15.5118004280372,4.61536536358674,4.66122049835542,4.42426307574649,4.78448173453313,4.42262585228968,4.34652331480981,4.26023999978383,4.18272570068013,4.13671353764985,4.4970428006899,4.46750199743622,inf,inf,inf,inf,inf,inf,2.59424041345979,2.77181783818387,2.71263949189232,2.49359280230291,5.77065151767268,5.74316547281811,5.85850096086123,5.89522487685925,5.80778776801274,5.5969404782318,5.53549220329782,5.44274177669613,5.52322558035008,5.51996956872766,5.21632455475866,5.4815835476548,18.9659017852869,18.8082725420641,18.7526815303023,18.7962799711765,18.9580624912649,11.199735671638,11.1283236829288,11.1379210149931,11.3100577413802,11.3778674719992,11.3011187230447,14.2333989261426,14.1884862711296,14.2590695254801,14.4231896747802,14.3650701542665,18.970607035035,18.8809607340747,18.9594374578828,18.9356808678855,19.0475549816334,14.4006268555816,14.4696201493766,14.5613830819317,14.5113971970645,14.544375488314,9.49592927989751,9.39513775382722,9.58634593685095,9.20990438983826,9.23119141871853,9.31372210194313,9.5554223775505,9.37050244411685,9.39232099105337,9.71999859853836,9.71910776881422,9.63940236643792,10.0145161448306,9.81400542159118,10.0819568475882,10.2047017990747,10.1509827300971,9.93585752471291
801,9.3968920443503,10.8258016482649,10.7598154909565,10.677612890554,11.029624820966,10.7431533732484,16.5650331747959,16.5806476741339,16.4726350205072,16.6986754860503,16.5857061556182,16.3631873531739,11.2308837509011,11.5806630333712,11.2906208754227,11.0693221957141,11.1355318068699,11.3833911809071,14.1910446742632,14.1731684487069,14.1580115063051,14.3264530301458,14.3487513782287,1.94179978408991,2.0838205717818,1.85252052101362,2.24843330456183,1.80720759388826,5.27788885109362,5.2683006681888,5.10943320954433,5.16737220289442,5.47673389174469,5.45452405586396,inf,inf,inf,inf,inf,inf,0.181131160943574,0.170443423068696,0.178205251974691,0.168523944465791,3.22689777860904,3.1096068317409,3.27679018820493,3.39333022185806,3.33034680552828,3.09350349281117,6.51120479521939,6.42959457595244,6.5311786028764,6.6857392364171,6.58627773848288,6.4531249886204,19.8926849932103,19.8111666870688,19.7356676678453,19.9343439255758,19.9563433071155,12.2108652060947,12.1454515609896,12.1336171218056,12.2654686323108,12.5835592128031,12.3428835444469,13.1704478196617,12.9896375079282,13.0616219564217,13.3359755062724,13.3325368182419,17.9806340116823,17.6436167365309,17.7569069753804,17.9039033395475,17.9948572742774,13.3523831117,13.3849609409694,13.4988472260104,13.333477922181,13.3790054852308,8.18282226853476,8.20780344168042,8.39505568673552,8.1159707031649,8.04749377101779,8.20643084485411,8.40052999980137,8.31659588640893,8.26224203240576,8.50729023531033,8.59394532606643,8.49994763110275,8.83608791262964,8.66076717850412,8.88135148270436,9.12766266803884,9.00530469787272,8.83571272292218
802,9.56543333085611,11.0193404295768,10.9783154709494,10.9591642039383,11.1026271258749,10.9202191629954,16.6959352725936,16.6874252065742,16.6286353851067,16.8334044780466,16.7513594468283,16.4978463314071,11.5319724313982,11.7009738795219,11.4281891607859,11.2166464593173,11.3905821920773,11.7130275513881,14.3593246392174,14.3091844844921,14.2980864995544,14.6440024901544,14.5921110425524,1.99971371340551,2.24719223884022,1.86353891858182,2.22420871686348,1.90992663690121,5.524542100303,5.65843415192636,5.21947544797782,5.37746833861145,5.57774616415117,5.71516860771652,2.58119619393588,2.77213565848338,2.5379839749124,2.40374740873796,2.5942296431627,0.181130559152144,inf,inf,inf,inf,inf,3.15522869888667,3.3361979432646,3.2756137651631,3.1124563835384,2.97523659228835,6.60394446593545,6.54638487030389,6.66630215665635,6.76361781342637,6.56320981825539,6.53958718130884,20.0683841658395,19.9642425464018,19.9170854473108,20.1507580456449,20.1547921550559,12.6185919168511,12.3609685004552,12.2354010029006,12.5174415540146,12.7544855759699,12.6585740655734,13.3147777298759,13.2930950876391,13.226222372625,13.6596439547982,13.4624064689403,18.1731912132797,17.8254177127914,17.9827386594934,18.0834770484627,18.1714296196019,13.4916927043838,13.7121438337673,13.8426411941979,13.506291614485,13.5551025656404,8.41887062739448,8.4984580692629,8.56433292748701,8.4236210482908,8.21688015774621,8.50803995999785,8.58489122654551,8.49516829825935,8.47723315282845,8.66839291247698,8.77548388557219,8.66010854366888,9.01184181056703,8.84448240606286,9.05896442495688,9.2949439280468,9.23687181508882,9.01583315245098
803,9.39647935413059,10.8890777018577,10.7982608754718,10.8229975806685,11.034244051855,10.8351679708991,16.4727465803468,16.4603419339972,16.562248981902,16.6108686237202,16.6495143088152,16.2788252872717,11.1951598071659,11.4772030122449,11.2107433868953,11.0084959931849,11.1702482275342,11.3215987369143,14.2603475521175,14.0924703951597,14.0839998762238,14.2884599950569,14.5610227082529,1.78857747461495,1.95558891713375,1.68371012804011,1.94476686713423,1.6864016612559,5.4309735988524,5.39826613515486,5.27071029469398,5.30463700681551,5.64168998659999,5.61472809648179,2.79985187247774,2.99072118596134,2.82693729780653,2.61187906847042,2.77182225829454,0.170443837128747,inf,inf,inf,inf,inf,2.95155617567915,3.11871776092443,3.26093467798628,2.99602065221866,2.96340616149914,6.67799787713615,6.59087401850794,6.68128129543489,6.96016431657476,6.74147214966115,6.62133006306864,19.9910619846467,20.0406353371119,19.808177100877,19.9790496293939,20.1850150711963,12.3433330781595,12.283565806436,12.1828813550628,12.3543879024128,12.591148547617,12.4817810131826,13.1024222222061,13.0698326411083,13.037295718581,13.2879763531799,13.2419900669763,17.8075228531379,17.699686610728,17.7905873470422,17.784740583121,18.1409141025469,13.2758984070549,13.3367147537462,13.434375966955,13.3915418743432,13.4223526031935,8.37875154014374,8.17965575451346,8.46495208290289,8.20049359588841,8.1073522220626,8.17127612431795,8.48314612967415,8.19432433848404,8.30690274352606,8.48428470990724,8.65613352592901,8.37635311763791,8.85330923688003,8.74908185003204,8.78880165836839,9.00098839603826,9.03762723345523,8.92348923123254
804,9.24332002983699,10.6485621096299,10.5853737410014,10.6370008467053,10.8201018696036,10.5716602455756,16.2689777009336,16.2410530779625,16.2377477157001,16.593700208317,16.3678447366508,16.0799364571633,11.0854534904844,11.2706038352512,11.1792312775847,10.8086618427393,10.9706963596527,11.2532776876652,14.0432324237849,14.0679564060981,13.8802603589212,14.1871994634065,14.1811666474102,1.94272385917588,2.12762800902248,1.71537620009527,2.08282705425206,1.76869927272852,5.17218327944533,5.12627869298041,5.02928324220091,5.03434606146281,5.23571489818356,5.24105363415556,2.84478855961335,3.01383114267277,2.7655199782174,2.58905577211918,2.71260787811296,0.178205727156545,inf,inf,inf,inf,inf,3.12127901717774,3.31461242646973,3.37521576156203,3.24189795920613,3.05476444985429,6.53546207250889,6.48060317885417,6.42371361027121,6.69137195652551,6.48364777332866,6.47060479989709,19.7237839929118,19.6231682446134,19.5575343548192,19.7590906509277,20.0099768701433,12.0719064305198,12.0151813210707,12.0609301032255,12.1635419753292,12.2454752374388,12.2121280466385,12.8991213851331,12.8479592467339,12.8324697212396,13.2018982164959,13.0309425028697,17.6171520140389,17.4670988972824,17.5840454199787,17.7425827699379,17.8242376149192,13.2452750419574,13.2521610094457,13.3757568502348,13.1795064965191,13.3988905758808,8.01390371840867,8.05891693122067,8.17576986234218,7.97578346577327,7.89521425259883,8.06217293238727,8.22377234327601,8.15329408168223,8.08668814970838,8.27665057239626,8.4168842863495,8.31641161332995,8.63328522720605,8.48430235620951,8.71551621265311,8.97313400543025,8.83324867269314,8.66009249963204
805,9.2807301113028,10.7641964584301,10.5632256952278,10.508028334277,10.874768528951,10.6490401445839,16.6463828257873,16.2998548073176,16.3792450720005,16.5702891969305,16.6095442960217,16.2384179905989,11.2566597339682,11.4363415142306,11.1700252630846,11.1290516974336,11.1295053478667,11.28584447505,14.2147056333527,14.0474976391787,14.0389695875675,14.3605512326194,14.3336311907913,2.06971954154959,2.12563970533344,1.87699015541058,2.23907081087868,1.92716364601962,5.11344872331941,5.19849527818511,4.94050783108735,5.11276891440516,5.30683710110084,5.28646135520628,2.55843302559211,2.85351159085432,2.59611179561201,2.41618269797119,2.49359052881281,0.168523016508134,inf,inf,inf,inf,inf,3.27690527517776,3.4304861647667,3.52448438781675,3.41438622789557,3.21701942976691,6.51266381313541,6.26088533590578,6.53049520503224,6.51737914124473,6.42111503786659,6.44732060630929,19.7963683860669,19.6671840319619,19.6948295259715,19.6612643993496,19.8194752723825,12.1501894118343,12.1074630691433,11.9637879007531,12.0997399260839,12.3032704930742,12.292855667339,13.2377169331617,13.1044243332075,13.0979017979858,13.3759495598979,13.2818310261868,17.8449948688905,17.7977201629346,17.8455693804761,17.7891572409837,17.8949795186487,13.2341557623059,13.4266527703363,13.3950118113103,13.3484340992259,13.3790780281699,8.16330101897435,8.22759548593055,8.42111448070922,8.04322075310087,8.06373585096548,8.23312393879071,8.32446397315545,8.20262748211357,8.22337685090635,8.41618697831532,8.5512739295429,8.369318483434,8.92808925456217,8.58309555132693,8.76860905733888,9.00712404987684,9.09703843525515,8.76751605366991
901,10.7430950862688,13.2575597201924,13.1476646465009,13.0995550445128,13.4405139231101,13.1817402945802,16.7122594015453,16.6957100930487,16.7215240757698,16.8504517432126,16.8883813516151,16.5171924105206,11.5378977121904,11.6516010881838,11.4537285553445,11.4060363155293,11.4116968493635,11.5683196589673,14.498816665145,14.3326800274457,14.5132122851783,14.6441928548154,14.6186468309093,2.80864733730608,2.60634082437372,2.80360014168542,2.77599563765212,3.03449767113085,8.27071166826484,8.33608987035924,8.0871029477726,7.97448240583107,8.17190143725119,8.43393137259411,5.78121201970567,5.8505045606791,5.60490738045702,5.67286958099245,5.77132179054328,3.22835831753479,inf,inf,inf,inf,inf,0.145708213913707,0.0949837509340384,0.167338744853181,0.1817428291741,0.172415849397301,9.74956286320365,9.58897531523155,9.65300689457473,9.91671047150119,9.85204152520723,9.68599436667635,22.3520501694615,22.366727698798,22.1628336957707,22.2882241550531,22.4767294945048,14.7362865100016,14.6874808062564,14.5553277829302,14.7055364904338,14.8980605570067,14.8790757211782,15.3359985565898,14.9384408438177,15.2973501563964,15.3100041757966,15.1146062321548,19.2955586751947,19.225509153645,19.2898132978048,19.2511993333762,19.3608320503037,13.5179930534319,13.5871639292678,13.6783713758621,13.631696448524,13.6629693139441,8.44583098552378,8.51004974345886,8.7028647325643,8.32251014170652,8.34613590210385,8.51519206329472,8.60028001037689,8.46840627471684,8.50501632742578,8.69764487092735,8.83335367350332,8.63706240183511,9.16396203027539,9.06823880330799,9.03358173424179,9.27242761239297,9.34357597392553,9.29233839624324
902,10.8599334231154,13.242550310048,13.132081309376,13.0983753266424,13.3951279785656,13.2813645895917,16.8548047322507,16.8443700209831,16.9465364157163,16.9928130299619,17.0322953737959,16.6631662801215,11.5787597329104,11.8619742375316,11.5949500197535,11.3924287475135,11.5538998261841,11.705100523665,14.6427915023394,14.4742738893301,14.4626004923865,14.6669693711734,14.7588990610139,2.77542556375043,2.57957481828741,2.76956258245751,2.77691064074401,2.97113363240237,8.09099850120198,8.32826212639473,7.93362677893736,7.96118669131312,8.03158832679855,8.27824562692417,5.62394822882149,5.8290501988867,5.60709029803965,5.40616297212316,5.74378935348462,3.11114990133693,3.15668659716658,2.95251287295015,3.12280828413331,3.27827440968718,0.145707530608906,inf,inf,inf,inf,inf,inf,9.52899505293789,9.61579520756513,9.89236363092177,9.67580567372394,9.56304677318432,22.3706706239418,22.3367238701838,22.1861015471649,22.353652154099,22.4679312664758,14.7243448720888,14.6658130846365,14.5607935390243,14.7304840551163,15.0290731705126,14.8636952268012,15.1933565168129,15.0097828431826,15.4076829161751,15.3611576785881,15.1898072283148,19.3850073983925,19.2801719221429,19.3689490161487,19.3607586676618,19.276839102832,13.6587788216254,13.7190199510128,13.8169785609923,13.7753275656256,13.8056312519212,8.76314621963637,8.56079028949745,8.8469024166356,8.45353008202817,8.48982010923555,8.55240179408424,8.81717546888442,8.57591131658211,8.64231403370313,8.98790215145965,8.97217971551245,8.75740558128456,9.23666266502247,9.13971818187978,9.16985570566429,9.38249994124752,9.42123882990155,9.31230693919808
903,10.8136106193629,13.2843805101794,13.2380349599333,13.1915466801732,13.5240607809396,13.2747315272942,16.7415995200555,16.7029818404442,16.8010738943808,16.8779895408286,16.9015164130871,16.5790564967459,11.5519160384252,11.9231473951228,11.4870930376772,11.402738343331,11.4399075065526,11.6110632426907,14.5127493443603,14.3648625682014,14.5001915035937,14.6539795973734,14.6516437859479,2.89563858271072,2.6938333687241,2.84165145122314,2.86808560302264,3.09636914809841,8.36358617906378,8.42733060978476,8.17992624083026,8.06523687284394,8.26419746493257,8.41882110319175,5.76365416003054,6.13099759631604,5.6970057336197,5.60217965742922,5.85914046196987,3.27819928290955,3.33739160111319,3.1195124306066,3.31595285537195,3.43180414431115,0.0949841327978362,inf,inf,inf,inf,inf,inf,9.66829300052464,9.7390518863672,10.00464176982,9.94496192264816,9.77717323142784,22.445010223063,22.4538545690373,22.2551224126914,22.3779100874576,22.5678358535273,14.8269998876511,14.7765469964147,14.6474687576491,14.7985468712969,15.1737256425332,14.9695989477847,15.3827734724611,15.0796195734186,15.3730735748111,15.5776845143512,15.2035957515449,19.378220008493,19.3172072881977,19.3760306181416,19.3243332236008,19.4293640735956,13.5522618715807,13.6384517345487,13.7162172174253,13.6490387602431,13.6874917160954,8.60989680819708,8.52702496277914,8.7150292078774,8.37364097417082,8.36380375966411,8.52883436453571,8.69442628593877,8.54218257470911,8.54658594636619,8.8409721588047,8.87385737411863,8.70886313073543,9.25409861090282,9.23765467318184,9.10840698474365,9.34655240774297,9.43057101632783,9.38530309183598
904,10.7173543966473,13.2352168957832,13.1265268602936,13.2009437264376,13.5778043828861,13.2597425306175,16.5963654373133,16.5469763803075,16.716534088892,16.7299655945409,16.7466078512219,16.3930080200242,11.3964689627549,11.5847217817913,11.4753051917719,11.249496125854,11.2877957166543,11.5583725388175,14.357670036227,14.3608243932842,14.1984749443373,14.4987618268299,14.5017845395839,2.88510621890065,2.73402058109995,2.70267734675065,2.87636495063312,2.97673053298774,8.34495693866312,8.44285207547159,8.1816190371825,8.22981075379251,8.2787077643627,8.52428934317556,5.87096076712504,6.09118842925226,5.7055031664136,5.73926466053693,5.89590978305506,3.39474995343142,3.27647349044433,3.26142922592389,3.37656435401098,3.52581468715696,0.167338825289477,inf,inf,inf,inf,inf,inf,9.96209055420187,9.87212759845713,10.0436042874375,9.92875834312852,9.93835741365272,22.4434266396304,22.4953659441887,22.2633641837491,22.332311029534,22.5860723315989,14.8472011498858,14.8073105700849,14.6591400358949,14.7844706588288,14.9027854007402,14.85611009948,15.250677910725,15.1040618709356,15.2903804664367,15.4446997968323,15.3395652305413,19.3029357644218,19.3766564450819,19.4952355321789,19.2268096551762,19.3196606127073,13.4060926951521,13.5057788016459,13.5704392012848,13.4948040214148,13.5350707263779,8.3323144895992,8.37219958684825,8.55988226626683,8.28574462818636,8.2092628280271,8.37372258576911,8.53401528458129,8.44396994590052,8.40411117392035,8.59473648708499,8.73302814014785,8.6105104228625,9.22156609625167,9.11798663390431,9.00904057997857,9.25423999514991,9.37218257405287,9.38977332024008
905,10.5609300789291,13.1824587327737,13.0774530300776,13.014512609307,13.1821666089039,13.0685791621923,16.6615890548293,16.5341833267229,16.5486987987812,16.7337057053883,16.6810149431332,16.3651045200469,11.405460246679,11.5731819169723,11.3021353650661,11.0862021671508,11.2623495300207,11.4025275287502,14.3711648873912,14.0927501088277,14.1696427507478,14.5184815050778,14.4618806282682,2.76216926213986,2.3704600777706,2.42557020910371,2.68991824032951,2.85563153870068,8.15347603095309,8.25865591692122,7.99545489749021,7.89883558901278,8.24464833015879,8.33447872683541,5.68105522470603,5.90077961473491,5.51951349676274,5.54768461519561,5.80848036722462,3.33184403964206,3.11342520365372,2.9968674789197,3.24335356885561,3.41581967259258,0.181743566478883,inf,inf,inf,inf,inf,inf,9.58534904506382,9.67891142785822,9.95662886891338,9.73752635325311,9.74967941212025,22.2551376937312,22.136514932845,22.1382957572997,22.1426713866075,22.4032675283001,14.6650207808179,14.6308773752439,14.3480645076109,14.5932566102638,14.8060931070585,14.8056518511388,15.1235117472275,14.7857290205559,15.1197778521302,15.3542444941557,14.9389061788752,19.1265866654975,19.0931981330152,19.1291428322941,19.0722499848947,19.180917021034,13.2832326966269,13.4152133417592,13.5185263345474,13.3618197676737,13.5207748302703,8.28648329244107,8.37257714559909,8.4223649840659,8.14926227400846,8.21153417375787,8.38236031108537,8.42211833450606,8.2896911706884,8.3420825332751,8.53193100435577,8.60954868345482,8.45579282102482,8.98889915234233,8.92765143765625,8.85541169962911,9.09367220896348,9.18590959047753,9.09506819892132
906,10.718041953204,13.0863740280943,12.9760513300081,12.9321353054087,13.1310352354297,13.1455881667048,16.701416923941,16.5907152698874,16.6391040163574,16.9065249812399,16.9667130463578,16.634726028544,11.4375231249184,11.6314759362562,11.499723739604,11.1923623411454,11.4593410446596,11.5890591274522,14.5726104312424,14.3841646488192,14.2533035109852,14.5323207983342,14.6538998529017,2.63472220996479,2.34229935298646,2.46085385977513,2.6093329817394,2.83072598274609,7.95112319062193,8.16653011397441,7.81396051375994,7.80373968488117,8.00241704800014,8.27088465951828,5.61842759892905,5.67814589281799,5.43861756542091,5.33544859470528,5.59764643355204,3.09504722407289,2.97617031370594,2.96449475639635,3.0563045870703,3.21848053838032,0.172415055595888,inf,inf,inf,inf,inf,inf,9.51546706023426,9.47903185774954,9.93201090554513,9.53842886575712,9.51512087236699,22.1933823697083,22.2279849910364,21.9923813955858,22.1712321824886,22.306461863604,14.5653677818816,14.5143867240777,14.5718206786438,14.6690843175444,14.7316763544525,14.7077443099036,14.993047338075,14.8217001355731,15.2597712544249,15.1769981251361,15.0132717516549,19.2112972261133,19.0961532588637,19.1902843724843,19.2042045762057,19.0956977138592,13.5662340587335,13.5947359974069,13.7094574594292,13.7025723944298,13.7199876303989,8.47631583917456,8.41658710501047,8.78267041804869,8.32368978114934,8.41222927707144,8.41402768698196,8.58139183368008,8.41556529747058,8.53161248774397,8.71567118800444,8.87236710481853,8.56686795473858,9.05614903766636,8.93587229585271,8.97277377651158,9.22905633985303,9.24233932112437,9.13299746157072
1001,7.87765953922661,7.62355936485228,7.64714150080291,7.73212100454458,7.80639394365235,7.46471854710556,17.5255089154696,17.5959162450249,17.7637499314828,17.6347970862742,17.8907262508378,17.3543507626259,12.9353884293632,13.1088862193952,13.0646923192742,12.842286450473,12.8003000987989,13.1145442614595,15.6154021289445,15.4476910740188,15.6850899119531,15.762776586517,15.7332763652201,7.67383908552733,7.98396860661437,7.6701364732939,7.80165071358424,7.59489450683379,1.65328716609519,1.41312190355987,1.78212053507767,1.77492981812845,1.57887477490323,1.32799054513899,5.6295447294118,5.55197337663143,5.71377155200029,5.62853660748194,5.53555264842785,6.51175761018637,6.60462077897672,6.67869738641421,6.53642893559153,6.51372739949101,9.74852652591799,inf,inf,inf,inf,inf,inf,0.114040801168881,0.187550242774944,0.179132436452388,0.176283290327194,0.0661586985755641,13.4224630877148,13.4357411518595,13.2335213593261,13.3371887761541,13.6819692443143,6.95954389936851,6.70619293111511,6.69427406179204,6.9310216840332,6.98824630996859,6.8993427289225,10.6044097426802,10.574156902846,10.5249810797463,10.9381049547192,10.7472658934833,15.3142389018388,15.1387698634278,15.2755731374554,15.4344439785726,15.5068815126145,10.7787236045533,10.9896588163231,11.1194358853988,11.0817521090099,10.926141784606,9.28879954949158,9.35734038190534,9.44273096348173,9.00553875834541,9.19343405535318,9.3655144270347,8.74467153274646,8.61152597741173,8.87773319302822,8.93654195013453,8.78701151791012,8.56106413141857,8.59892377128317,8.39817903827724,8.7641783441773,8.96180936752275,8.64686575350252,8.50435407464479
1002,7.63220641236097,7.5265130096586,7.54160895271397,7.62549226135953,7.71315987896843,7.3703348335661,17.4148609070386,17.488356780101,17.581438327926,17.5251804139686,17.6029600802742,17.2485129719115,12.8366862668618,13.0197062285145,12.9540432389734,12.7301576323898,12.6270924818664,13.0099426951649,15.5234563524548,15.3633253339623,15.578286435418,15.6648479661755,15.5359637669914,7.58138360111329,7.78376370578474,7.6022422900697,7.7281604318137,7.54760141331819,1.60998939225115,1.34439439277409,1.67316350523241,1.71035369943031,1.5092869501214,1.24907744623225,5.55164738162116,5.49475811294479,5.72314695409296,5.57945801019641,5.4434380066797,6.42961487906228,6.54651716544333,6.5911855120785,6.48099947135107,6.26107193155406,9.58809841108362,9.52828300244743,9.66749838131501,9.96184311707297,9.58352389782885,9.5140504466793,0.114040818782054,inf,inf,inf,inf,inf,13.4899922128313,13.498255181779,13.3045432500114,13.3852699492182,13.6427632401629,6.67117850105213,6.61900144668775,6.63313585746451,6.84670500810215,6.89051894110185,6.79870053071621,10.5278824482539,10.4774585688545,10.5488043881079,10.8351060735529,10.6586509577138,15.2513506780754,15.063763562585,15.2253233190281,15.2665669646479,15.5406392788052,10.696341853815,10.8857006098634,11.0131552148523,10.8050146724938,10.839318727341,9.07738566153682,9.26400136470026,9.17810655856873,8.9073291164528,9.04754507662849,9.26851165968361,8.63593125342083,8.48277491885264,8.71298009393665,8.82587585060697,8.67502219286771,8.44880331492025,8.50708979329217,8.30716672206453,8.56202635079333,8.69685263646067,8.64572736587997,8.42969632987295
1003,7.55155425309072,7.30823978985203,7.28436914364457,7.35461843163923,7.62868386308675,7.17235704671402,17.42197706978,17.52248420489,17.6024682194962,17.5047992578614,17.5941772111453,17.3073721546189,12.7767216760238,12.929130703651,12.9343944066008,12.7379975026843,12.6208644528164,12.9634158725502,15.4299634571556,15.2566166721729,15.6091927418279,15.6052412656843,15.5391590263576,7.66489755011651,7.86499784509295,7.71417693488898,7.71344193663429,7.46886642050886,1.65854024987628,1.31851766009044,1.64485665586165,1.83033243645444,1.61995965378124,1.34832536095704,5.65085098693914,5.71970897945338,5.98220573531466,5.70431588663815,5.52434247803953,6.53051560687099,6.66589253658627,6.68106738931956,6.42313808591983,6.53082412411226,9.65140985356205,9.61435294131413,9.73749121532128,9.87031988893824,9.67671985866175,9.4774509213163,0.187551768182906,inf,inf,inf,inf,inf,13.3995448578128,13.3667118193001,13.2212050372455,13.2769282152014,13.5079600070478,6.56935400625903,6.52320502738725,6.50942360152634,6.67076062360664,6.81564289639126,6.56943227694562,10.418623345548,10.2594963507667,10.4680821058015,10.5998900334369,10.5658711329482,15.1270700692358,14.9537383154541,15.0832806734159,15.1729776253002,15.2007747769469,10.5942052950503,10.6475432474608,10.7498852753892,10.7154053605703,10.7432433597932,9.01656458025246,9.18191092325866,9.09274579643955,8.83431058073248,9.02089441977724,9.19492394020919,8.68407472682042,8.31816930604697,8.60289227510654,8.85627397177021,8.66108663194272,8.46311635294433,8.41856002600417,8.21861025927675,8.50291715144523,8.60871480134689,8.54036742171221,8.31730438903708
1004,7.9341882223542,7.55656654888765,7.45810954529838,7.63294879472803,7.74663838005079,7.40449129370773,17.7808164695342,17.7302847655273,17.8239766806696,17.9154029324063,17.9322835981176,17.5312996151415,13.0694137974506,13.2143113787693,13.3678599152317,13.0059155913829,12.9114121351715,13.2995967420822,15.7568589856148,15.5596799143694,15.8575753426595,15.90011018777,15.8188451736292,7.94120162783365,8.13681544390458,7.83599193473784,7.97630226754696,7.74416499153442,1.8003556694709,1.7567798166892,1.93441275159472,2.12581946251442,1.74643485556701,1.63335042203113,5.65997307517389,5.709833516972,5.96910654973761,5.78101670345182,5.51974672512186,6.68615914570806,6.76423802219401,6.96108188593507,6.69228996637698,6.51794719996796,9.91562610420573,9.8912835683625,10.0035245420011,10.0425074694155,9.95584450481293,9.93136410590681,0.179132095791808,inf,inf,inf,inf,inf,13.2765661970527,13.2691998994448,13.0865650466731,13.2203734713842,13.3913061657477,6.72394212405253,6.66453565780723,6.75271654467705,7.03808782865666,6.91817662040095,6.82208703695639,10.6890396473338,10.5082487923936,10.5773805426523,10.8534117395895,10.7021203239598,15.3992131172707,15.1293970196114,15.2512095125092,15.3041948548896,15.4496968995121,11.0279858764332,10.9021561210864,11.192345001867,11.117031139144,11.1585093267756,9.36684975183715,9.47739661578784,9.48606196988438,9.21091475499489,9.32372563027713,9.49199899955572,8.92151161972191,8.78944826373139,9.05430988793683,9.12016679241758,8.94623883544355,8.7337814160977,8.82131521351386,8.50965320461333,8.84990873136353,9.00644645891227,8.97925271172991,8.58383893732298
1005,8.04280896114864,7.78348116685884,7.79384019675137,7.71791920169899,7.88915691956358,7.62737071209176,17.638455226955,17.681554088829,17.9415616322096,17.847531398169,17.8810203771937,17.4438188413995,13.0952202210793,13.2776149409257,13.1918702264561,12.9696992622237,12.973548983403,13.2651078562768,15.7816342914005,15.5329619899475,15.7912928222276,15.9266953701143,15.9093619230684,7.72555759075927,7.93150940058515,7.64543802880777,7.82359700129777,7.5292612773986,1.58441052401569,1.51840076215484,1.75488343996377,1.73747457714808,1.56000413525155,1.4079010013573,5.43482459928895,5.50436245305145,5.6137650300635,5.57127943148771,5.21634651769826,6.58722754841407,6.563789786013,6.74146285019745,6.48451635123128,6.42208031671634,9.85129105017457,9.67498867907836,9.94423747307116,9.92791393235816,9.73664410965022,9.53753134603684,0.176282009158211,inf,inf,inf,inf,inf,13.6132472166024,13.6758126719702,13.3162746335845,13.496377151916,13.7594102640029,6.93004494784303,6.87586441948104,6.98733444261505,7.10090698426341,7.14776904390724,7.05524572244241,10.9501146503289,10.7343902989295,10.8114497132504,11.0899464844522,10.915201120339,15.6311256152174,15.3292900453559,15.6410119063219,15.557324165439,15.6534227818877,11.1340571522422,11.1400061357671,11.119779163159,11.0621462092967,11.0958791767679,9.46558247903841,9.52110049365349,9.43740388702837,9.16433560414996,9.35715163830114,9.52555732506809,8.82905150164478,8.65511803640792,8.92219802312421,9.03338457860992,8.91606777431478,8.67484802295253,8.97143600848325,8.56448660989151,8.93940805979955,8.95545115640915,8.90766021983512,8.56320366229135
1006,7.9125337580249,7.63028495536135,7.64308543745389,7.72611232956652,7.81696786811734,7.47411923620108,17.5008204987411,17.5596561167509,17.6574139709884,17.6184075547056,17.6913552618623,17.317105738433,12.941568172258,13.1243766109003,13.0509104471129,12.8243219953126,12.7303918296456,13.113141370159,15.618364182943,15.4667579591756,15.6558554332655,15.7738477227482,15.7618126273136,7.61986406946501,7.91856660169249,7.60739428536471,7.73761769473545,7.52942284033367,1.58771030478873,1.3498956257777,1.77350704535485,1.71133476969938,1.51673726516561,1.26750098774686,5.5692751505704,5.48744293793209,5.6488753773022,5.56325919726914,5.48163440875638,6.45373684104309,6.54025662030787,6.62206267500054,6.47156235248001,6.44837456350917,9.68518970013845,9.56248716728359,9.7761279626987,9.93763029267485,9.7489149101696,9.51453002943277,0.0661588856039661,inf,inf,inf,inf,inf,13.6609928055378,13.5871274429025,13.2981931012814,13.5057067904184,13.7630825591667,6.9500358210457,6.72261076314684,6.72791023593298,6.94903837521236,6.99466569446081,6.90250714392717,10.6283904666751,10.5811987171232,10.5617511767459,10.9378139676383,10.7620452258518,15.3442320743086,15.1972820991118,15.3116539792186,15.5002839491273,15.5704490217983,10.7986178159253,10.9881340786763,11.1141150929304,10.9087109324698,11.1426471691191,9.17993161551117,9.36769894807301,9.28187966264503,9.01110857197269,9.20376394500894,9.37215070123249,8.7068297801172,8.55843257457014,8.82798970892923,8.90091480194868,8.77085381193941,8.53419165100013,8.61147852703303,8.4114146762144,8.79104285604491,8.80215318921451,8.638853398039,8.53018582211433
1101,11.6448476056306,9.26232762763068,9.36568511076163,9.24999935840307,8.98070795885857,9.18590616601514,16.9559635873307,17.0604467500922,17.1763412003653,17.0352959317337,17.1309755276699,16.8379071720942,15.7015990027107,15.7122065160155,15.8778009961683,15.688653116449,15.5330999384998,15.8896909070467,16.5126739304238,16.3204867146262,16.660718749591,16.6408433666563,16.5112036260664,19.6929164083308,19.7690142694933,19.7168789287179,19.5723612390591,19.4967358249082,14.6110543486217,14.7186966210057,14.8026343839937,14.6588280261324,14.4432307512386,14.5978973157185,19.1767649900286,19.1295898411476,19.2951973785425,19.125475017119,18.9663995148513,19.8953138227494,20.071226858416,19.9937789223252,19.7262612478707,19.7992245409147,22.3504873855377,22.3685705287903,22.4433839727829,22.441561897457,22.2534401473292,22.1912657401138,13.4215268491224,13.4886260450033,13.3981263653825,13.2759341869804,13.6125519751459,13.6601812988471,inf,inf,inf,inf,inf,7.61982941705591,7.68232977245448,7.79198859590499,7.66021172325985,7.65385718291853,7.63637964859787,7.72787505539973,7.82068577615934,7.61120143717551,7.64576145324736,7.85636033260317,6.64163096556213,6.47984709865859,6.62078777453662,6.7482292838043,6.72665700658467,10.5210972282035,10.3982637644285,10.6144709495345,10.7724927689391,10.715702297129,14.7255014330784,14.9003245416501,14.4713817202931,14.7880254379682,14.8833972011636,14.932115041483,14.0468115844291,13.9602959426803,14.2071166382253,14.0038250579383,13.764739198266,13.7201050193562,13.1417504729093,13.3759085660561,13.4297601075621,13.1132252491286,12.9751618217626,13.0629198902223
1102,11.6543166897888,9.00954970006589,9.21613630341168,9.27839260621421,8.94531654825483,9.24386192291639,17.0798957511628,17.1735942349611,17.2568160025103,17.1794683784483,17.2617849393997,16.9206223218034,15.8654934060474,15.747146755748,15.9886114399413,15.8108857561097,15.7036579668846,15.9052103734705,16.6596666191792,16.4624409033267,16.7670769844935,16.8007859018725,16.4729407766485,19.560371990918,19.758084308525,19.73300885693,19.6016272689019,19.5626426495948,14.4959467184905,14.5502436964344,14.7120229976659,14.6976271740647,14.3572189191941,14.4102388449687,18.9864037732677,19.0953903838428,19.1531726244299,19.0107408267829,18.8086612472462,19.8134237727324,19.9666857297646,20.0397433116048,19.624164753116,19.6697008922951,22.3651009924167,22.3352932380463,22.4521960980265,22.4935024301121,22.134432422118,22.2262445574332,13.4345919661493,13.497736766184,13.3666269583916,13.2683445218915,13.6749997826482,13.5865595775525,inf,inf,inf,inf,inf,7.62668686575835,7.67332067568334,7.81472174953525,7.53205339165985,7.34090833409193,7.38550966005789,7.75157870811702,7.94046276344285,7.60822201628704,7.91111709118832,7.97759990180899,6.67165383558901,6.62512902748673,6.63333081657309,6.78841402336648,6.80234727650493,10.6720069559837,10.5391229193587,10.6194240467343,10.7657709379169,10.7188494973082,14.6022506660482,14.7635974528712,14.4628784064415,14.5295065970394,14.9085513288051,15.0013202680709,13.8026170680298,14.011311327216,14.0639279285622,13.8866704042771,13.6504505553506,13.7061936244087,13.1022731182837,13.2186501718702,13.2952166507906,13.1305565481137,12.971815240135,13.0911411401326
1103,11.4550351738136,8.90630372875456,9.20135904315784,9.06104219442245,8.89060153367272,8.8915395310029,16.8305766850083,16.9100729995839,17.0011010683864,16.9331840770531,17.0151854069578,16.6723351259624,15.6461519643202,15.5254254426859,15.7806343453206,15.5631487417519,15.2768734771157,15.7011007775749,16.4264374992434,16.2147868305712,16.5168240753858,16.5732711981268,16.2348444148403,19.5168279139081,19.5792483093507,19.5285132899862,19.5962808088513,19.188883754407,14.4638663380533,14.5699526668524,14.6504769396576,14.4582591067346,14.2816741221167,14.2799632293386,18.8562150800746,18.7897650472364,19.2028441540994,18.9789678391423,18.752312335681,19.738455023557,19.920067289285,19.8111019187439,19.5590862704244,19.6977972737138,22.160777435618,22.1842357174638,22.2537832585727,22.2618234988721,22.1365204785306,21.9910059027985,13.2327824137232,13.3034071521356,13.2201312987821,13.086128305766,13.3156164432216,13.2973774384357,inf,inf,inf,inf,inf,7.61131759141493,7.64452824107724,7.60389766451923,7.36704023148107,7.2622665073188,7.28338580955516,7.54019875503474,7.7277649508306,7.4208207379396,7.47354289675259,7.66389235336325,6.39171553104674,6.304213100336,6.34667391743087,6.56364761800008,6.55761216270251,10.3403173921094,10.2239330974307,10.3310361182408,10.4603418916515,10.4227683788844,14.4494901578259,14.5869916195488,14.4309868031726,14.4307074586051,14.6954706245645,14.6175629855637,13.6908695904782,13.6852100075889,14.0377365303799,13.8179071327372,13.5820393867955,13.5306093219952,13.0466460414429,13.0249414065786,13.127998689534,12.923963195953,12.9531461502037,12.8763834400029
1104,11.6595559055647,9.11189568543063,9.22089104775107,9.27785865290393,8.95329602181826,9.07156118751983,16.7824037953263,16.8965858898839,16.9675364415309,16.8458253208588,16.9398744049243,16.7012281177786,15.5073537399463,15.6410767109337,15.6885285243082,15.5195473021174,15.2781287207611,15.6953554124143,16.3192493851061,16.1334430252379,16.5078750992472,16.4467569652846,16.297254439636,19.5671039613293,19.7642095744482,19.6295963557316,19.5997595375315,19.3734519849944,14.6917084018258,14.5808924742096,14.8508654632628,14.6383708391892,14.4757707975156,14.5135512273055,19.0916014484365,18.9871208581819,19.2419685845423,19.2175029167659,18.7958244909899,19.937628751702,20.1531120704529,19.9824602706249,19.7622278840791,19.6625807703233,22.2864973819597,22.3520965149247,22.3761742451553,22.3313663849546,22.1408047306754,22.1696027361784,13.3365436834866,13.3842083311825,13.2757743684417,13.2200415774796,13.4960024494876,13.5052420584336,inf,inf,inf,inf,inf,7.63116972530126,7.68039179874595,7.70846706571727,7.54560225927336,7.48859935684976,7.48830524944815,7.63597231945171,7.66489435155812,7.3401656301078,7.51590132287801,7.720696804725,6.39453153243322,6.357274178181,6.35988212388433,6.50959300130473,6.60404573923071,10.404750736996,10.2721748554439,10.3481672479264,10.4974351699968,10.4488874532661,14.7785557903399,14.772695446106,14.4711802878493,14.6364301209727,14.9101858125098,14.8043250576575,13.8958538021651,14.0046730824562,14.07105037655,14.0540611821012,13.655677740604,13.7143803385441,13.111212964007,13.2264787044434,13.4913019359888,13.1349334645599,12.9784404070895,12.9679536227899
1105,11.7682924579351,9.22051680139004,9.33110214134507,9.37998672372501,9.07824860094655,9.3305608632545,17.143781871821,17.2748087445246,17.3379847247714,17.1977187766581,17.2926830475599,16.9918021013088,15.8595258181425,15.8415751501366,16.1170697566443,15.8501071552084,15.6898452681496,16.0152117701626,16.6751215075533,16.4919262739312,16.8194474310083,16.8010685034345,16.6562142325269,19.691121948199,19.8815466285241,19.7785892085605,19.7032474854345,19.6443229322642,14.6653294177564,14.6983427914391,14.859294549951,14.8551045912901,14.7021651203629,14.5614291050373,19.1383598430085,19.266746959286,19.3059953605246,19.185604253825,18.9582305360021,19.9586182569156,20.1559960178139,20.1842061709743,20.0087044860502,19.822008732189,22.4748880739096,22.4663274877454,22.5659299165738,22.5839328643852,22.4012979052121,22.3048444660078,13.6812471702024,13.6420450723951,13.5077292679797,13.3903978178518,13.7584865452574,13.762345993978,inf,inf,inf,inf,inf,7.73956686854364,7.79441339849884,7.92193265407598,7.80654245808649,7.58498656551522,7.59750373715327,7.85942647433113,8.04426085298145,7.7281624475075,7.87320183082392,8.01545413916275,6.77173340888409,6.75674525878193,6.74185027898999,6.88443256761831,6.87657313310559,10.8093021591915,10.6734183636991,10.7328478481266,10.887100461262,10.834902111011,14.8709585553318,15.0496288222152,14.5846394480166,14.7437213761912,15.0135243899846,15.0809754123409,14.0055367970658,14.1012574098436,14.1868733358228,14.1471682699249,13.7907297128913,13.8313180953025,13.2365957213313,13.3374279103188,13.5804783681318,13.2400253399749,13.0890972370459,13.1962238673653
1201,5.67735388221853,2.85446085573606,2.96491665079152,3.01528842286505,2.86887163299583,2.69219896175197,13.9490708158743,13.9283715710626,14.0140119369517,14.0029991258686,14.0981615312214,13.6068498928251,11.1417217428457,11.2851025001623,11.3265905290236,11.1346691928741,10.9719127091256,11.3308715817257,11.9569713163077,11.774500152001,12.1020799449581,12.0818103652206,11.9335033861016,11.9472082458136,12.1391810608218,12.0292947870128,11.9632276409747,11.9070646938098,6.91906904892052,6.93909200485513,7.11150394432137,7.03479709501617,6.75693219500554,6.80219224336104,11.3778459490989,11.4921544304989,11.551036714021,11.4400390812879,11.1992913337859,12.2097696003554,12.6179977604545,12.3421004240385,12.07070513047,12.1496313602143,14.7341490087632,14.7223941067428,14.8248469092463,14.8448644907041,14.6627472546595,14.5633427370918,6.9598140620993,6.67092504860487,6.5693964946291,6.7241222987104,6.93028998671057,6.95033813296176,7.62006750940613,7.62698400105969,7.61217572136411,7.6318673536218,7.73990595177545,inf,inf,inf,inf,inf,0.142704580723452,4.94818290699045,5.06607504403662,4.7273896300505,5.13138128185785,5.09660509415496,8.56186548393834,8.47528511185882,8.55067935626612,8.53012449232436,8.64345257642262,7.04734216434072,7.10257976434108,7.20309287467432,7.17032762550325,7.19686580840994,8.78231607586545,8.96116657865644,8.7675011544744,8.65260661646697,8.92337889962189,9.11057805760703,7.91297551702824,7.73603132568241,8.09344691490067,8.05759404118569,7.83478695917926,7.64651518219941,7.41697831749354,7.24543473222903,7.49221467894466,7.42432936956289,7.27226255876558,7.28780211002364
1202,5.62696954024523,2.80423248477149,2.91354184998856,2.96994062104527,2.84244598165175,2.65406145326671,13.917008444887,14.0263415585069,14.0995501727333,13.9912194391291,14.0823457926934,13.7611195542318,11.1451250710306,11.0802432114295,11.316972093273,11.1178705471065,10.9769471040176,11.3445531712734,11.9482953147923,11.7567559055148,12.0785212708771,12.0810530330922,11.9499556607126,11.8888960170481,12.0844086319491,11.9622267678352,11.9180507013867,11.8711403388121,6.85494286662011,6.86771118783451,7.04477265182777,6.98526345296865,6.69013282146995,6.73075001230549,11.3064269021662,11.4308550510154,11.4802317889054,11.3406916755243,11.1278739399728,12.1443290634984,12.3603633749052,12.282307422261,12.013953555024,12.1068850478654,14.6853068712454,14.6638224289101,14.7743574300158,14.8049429384999,14.6285755825808,14.5123232585394,6.70610084790646,6.61874182974779,6.52324157699773,6.66471071279018,6.87607681618928,6.72250303868705,7.68259364992583,7.67364151988953,7.64548115482472,7.68117720233448,7.79477875288705,inf,inf,inf,inf,inf,0.197322200354564,5.00284167949877,5.12675242953952,4.76267086016227,5.19108388739109,5.13958095609644,8.63320351146289,8.54501251603566,8.62220809900413,8.59882826422883,8.71106732191267,7.0969153170207,7.16212971127485,7.25644747660304,7.21148672647179,7.24258637482094,8.7465085745948,8.92666485165379,8.71326194924637,8.60313876375265,8.87676273365949,9.05011394274614,7.86181740309148,7.69596927390597,8.0383794535792,8.020765618435,7.81381179592944,7.68312141604648,7.35698401990441,7.19330078148638,7.54853448846328,7.3759046666721,7.22003127030055,7.22136835454978
1203,5.49753256618655,2.59235783331063,2.78879670483534,2.83126012972374,2.68089695787201,2.50361032066855,13.7403354989525,13.8805632412452,13.9421113569316,13.826898125128,13.9174188687003,13.6019090945253,10.9870056197526,10.8865208826594,11.1537790480621,10.9532956392342,10.8218661105437,11.2025956078572,11.7844737693037,11.5913853629502,11.9156276192047,11.9202045747344,11.8070539973356,11.9128010656986,11.9660836673574,11.9238338683563,11.7790003817315,11.7181725625687,6.7878272959844,6.89005239568663,6.98176419448295,6.85725529030214,6.6240128909311,6.73281804623627,11.309079633036,11.3581823577387,11.4662542050153,11.3008062372953,11.1376672681184,12.133098639365,12.2349860172391,12.1818211272391,12.0603280526965,11.9633925196306,14.5533318808683,14.5589887075555,14.645459150259,14.6569414833918,14.3467125281833,14.5692058492687,6.69444883164728,6.63287900443323,6.50954899548209,6.75299144895629,6.98761342650526,6.72806844295265,7.79235326779761,7.81514658683051,7.60416451106161,7.70844720172362,7.92240025494569,inf,inf,inf,inf,inf,0.331425167666615,4.76519568717135,4.85170471732187,4.64836795715288,4.9254122750148,5.04589146531125,8.66877471147481,8.46948789713279,8.67163092759378,8.60489012520892,8.70474397769309,6.87123820956875,6.89796640331472,7.18674949253302,7.11030658057017,7.1516034523274,8.75306059307954,8.77205492896399,8.5936436064793,8.39277210782376,8.73982391313149,8.8033862173937,7.73316551779661,7.54812749491711,7.80384878043276,7.86847034516185,7.62774547322332,7.56683594007941,7.25611843531669,7.06655310606464,7.43699978714002,7.24249448072335,7.09690094906105,6.92121991107707
1204,5.64769436088428,2.68497894514271,2.94939953470839,2.97677488484353,2.78671453289272,2.62556017865739,13.626040198595,13.7698032620465,13.8479746459987,13.8896749153737,13.9865644658947,13.4310109913083,10.9873269936442,11.0756575422136,11.2123432346371,11.1860460348298,10.819717833735,11.1700642200202,11.8279420911237,11.6314819650935,11.9996931396946,11.9339300339647,11.7640273197515,12.0300322532359,12.2353027639703,12.223757534518,11.922900524065,11.8337040769184,6.96958498155715,7.0557750436601,7.16311674054274,7.01806716080328,6.81742791322724,6.92457393397313,11.5012203173263,11.4580013665864,11.6428288052445,11.4828496430308,11.3098201733745,12.2650040680774,12.5170544476219,12.3533936019599,12.1629867057993,12.099401809887,14.7036412366424,14.7287823374908,14.7966368664627,14.7823628901948,14.5912078621752,14.6665345150027,6.93126612326299,6.84654086217978,6.67089346641688,7.03840120542815,7.1012541756826,6.94929413555957,7.6605111432239,7.532396585368,7.36714052847727,7.54551683030685,7.80694720449939,inf,inf,inf,inf,inf,0.268508534690085,4.77300631768809,4.7378403388189,4.69008254967226,4.82169614596761,5.11226820024359,8.49126094191541,8.38137732598512,8.49887462304208,8.42305205049533,8.52354796944199,6.7970210227156,6.79590325403377,7.03300638283658,6.98847733622756,7.01761593866811,8.7164831633362,8.88419355589471,8.75305767778548,8.48483377575135,8.88359051437172,8.91617406294474,7.74199288085685,7.67775203890719,7.91154109446387,7.99737587901822,7.75730434991541,7.55461902900189,7.21756320423272,7.07286246810148,7.41401048809942,7.38974527460337,7.25746101684228,7.05940652473107
1205,5.74689683255008,3.02078578211257,3.13122167181306,3.17315235481706,3.00191314372279,3.01695347708426,13.8681572488651,13.8297268682671,13.9255464015584,14.0053914832365,14.0296742529615,13.5403228942239,11.2306174444019,11.279074505258,11.4367747787218,11.339772571892,11.0442813836072,11.393219175578,12.0551543718745,11.8988529055463,12.3397221934186,12.189997813898,11.977999251728,12.255879076345,12.4578400591594,12.2676960351123,12.1204768856326,11.9375503887463,7.09855402088041,7.11381212618488,7.36159235138928,7.19967343714384,6.99920111978467,6.9782592093601,11.5537879350252,11.6380572641564,11.730767828802,11.6176348187177,11.3773754134254,12.5825311399301,12.7535680669169,12.5900195159992,12.2442792286253,12.3027076541016,14.8959585375476,15.0250290436998,15.1695535246949,14.9015439659107,14.8038470333782,14.7296908461306,6.9886553478208,6.89072194863813,6.8160145630735,6.9184141846969,7.14842177940344,6.99510217842328,7.65468340246568,7.34103605764774,7.26273864641415,7.48903207973061,7.58523863289356,inf,inf,inf,inf,inf,0.0979099246552734,5.03179811558039,4.96174186270166,4.75832730842837,5.03639397985332,5.15053878538377,8.3964808854079,8.29402652132816,8.37759659468968,8.3908181377708,8.50727252335713,7.11797228896623,7.00924300589696,7.13017414864218,7.21768015012595,7.15158519714859,8.92651688233615,9.25752458957737,8.81767440793118,8.81790909686054,9.08172402630615,9.28728345748962,8.08149565964238,7.88524135437362,8.26415798353493,8.20434271634908,7.96831143774873,7.77478742435516,7.43202312106508,7.41489795902854,7.62958415713992,7.5076322364059,7.43924740578583,7.26210429893178
1206,6.02867438255065,2.99693976816652,3.10724921189444,3.15818845826129,3.00685761449713,2.97040391617224,13.9651342611858,13.9247768302111,14.0193333281384,14.1317168872941,14.2284146651349,13.7858353663288,11.2563350799246,11.3472562047227,11.4550957032859,11.3183593077108,11.0843656528699,11.4360051143586,12.0830614365505,11.9095634542689,12.3113695502828,12.2062711304979,12.0306158643963,12.0866368464299,12.4716895941345,12.2496491438487,12.1060474571573,11.8958715776599,7.0533588693289,7.04229128825895,7.24138297717572,7.1775440714543,6.98470596417666,6.91065972869306,11.4867247402692,11.5499575356565,11.6685266576877,11.5779402415862,11.3014783540407,12.341690697621,12.6575652662534,12.4804582074922,12.21082850198,12.292151888654,14.8767581175708,14.8615856721455,14.9672573051784,14.8544015304204,14.8031891324171,14.7055643804815,6.89917873674543,6.79838618533103,6.56941764157933,6.82215100520015,7.05517943732174,6.90234539877486,7.63701322888791,7.38569658827842,7.28384058896259,7.4885775634804,7.59778863076207,0.142703852684343,0.197320515855357,0.331422101139519,0.268508534682421,0.0979095121181148,inf,inf,inf,inf,inf,inf,8.48575998499543,8.36313174869366,8.46206965123095,8.4858188979528,8.60226228612126,7.08195092829691,7.10313370490015,7.22101091718804,7.22103611297425,7.23595682906865,8.92407625772309,9.21790892295779,8.90987379112684,8.79560250910765,9.06701601793743,9.24902367391807,8.05500869985653,7.87784762019586,8.23433506031559,8.19892568361509,7.97146060600722,7.78324139588874,7.43677867924436,7.38738380571387,7.63195572091174,7.5671756422202,7.41442260751994,7.41800991301443
1301,4.46541093718955,3.10765525813058,3.22746757023376,3.06350640335762,2.99224689573509,3.18648359941904,9.27384134227829,9.39986161547192,9.62330156892667,9.29008382424518,9.51158776823965,9.23960092220274,8.08480863032589,7.98414157018219,8.23006380157887,8.01731843502984,7.93449856368146,8.26991853232963,8.84155248806553,8.60196320923514,9.03569931434188,8.89172388918702,8.68543274111953,12.4155422072053,12.5893533898558,12.5496427487516,12.3970097359893,12.2709698442336,10.6298727995872,10.8010554465762,10.8697888189876,10.5210852796794,10.4421463317661,10.6090717086654,14.3906616707555,14.5406461709025,14.7334285845335,14.366571038213,14.2327282911946,13.1711409457103,13.3155306668571,13.1029174480368,12.8997841478374,13.2386023714186,15.3340708456071,15.1905179626404,15.38081257991,15.2485906808745,15.1214224074719,14.9938464443528,10.6051805757096,10.5280247871706,10.4192920977214,10.6899240179474,10.951145055367,10.6291427923321,7.7274494111711,7.75158253893061,7.54004184822477,7.63471970695306,7.85911168513833,4.94806035704698,5.00268691826389,4.76517577217677,4.77303716763999,5.03162777959538,inf,inf,inf,inf,inf,inf,4.70957859812092,4.53475953160447,4.66454374373598,4.64736612047909,4.87192548756224,2.80070692426836,2.68382147171263,2.7896586729785,3.01313440577162,3.02194642581299,7.45518774836694,7.59567700425642,7.2902021599359,7.44088774969032,7.70695266353471,7.77173396274689,6.70185484228677,6.79012414238391,7.04820764447749,6.83000334540761,6.59418830138004,6.5394704438522,6.0576952313553,6.03471473403945,6.1358079933609,5.93490120950275,5.96292018553608,5.88724314660156
1302,4.27639114178848,2.94237857801292,3.02748409467694,3.02383013609673,2.80656329984708,3.04197697556214,9.09255316792195,9.2155034181254,9.27225943763717,9.1250940454948,9.22233192013767,9.04839469517255,7.88770305799664,7.79688004047247,8.07187123912908,7.95153713459925,7.6144697572622,7.97115282948378,8.65292812903046,8.42899070860417,8.84548318399914,8.72239041792422,8.49924342787759,12.2343987366689,12.3979335299048,12.3997020573432,12.1488017694066,12.1239217124887,10.5920256660371,10.6398243221342,10.8810903825768,10.4489226395056,10.4220602244756,10.5256620752275,14.3085729489826,14.4841752520921,14.4076581555335,14.3406591987631,14.1880136153183,12.9904853532789,13.293987746853,13.0704694460795,12.8487507499221,13.1045978098157,14.9391663138425,15.0070067808813,15.0766886309034,15.1019442526487,14.7863664282672,14.8226132271142,10.5750005227478,10.4776634418522,10.2588580547193,10.5080335047311,10.7352830987846,10.5820157205985,7.82100718526654,7.94048298871662,7.72764961612999,7.66481384185108,8.04392291388362,5.06591426861513,5.12656131256348,4.85175478566152,4.73794791452178,4.96166719307403,inf,inf,inf,inf,inf,inf,4.90361739017393,4.7272458812798,4.8537604496029,4.97431027920356,4.91418860831691,2.62799463687353,2.62531659707613,2.68747269082463,2.7583084249586,2.78954922843368,7.3738628585102,7.4047089187856,7.27646830663789,7.25246120966941,7.52176713997155,7.43548144576505,6.5126542330387,6.50311104377417,6.69345400383887,6.64917761701267,6.41774650380152,6.34853402292193,5.88262144458592,5.84530681531092,6.07924058594253,5.74761794312742,5.59708325263344,5.70470222583494
1303,4.59496395890821,3.0236741967878,3.04396269016133,2.99588905165989,2.83591159243267,3.21830341291683,9.57201807985646,9.702115909385,9.72267609818804,9.53891182230971,9.62909573132868,9.35561609986504,8.23584916055432,8.11754251914971,8.3881399681735,8.18444162849577,8.0739260547563,8.29510543997452,8.97317481888935,8.86821627952197,9.16196313355331,9.04351922464805,8.84162481739375,12.5112029107816,12.7050222379936,12.5963848519322,12.5384305734996,12.3228683090917,10.5497277881708,10.8650190920948,10.7616746530808,10.5199820011364,10.356243203339,10.5951253457332,14.3789612736093,14.4790727664243,14.5937566297631,14.2787424424807,14.2591776390714,13.0620704701589,13.2267282296419,13.0375451758687,12.8328901934706,13.0985461026725,15.2952980161564,15.4057369101956,15.371091371882,15.2883962019198,15.1175454908577,15.2577991365874,10.5256536870247,10.5506762782751,10.4701768067448,10.5781529696643,10.8123390961685,10.5624095985048,7.61065011718856,7.6081200661747,7.42054146101246,7.34018353236984,7.72773103753424,4.72738974467957,4.76265016664999,4.64829639229521,4.69005865479903,4.75839084267148,inf,inf,inf,inf,inf,inf,4.70320997283915,4.54408677231666,4.6673517154241,4.72559670864452,5.00933465258816,3.0259325548651,2.84075630414128,3.13811123154675,3.1749167435524,3.17322253744878,7.55360394703274,7.90042954505245,7.40710185181108,7.49194232347112,7.84574497450537,7.93069251167985,6.82941582219075,6.94258771994316,7.00778403860176,6.83929864381308,6.74119775938844,6.65312953674436,6.05421173335476,6.16109804769768,6.24397599013754,6.06928181045566,5.91350952648234,6.02781054894472
1304,4.59569274373371,3.29106905466541,3.38423924823265,3.39307594716923,3.15643358808635,3.38158756121904,9.3753935094113,9.37909301507207,9.45025136519457,9.36127149986677,9.45406552488687,9.17930545379532,7.98855764520696,8.10487120795022,8.17565656559584,8.00917245861897,7.77033245285423,8.17494367207294,8.97195969015517,8.68399014464116,9.14913340573344,8.98215746914265,8.66907526859933,12.586838688935,12.7353302144545,12.7404942981169,12.5208332182209,12.4646755093452,10.9498847838419,10.9808023970644,11.0360887193932,10.7964695423886,10.6208313537262,10.8714518995114,14.6548801081196,14.8363369122064,14.7464545839476,14.7040430253395,14.4225484398348,13.3367763343426,13.6604967705502,13.2885798777686,13.2026427663743,13.376937302288,15.3069933872069,15.3583263253645,15.5758072351915,15.4426512386566,15.3522980791059,15.1741823269101,10.9385726412055,10.8349328336974,10.6004346640046,10.8542172261403,11.0904609950246,10.9382488956087,7.64557715240472,7.91122756983788,7.47365071069206,7.51497412606652,7.87307003910872,5.13119836033304,5.1908689666448,4.92535321731541,4.82169386911711,5.03630157550192,inf,inf,inf,inf,inf,inf,4.54515760315943,4.36834410183352,4.49713516916597,4.45663959994078,4.573066932599,2.88712846635547,2.75615420928962,2.83605424349057,2.98387776138199,2.9363039593455,7.65016904781213,7.80835766757812,7.5087713746516,7.61442628345958,7.82751374841542,7.84019550772218,6.93487140357042,6.88823850147634,7.10801218193239,7.09500467118132,6.68808742076027,6.75153332287849,6.14487876459702,6.24792347886181,6.34053503903693,6.06148800395392,6.01653910025081,5.99591580913502
1305,4.50131725109082,3.1335538143706,3.21087759820577,3.19849201092657,2.97803220988103,3.2903571648801,9.17065815302581,9.30104850142564,9.3350518261881,9.15988113789227,9.25423084183849,8.97656628174394,7.91435853741726,7.8940336261108,8.04879721880002,7.80192759316972,7.5791146101514,8.09441093121032,8.60616678960962,8.47952440547783,8.96217514310789,8.7753964260428,8.56975962653223,12.4222825142692,12.5422484321317,12.5979365861515,12.3234707634776,12.3630294573047,10.7000075379921,10.9556646965641,11.0310032769624,10.6391037402161,10.5899333800355,10.7179427907319,14.5009005313832,14.6692491704316,14.692751175322,14.4237330031066,14.3646612736802,13.3334585769579,13.4633909798699,13.242721645383,13.0318170847033,13.2820739980663,15.1122920172038,15.1874919078113,15.2013708359986,15.3384434813809,14.9416815145508,15.010838455177,10.7487635754942,10.6594383533487,10.5671236087788,10.7020515489237,10.9165003006391,10.763528614847,7.85604261889464,7.97765852544131,7.66392050943992,7.71966565627172,8.01519511979172,5.09654398926022,5.13949174320885,5.0457409748157,5.11204538215901,5.15041238363065,inf,inf,inf,inf,inf,inf,4.57299713963882,4.40382720653497,4.53204129372341,4.60957783313649,4.92751111556396,2.68200390131892,2.55256723438879,2.64057960582844,2.78357065898463,2.73869227793093,7.43939209310455,7.60488508273672,7.3068992565828,7.35452814481042,7.62628521096301,7.63686872681752,6.62343067453164,6.8627434081704,6.90859154453279,6.72143163882668,6.48339861726874,6.4919539697774,5.94016338039612,5.95780075190749,6.13537162972701,5.97893076864885,5.81875509324452,5.79101667191626
1401,8.56923932268667,7.85897878889871,7.85119268350812,7.77706241310696,7.68222753113509,8.02735110353638,10.3823446110372,10.50678478898,10.5619816212873,10.5232517024277,10.6090011084603,10.2127996908911,11.2261600251389,11.0046774426794,11.2872702615071,11.3365562273302,11.0981023989898,11.1804262843236,9.94161909015363,9.8546012393529,10.0415606896208,9.99185427813922,9.78406600302905,16.5177524904423,16.8735646348627,16.6662946163432,16.5202821925026,16.3354311352986,15.4725126176363,15.5057707588697,15.6671562458474,15.3487146990523,15.3620603676624,15.3687317782071,19.1491010882945,19.2657899271061,19.3185026334091,19.1950682392987,18.9703304631114,17.9826615794394,18.1753394695113,17.8103592820742,17.6219739711762,17.8477978232768,19.2964799369275,19.3862949594001,19.3789462533082,19.3031070597458,19.1273236835717,19.2126131647809,15.321121912923,15.2562082994216,15.1327176984291,15.4024464787721,15.6338202084952,15.3512703296638,6.64361303383567,6.67162273409795,6.39418371944561,6.39650838841708,6.77339374940757,8.56121933428497,8.6324943894883,8.66752354293441,8.49015751437523,8.3960559334145,8.48746887483856,4.71375897120285,4.90769851581868,4.70684817077292,4.54943116014578,4.5757545026749,inf,inf,inf,inf,inf,inf,5.84607841145475,5.89879488217421,6.05470604424743,6.00100391635955,11.6793727785151,11.8557300858102,11.40658085355,11.5638180432149,11.8297326947211,11.7590948131311,10.9946176021775,10.8495589344775,11.1075946045104,10.9301682152001,10.7765185970482,10.685078585848,10.1592522782928,10.3369323184481,10.2856762751406,10.0625916616121,9.91521352325495,9.94154276538264
1402,8.50945743055513,7.67999752587298,7.6727690862235,7.60057144478119,7.36241883406605,7.83935314276668,10.5481648823902,10.5663244673113,10.7129890831887,10.5374580938111,10.6311662351071,10.3572325060182,11.102219555615,10.9145410701615,11.300149469555,11.2484625217793,11.1518541994932,11.2194137547423,9.98035285920899,9.85618332287423,10.3337675898297,10.1527451199945,9.85402435658713,16.5237537631178,16.7233858394336,16.5737736691869,16.5682945116456,16.3279756473311,15.3358665209615,15.4164666986451,15.4038329176031,15.1691751139091,14.9781396924066,15.29147707307,19.0716125745252,19.1199650685033,19.2545449675846,18.9072018846604,18.877282853427,17.6456949372246,17.827351354496,17.6996745038024,17.4691371577988,17.796831812186,19.2222467803906,19.2775428898545,19.3136515879573,19.3773298048922,19.0896171920635,19.0936774967899,15.1427970216959,15.0655339745545,14.9567727161035,15.1332301382883,15.3333002855102,15.201287500558,6.4816070101157,6.62390875375733,6.30517033163572,6.35699953372177,6.75662197254625,8.47211506612817,8.54178659957188,8.46924098040272,8.38062980067627,8.29118359524998,8.36253210306319,4.53646204530049,4.72887688749547,4.5452734533066,4.37012694674334,4.40429975373096,inf,inf,inf,inf,inf,inf,5.84875750434425,5.93327448236239,6.07864988056292,6.03253315855637,11.7522384948659,11.7264666108787,11.4281949308229,11.600837617942,11.8755021906757,11.7584066580661,10.8446728515799,10.999273612679,10.9943931119327,10.8594526034817,10.6515871400042,10.6049143457947,10.0670566753569,10.1830483098229,10.4563078079935,10.1022124112978,9.9432084596941,9.91597276727336
1403,8.56842110513301,7.80940746877296,7.80506624662561,7.73283430288054,7.63093722171297,8.03712315935481,10.4180418091396,10.5387129404103,10.5997761602103,10.5442622110857,10.6326493409537,10.2526750967932,11.1245526007926,11.0329255381681,11.3068776353599,11.3642220690577,11.1279180972329,11.2064912234379,9.9692328843048,9.87162600496325,10.1608333934787,10.1795541156278,9.81904588797437,16.5364816218497,16.7281541901158,16.6946455767286,16.5504433020507,16.3486965422394,15.4826339287784,15.4940980765643,15.5359544445281,15.3001674498364,15.3095104189253,15.3581116517346,19.1382877991162,19.2352535248842,19.3150574141416,19.2086466882993,18.9589657094578,17.7618227642282,17.9868370381263,17.7933864348753,17.5888791030777,17.8480985996868,19.2905262402387,19.3700922223547,19.3765283739457,19.5007408687114,19.1296291735782,19.1914902004607,15.2825718889697,15.2301424932399,15.0890744349152,15.2576351240354,15.6434575266869,15.3187458394754,6.62280709933644,6.63348295525885,6.34927406869563,6.36184311668546,6.74351344363121,8.5499065041986,8.62137056282609,8.67017335439822,8.49754665667093,8.37710039286027,8.46375238251448,4.66887123550012,4.85800770230756,4.67116746871786,4.50155424588174,4.53498749721289,inf,inf,inf,inf,inf,inf,5.86287877560746,5.92483691820353,6.07876169117639,6.02684901203358,11.715290099113,11.7438578550657,11.4300383209665,11.589462568659,11.8593558876242,11.7744081804593,10.9611224561237,10.8522130725165,11.0878316641084,10.9206998444544,10.7535141067984,10.6934662058365,10.084976429024,10.3028667633555,10.291749382472,10.0909303716928,9.93967403620667,9.9547450512845
1404,8.5120594395568,7.92934001113427,7.90653102992575,7.8267182923869,7.55988485387895,7.95297965890113,10.2685731540371,10.3974462885505,10.4472542879881,10.4265865974712,10.5081440222621,10.0970545552983,11.1127435782366,11.0934177333618,11.1927861632358,11.2302417783981,10.9901774110838,11.0777171513008,9.83573431654987,9.76396549090588,9.92511411002251,9.87905837439173,9.67121063406262,16.4250286367741,16.6049259765029,16.563853220956,16.4122652214219,16.2546721660994,15.3993514079584,15.4763319398621,15.5946600242825,15.4135748581299,15.1004929046648,15.34486277319,19.126183383803,19.2831627666792,19.2703866200301,19.1178869597712,18.9357513524292,17.906536299895,18.086279611064,17.7875684558592,17.7451039498715,17.7924438992274,19.2524437034103,19.3622358487445,19.3254439427107,19.2274846193823,19.0733699820504,19.2055948159236,15.4373558457481,15.2712820049169,15.1781170879373,15.3101025052651,15.5605169161549,15.5030020819918,6.74983973817459,6.7876296820945,6.56423946735891,6.51130262733194,6.88574199131888,8.52967132986787,8.59833257154419,8.604048427773,8.42237846822778,8.39038698566744,8.48737495820704,4.65119687169639,4.97778067593564,4.72872852828316,4.46136034395518,4.61178462218702,inf,inf,inf,inf,inf,inf,5.86241367365636,5.79596560148177,5.95352491530021,5.89778639017753,11.5660967233782,11.7410924788976,11.3060365886293,11.4687300539265,11.7218988241566,11.7728858716259,10.7351628530852,10.7903244658819,11.0947841734377,10.9034717339446,10.5392710665332,10.6238426695278,9.97582349250746,10.0649545567167,10.2242949717395,9.95611171862597,9.81436421268514,9.86679883283101
1405,8.61892204752474,7.99680022202852,8.10084039820285,7.93446341196711,7.85314074331862,8.04783793877024,10.1975887255668,10.3109234997133,10.4726738625554,10.4939881833714,10.393586179251,10.1097775100137,11.1387440350837,11.0882692793874,11.3372128947563,11.4175891876566,11.0367805976026,11.2539983300271,9.88553610093196,9.61258367102741,9.92518806268909,9.90814825661308,9.70375032115438,16.498284625439,16.7597692205074,16.6340032521114,16.4581483934342,16.3445446176874,15.496519422478,15.5903918577685,15.6883990460972,15.5336606003744,15.3357967632639,15.460675227827,19.2420974504262,19.398470121661,19.3790310567633,19.2144034337457,19.0477037782636,17.9977449522391,18.1744986920221,18.1422707144175,17.8270615634691,17.8984201909428,19.36222100134,19.2743970549922,19.4306501304655,19.3205841854598,19.1821865945906,19.0933783560845,15.5100160862691,15.5420501561727,15.2061588321144,15.4533721134574,15.6567317437808,15.5733980598566,6.72870539556846,6.80191211377126,6.55843894501311,6.6037593027462,6.87834951001479,8.6429798736429,8.71056086764873,8.70397903546218,8.52294566366379,8.50965425418249,8.60661071395093,4.87527851454684,4.918418343933,5.01173539453994,4.57776787059101,4.92877452588316,inf,inf,inf,inf,inf,inf,5.88263679979645,5.85481925194481,6.0124889841278,5.95381370112751,11.595885542621,11.7600755235607,11.4644942153922,11.5338990470213,11.7667142734793,11.7920179085011,10.8098746448476,10.8951094463678,10.98666853346,11.0190031558922,10.6225413927057,10.7321189699055,10.2797584236193,10.1416777227095,10.3303013298232,10.0038892712803,9.87612226050798,9.96473424813768
1501,3.91576653741023,4.4378889149984,4.41743574722965,4.33978482280215,4.27789909284328,4.59722691500032,6.75692341930421,6.75172560205484,6.85425685331192,6.89445167438308,6.93699909626918,6.55947398429227,5.12198430654238,5.20307140319884,5.32309058522041,5.26153988405512,5.17809587310644,5.25025120480445,5.92934766009513,5.79699000751782,6.2671118659047,6.09190351904804,5.88409832330792,11.7163446176921,11.6983190891721,11.904541683638,11.5435254552566,11.7724241789151,10.9995815703059,10.9793718489635,11.050276728147,10.8228166239298,10.6183493204119,10.7660822907629,14.5502438626284,14.8770365205524,14.7270598636577,14.5427213601945,14.4024807080291,13.3526670163846,13.4919727720733,13.2752006659192,13.2455444822703,13.232199637868,13.5181666547214,13.6591373168809,13.5523489194443,13.406017929976,13.2833129128452,13.5667072258362,10.7789823001839,10.6959818032529,10.5944543653812,11.0281553878607,11.1343026492329,10.7988139212586,10.5221286503722,10.6714604066175,10.3416093602032,10.4050136023231,10.8074854969204,7.0470973599074,7.09661983684976,6.87104439422841,6.79691090701586,7.11795643942668,7.08180222239704,2.80064252824858,2.62793886996352,3.02613002212143,2.8867891565796,2.68186237607862,inf,inf,inf,inf,inf,inf,0.134899488038016,0.16357724058154,0.150186213682313,0.154533167048957,5.58336670882876,5.75135736046671,5.45517357890198,5.63543796170687,5.90911725707084,5.78332168004693,4.84957240913546,5.03080647112965,5.00047141060665,4.84323252941728,4.65943555916521,4.82749713092688,4.39232017683604,4.58907050798863,4.42004318062643,4.20970793601179,4.25732205510343,4.48471166399026
1502,4.06980351496351,4.45057672187738,4.45659620637462,4.39100855461238,4.26746370710787,4.60833018781982,6.73810089503272,6.76287049054727,6.86592775901797,6.86988327320728,6.92753876944399,6.53681512308003,5.25256195514215,5.20298808209752,5.44992070627981,5.39799309743661,5.29294989793689,5.36691696146706,6.21030951759526,5.92673273822485,6.41361863520195,6.22390106446887,6.02183457877926,11.7669003925171,11.7887787501706,11.9580883151533,11.6019532752294,11.7843128131281,10.9995049252398,11.0283338665922,11.0837463336745,10.8444554074292,10.6685490747241,10.9198963774169,14.7050693712796,14.8874158867903,14.9225544661002,14.755653038901,14.471318941895,13.3851450344969,13.7123014035821,13.3359080733237,13.2523384249418,13.4270353272503,13.587239361313,13.7192674033693,13.6384669164518,13.5056521289065,13.4152292090315,13.5950528809912,10.9898243140935,10.885258457537,10.6476644722327,10.9024650123032,11.1401702702529,10.9882577939755,10.3993471709503,10.5386164871655,10.2252393059054,10.2725135118371,10.6717054232146,7.10222852930223,7.16172649749832,6.89768813760827,6.79572805219511,7.0090305622681,7.10289474387627,2.68376496789604,2.62505877898081,2.84071043802779,2.75586797663462,2.55243516194344,5.84698826194572,5.85257522936533,5.86410653360268,5.8629746777733,5.88305627362542,0.134898780558861,inf,inf,inf,inf,inf,inf,5.57959871945098,5.75007734640117,5.89278484751035,5.90987286650204,4.96766456663962,5.10216027036867,5.12879262269065,5.0028496284706,4.77953942402018,4.96540263197038,4.46279087762968,4.78009312248634,4.54902937517054,4.29318205589766,4.30589456084122,4.52664959498857
1503,4.08042158622846,4.57212353312124,4.56649442774695,4.4937654116049,4.39440040970511,4.73121588024543,6.61187099770624,6.6305566621184,6.73383680603755,6.74654604832607,6.799350281823,6.3824913945369,5.19702412864941,5.1090354487308,5.3807553653799,5.36628906497582,5.19954538205258,5.28186594910844,5.96592420157882,5.86607078675345,6.29093192449023,6.17265351816407,5.81782078089702,11.8720443137219,11.8636875928047,12.251913513883,11.7012705695529,11.9077179025734,10.9680057577028,11.132140132756,11.1976321051384,10.962385985462,10.7734675147707,11.0363845573381,14.82300701594,15.0101792531056,14.8873399345985,14.7017481961432,14.5636202747357,13.4992801293297,13.8430552970939,13.4338286301415,13.376185580782,13.3932520570653,13.679044111154,13.8178084129215,13.7169043933232,13.5709780872903,13.5190725865178,13.710258672401,11.120355617554,11.0134191179162,10.7503989598581,11.1928296089081,11.1203297913612,11.1150321777456,10.6131833816505,10.6193480634187,10.3329571599221,10.3493504993073,10.7317173976377,7.20296265746822,7.25626636118779,7.18649814192629,7.03288766088236,7.13017378012675,7.22098841654046,2.78980875014318,2.68748492705582,3.13862782395152,2.83602770806803,2.64065679235883,5.89870543040294,5.93549523637319,5.92488642841348,5.79562631026988,5.85422326402145,0.163578273237649,inf,inf,inf,inf,inf,inf,5.50502316022643,5.66515832934751,5.93584340784748,5.84727135044069,5.02510127735389,5.19148330015473,5.15172556623674,4.98534336067004,4.81701549610429,5.0772088695343,4.55393772629396,4.90636337237318,4.65035208481094,4.37345618562446,4.41071403814171,4.63619062693977
1504,4.00673091668645,4.58027093088143,4.54930030491023,4.4671695792895,4.42624420452728,4.80930634564045,6.64487924317074,6.61931650901514,6.71970410091215,6.78279826432422,6.81359961338255,6.34939219297609,5.19796341959537,5.14047531724419,5.22418463929213,5.2848249504032,5.05340478627875,5.13154089609418,5.81574038496205,5.7082916549251,6.00444056670805,5.88497679877584,5.68130473918872,11.8409379314421,11.792304038499,12.1231094839148,11.6677025730926,11.8544281338116,10.9190130603284,11.1064884588957,11.0311562041258,10.962271599673,10.6357288776122,10.8593019051643,14.6445646713113,15.0195807152616,14.8435592295158,14.5572166686022,14.5138165344355,13.3316474740417,13.5038626298623,13.391126471005,13.1776897085752,13.346815879711,13.6324009317518,13.7762011836694,13.6497058378337,13.4953048337931,13.3623857865647,13.7035159069875,11.0822135841688,10.805079635727,10.716077539163,11.1176834236067,11.0627870710949,10.9093332039819,10.7711208910734,10.7656790621205,10.4624161108234,10.4987006462078,10.8858933739822,7.17031159834789,7.21142464010036,7.11018003043723,6.9884787642969,7.21799852650348,7.22110506932159,3.01364007986878,2.75845877662748,3.17543749057872,2.98380600440318,2.78364588989228,6.05472782694294,6.08101411054737,6.07892773400958,5.9532920397444,6.01199929668897,0.150186227030731,inf,inf,inf,inf,inf,inf,5.35107758652231,5.51542382643476,5.78907926230441,5.87113537464003,4.89459408431883,5.148062484478,5.03501014942747,4.84600962260322,4.70701721717691,4.91049891049862,4.50004694515977,4.70023255660453,4.496125815035,4.31090561351699,4.38394938403665,4.48359158738015
1505,4.0473705589161,4.59223649024851,4.5704225327175,4.49111494077913,4.4279826057951,4.84576611097515,6.60837552068869,6.59793027703971,6.70054970341297,6.74653718467163,6.78488469437208,6.33847943769679,5.23732542475469,5.20028849811176,5.27854917490125,5.3334562020852,5.09877197568949,5.17999342717683,5.86411067183418,5.76437925157232,6.0547542316452,5.92614302113329,5.72012001654451,11.8675247930932,11.8325330228791,12.0537950273566,11.6940878996198,11.9118441157912,10.9494951296871,11.130365445762,11.0763064226492,10.97717714858,10.7676160156869,11.0527486431145,14.8405819505842,15.0313586972558,14.8735425444412,14.6941058072319,14.5467469808966,13.377141922845,13.5526403088051,13.4219102761907,13.3994136444044,13.3774297369974,13.6636735235538,13.8065025735958,13.6881779313165,13.5355946168463,13.5214014879766,13.7208916277096,10.9267810871509,10.8393324356248,10.7438680777389,11.1591087099988,11.0964911722519,11.143585665243,10.7143954521434,10.71877613089,10.4247935998193,10.4501467933793,10.833752140257,7.19680883927716,7.24248109189184,7.15143033733882,7.01757408623709,7.1516403711939,7.23599458903156,3.02245112806873,2.78953512737769,3.17374599402546,2.93625848590825,2.73876932612827,6.00103584949392,6.03488231062974,6.02702052656528,5.89756850132826,5.95334292755087,0.154533663050299,inf,inf,inf,inf,inf,inf,5.40286662898013,5.56346760247207,5.83504882718503,5.90786081717799,4.9934533769611,5.17731252435517,5.0880249740246,4.90569839411968,4.75871564722266,4.95417524464627,4.53471826740718,4.9345292721054,4.65138476291275,4.34760934308423,4.40853183928201,4.53177898837451
10101,3.24485747071909,5.92577353496737,5.81996847691521,5.75869021388332,5.93038779991305,6.09121071340686,8.45498611480527,8.39520677119967,8.48352133143725,8.58780244282319,8.59866143248911,8.08389626562435,3.67470812678129,4.00548926330583,3.84515481604352,3.57668489040435,3.52980513368513,3.94198438360942,6.37191554284726,6.35532015344565,6.44085666739346,6.51915524882105,6.45860626613641,6.61022225996639,6.74211487500279,6.83667079189611,6.48596007151227,6.54942092002723,8.13808591784117,8.33101855040411,8.1705185865791,7.94264634482953,8.0735952008398,8.31422512935074,9.5931421273551,9.66200407586462,9.65937636718497,9.47404555531991,9.49787162441366,8.18467265016979,8.41985525722038,8.37766986935504,8.01582907352064,8.16519905364525,8.44488722589668,8.76323515851703,8.60980913699968,8.33145314195307,8.28549860201781,8.47532444102669,9.28819368239705,9.07726016545557,9.01751586225636,9.36618593214941,9.46484978604765,9.18028790754969,14.7273530747477,14.6038629025651,14.4506434766217,14.7809059683062,14.8729713081938,8.78339902558961,8.74762075340092,8.75472678147209,8.71739359576205,8.92750765931825,8.92462749055163,7.45588070963915,7.37353075242511,7.55448254345184,7.65054187368153,7.44005253515566,11.6802413134184,11.7547928299106,11.7162840924224,11.5666870064166,11.5962942801352,5.58308607763523,inf,inf,inf,inf,inf,inf,0.182002910564489,0.189946934179804,0.182758736837163,0.209861741207047,0.868553882480783,0.97256663428678,0.707648892756989,0.722175502814315,0.960138293431524,1.05662948702967,1.49821623705341,1.58775371161416,1.30382382002946,1.58682143291765,1.66543616895983,1.66869838652436
10102,3.29117074472216,6.22139980446853,6.11133186187974,5.93506992777395,6.29710855307733,6.25952253782678,8.20939128759126,8.18226315325341,8.44967373311958,8.53301984254174,8.37955272465774,8.01936542552441,3.57758819758428,3.76219833084515,3.6703699069526,3.44310087964855,3.46093798422515,3.74542904171694,6.26934490292379,6.0135750674625,6.37751157657235,6.41342210276297,6.40430430482528,6.60650581769801,6.8561311531815,6.9088947954393,6.45015370779768,6.59424461716186,8.30189503266407,8.49054882984784,8.28561454216451,8.10805729141505,8.25380902799201,8.48662897927046,9.69626653743683,9.69969752612384,9.72587991124892,9.5494179241352,9.39700042098421,8.20968821395368,8.49949576268546,8.18300597966052,8.06087699815116,8.22953046310729,8.50905776378329,8.56039825281868,8.52604684472227,8.37122168695202,8.37161477933524,8.41602085592304,9.35668594003617,9.2627046519447,9.18345944531953,9.47671624184069,9.52030932670225,9.36702472117556,14.9023227495436,14.7654312283999,14.5884055350127,14.7746587352392,15.0517800906833,8.96228256474454,8.92780559833677,8.77314854272794,8.88516431495925,9.25982786684246,9.21968303277366,7.59651783361804,7.40555418891636,7.90055402406876,7.80896719188913,7.60548302822448,11.8570295726036,11.7285943595496,11.7428824583331,11.7421173454439,11.7609505828217,5.75190049434929,inf,inf,inf,inf,inf,inf,0.30349650671831,0.353633245828493,0.163025730583852,0.0343047971129981,1.04272907916737,1.21227820603214,0.884088497783155,0.889963840406648,1.12634270501458,1.33274641972119,1.66816057247053,1.76127677503533,1.46913125265008,1.67434246341667,1.80285171978797,1.84725004878234
10103,3.09181663586039,5.83444657260149,5.80255143928473,5.76132772078202,5.80249965062762,6.1297828598451,8.30175131662461,8.26731747468983,8.36578928144557,8.4389763946604,8.4650708257978,7.98959474359584,3.61561496189372,3.85227479821959,3.86814322406771,3.56842187259051,3.45196712805939,3.98987430032641,6.35331864156534,6.2013972279159,6.3420751947474,6.49529578254553,6.3608302412481,6.9153615442631,6.85724293482571,6.98927035478835,6.74292589421432,6.78326655136851,8.19476486146553,8.38588344977117,8.2954809280272,7.97256103132733,8.04406460998196,8.32711769881845,9.71312766709522,9.88798674459398,9.92012482880677,9.61964962177224,9.58795192204004,8.39620586448448,8.56522982917993,8.46378181739843,8.17761638802113,8.42246177370345,8.70261770162991,8.8466028828115,8.71463630033289,8.55957666551515,8.4214477239118,8.78278612054332,9.44204866323968,9.17799063749626,9.09352706840166,9.48529775873884,9.43744635693123,9.2824613856585,14.4731263701434,14.4646424102451,14.4306830145855,14.4713415193269,14.5866303722203,8.7694065138409,8.71524899195424,8.59552587973187,8.75472384271417,8.81877939758025,8.91103589031851,7.29103378818875,7.27636242983114,7.40809193680725,7.50869477038301,7.3076353399962,11.4068364246714,11.4303996973449,11.4304263142441,11.3061006190533,11.46490575847,5.45505048988512,5.57936242561583,5.50543212405026,5.35145491969217,5.40324355494171,0.182002695809418,0.303492612334847,inf,inf,inf,inf,inf,0.905840620838554,0.634443527552192,0.604365947502334,0.835779246048431,0.964939409573257,1.37117291441058,1.63311244213389,1.17206252507103,1.34747121596188,1.49410072364711,1.60584145520344
10104,2.9758201204308,5.7989475265891,5.68882830973074,5.64351664314003,5.84195546011401,5.86192342037306,8.5702805993369,8.53355767966632,8.62931992265481,8.59796012523969,8.73321928158629,8.38834610625754,3.93670847547783,4.12722375699211,4.01740987960874,3.95477829488678,3.70449069647578,4.09752077472206,6.54728411115013,6.47646880121204,6.74611780490871,6.76641064796737,6.61457604544088,6.56442918262886,6.58353773247733,6.83241168488339,6.48158636080568,6.45251172187006,7.94946375051352,8.1434985633073,7.93917266155404,7.75554183848292,7.88183245628142,8.13254972635062,9.43632940517853,9.61317340381359,9.5337620202156,9.47217933933767,9.20992464208416,8.11630847483982,8.42368286981955,8.20017500377911,7.97604231846306,8.0441565612972,8.32249253387955,8.45351140344411,8.37362105357968,8.28641833716956,8.1492648211557,8.32372145923979,9.00431755702923,8.90569618718516,8.83364918225631,9.20909944716708,9.1631204369257,9.00995767195668,14.7902473702778,14.531286639747,14.4301216312154,14.6386235950104,14.7460384847483,8.65341243439604,8.6040079918433,8.39278480992525,8.48455174576913,8.81857536380819,8.79602738163454,7.44094319337353,7.25271449270159,7.49299958774946,7.61508274934602,7.35553477937564,11.5641536426058,11.6035640733843,11.5901230414446,11.4619761003115,11.5266986103575,5.63568421312678,5.75017960575429,5.66591581846306,5.51614723426756,5.5641896145602,0.189946841299417,0.353633096720801,inf,inf,inf,inf,inf,0.818252798944835,0.565697435798535,0.622543895875293,0.859006444325475,0.920024608502633,1.40808412387323,1.40848528189827,1.34026825189978,1.69391124571735,1.68790319277197,1.55445587577301
10105,3.24661297581548,6.25989211947184,5.96027225681071,5.90913641528752,5.98413448601191,6.25857127427436,8.56154917552133,8.52738367430202,8.60369173305373,8.51268353763056,8.54340833278498,8.18069263940166,3.74184634240363,3.85989250958784,3.94269314825583,3.60255941665777,3.62261059017145,4.06338398411091,6.43335970462898,6.27631151726884,6.43730145079871,6.57713446995239,6.56339949859037,6.45273015522721,6.52515321929737,6.64230315901217,6.31217449937185,6.43075265326965,8.20042746651732,8.36897234235291,8.13989846261125,7.99838310086846,8.09883790895011,8.39368843577894,9.53932636509867,9.53661619641488,9.56214109682985,9.3870459311089,9.23313037196401,8.04942199271545,8.2194042900703,8.10717962518669,7.89721963975258,8.06571447979395,8.34514465726278,8.4888290871202,8.36282771039167,8.2082897904449,8.21058509491529,8.41130752003286,9.19531669095921,9.04728997667029,9.0218196970024,9.32558955470443,9.35648564477313,9.20321675821108,14.885169339506,14.910264933513,14.6969092346492,14.9127021618147,15.01548971209,8.92435864797264,8.87779783500128,8.74076664323113,8.88434217913255,9.08258200926453,9.06726489666364,7.70688601298893,7.52122645296931,7.84581091486396,7.82791380833189,7.62667081080657,11.8307183950256,11.8780066698326,11.8604862823654,11.7225892466146,11.7671878003584,5.90867168050801,5.8931926044225,5.93630790867369,5.78947847335183,5.83546494250486,0.182759583713349,0.163024739761038,inf,inf,inf,inf,inf,1.09314126284554,0.839778238335689,0.880907507215924,1.1193492971582,1.20663414201546,1.67687440934212,1.685719127271,1.47266540506298,1.76191470288637,1.84972732673226,1.81992370591394
10106,3.32197767675152,6.25254248679979,6.14233820274626,5.9667703347513,6.3253440790581,6.29150424407575,8.20952231502977,8.17772878130263,8.45883590544952,8.51976136576039,8.37623941616971,8.02242982464288,3.57423571217043,3.7618231169842,3.65835701468237,3.43162334800332,3.46475732301999,3.73806463397363,6.26624011563688,6.00017786827076,6.38043095754339,6.40819178955336,6.41010435607891,6.60007329246589,6.87127939918589,6.91785349022084,6.43981128322241,6.59698438146404,8.32726460383983,8.51189820646802,8.30221528061112,8.13401280663611,8.28447593910036,8.5294267441482,9.52919649258735,9.70183598627102,9.73162201448821,9.55780712452106,9.31556141984494,8.20832535243363,8.50909206580102,8.17462281874243,8.06414349367374,8.23506959014956,8.51420259816115,8.55193760394578,8.52784797958057,8.37273568243034,8.38141647599208,8.41337925426933,9.3648638488889,9.26711026878398,9.1964420114193,9.49132674566588,9.52476682299334,9.37147732616306,14.9341288471731,15.0031602664852,14.6190006999057,14.8062944442197,15.0831434171138,9.11297122343947,9.05254460137996,8.80447923563938,8.91714311674829,9.28957976080788,9.25079668150761,7.77179889143483,7.43633822394603,7.93083264604555,7.8408165910105,7.63745948407098,11.7579640314233,11.7606618758794,11.7735531191664,11.773975842227,11.7929578439704,5.78387795599875,5.91044620824909,5.84763715326767,5.87158531377541,5.90833024808531,0.209862521371002,0.0343048384479622,inf,inf,inf,inf,inf,1.24421543623099,0.917383638854722,0.924249806805576,1.16063583839813,1.36459873703539,1.70011741504397,1.78913887808573,1.5010863793724,1.70279838713378,1.83393057588182,1.87864989464848
10201,2.23628457323457,5.05913940571981,4.94876064043982,4.90663982187462,5.10981011346244,5.12021234027932,8.857596726641,8.83341884479974,8.93237203115649,8.9957975109978,9.22475962436802,8.66692808319277,4.33616840463501,4.40037227610275,4.53870659625211,4.11715292096197,4.18038436294455,4.5085375309474,7.11236011555576,6.75889311732763,7.02624237786746,7.0741957102012,7.0604772005568,6.76964354483728,7.00708611790727,7.06774338050869,6.61387097758906,6.75703109620857,7.61044783075418,7.80852170543201,7.60878027328116,7.47944297525172,7.43350279638365,7.77822190701966,9.6962756443705,9.86276252164267,9.8837986017681,9.70541690371237,9.55883866165583,8.40127320049707,8.58577764775382,8.48389911494359,8.22461645222231,8.32559158109879,8.60065409800716,8.81766396236693,8.69462843467154,8.53411018607939,8.4224924573943,8.58199319092893,8.74476029476979,8.63614300740283,8.68518563072972,8.92150843550544,8.82911828161686,8.70694063826814,14.0476593868701,13.8024126363454,13.6931987164004,13.8960281161962,14.0061797885882,7.91292078110064,7.8618944145352,7.7336476806996,7.7434839993005,8.08113144203671,8.05515472561631,6.70266707860856,6.51354325287025,6.8302533579103,6.93577522227463,6.62363067458298,10.9857003000648,10.8356013123097,10.952142612309,10.7293589270139,10.8037201421445,4.85013092022961,4.96803248286418,5.02526759835891,4.89490585011208,4.99363166159789,0.868532977770212,1.04270138958092,inf,inf,inf,inf,inf,0.19233382577093,0.181179585073215,0.195864811208713,0.191694186050999,0.191219020638726,0.675528052188999,0.668625526937823,0.503237894119037,0.733661728834139,0.843565248072225,0.81806430740325
10202,2.33782574354024,5.04001593896535,4.77455683174629,4.71656115219955,4.89248067655038,5.05347630691274,9.04210290489942,9.17851089091997,9.25822788769393,9.18044964285781,9.22238797902465,8.84683751126829,4.48395543348139,4.58023133709217,4.61786330873573,4.50214178970674,4.31481970008435,4.73265375714528,7.11937730240087,6.94930766691497,7.20629938364674,7.26573422067976,7.2349823530105,6.68936310717581,6.81540662691098,6.87834915556369,6.51613042037803,6.57615560898551,7.42420951214497,7.6028413994804,7.54869322322367,7.16982684311375,7.24285617636088,7.51888055867155,9.65503302615881,9.68400989060859,9.69687057349495,9.51596609610936,9.37129587267332,8.31699415846039,8.49572403696478,8.19608679420565,8.15378780839982,8.20347576042022,8.46852534210919,8.57620280778873,8.5421641587421,8.44377152884244,8.28981527860667,8.41597143874006,8.61170729683497,8.48278071366925,8.31781671454709,8.78953933292853,8.65525678353639,8.55862870999493,13.9609448089552,14.0118556940773,13.687292333712,14.0069046102316,14.1019939225391,7.73751849953651,7.69753271476673,7.54969236258072,7.67912065113883,7.88654960545648,7.87972039341863,6.79069871900263,6.50367784029169,6.94307757820974,6.8890466236275,6.8633441299713,10.8433564978536,10.9903649145157,10.846216874593,10.7838699446549,10.8884979019371,5.03126472568147,5.1025337377979,5.19152695732347,5.14814983300172,5.17737210360588,0.972551802244399,1.21140458188313,0.905836277883131,0.818236635327285,1.09311160543323,1.24334081185219,0.192332980543345,inf,inf,inf,inf,inf,0.703554470685913,0.64059485121323,0.567660011491246,0.80582844922751,0.885796535664662,0.80990243557858
10203,2.41813670932081,5.23806773703978,5.12743699009957,5.08860953391406,5.12939107356904,5.28788655190178,8.77708483672273,8.88024221914057,8.97053149314198,8.91156320886839,8.96453326599972,8.76076248922573,4.2164993484044,4.34635183892299,4.40032735515726,4.23559937017987,4.02356577319485,4.40411381503453,6.84440879427396,6.66200592276837,7.11370853622324,7.11194912367539,6.93869431041706,6.69847371477398,6.69702276561244,6.88894568351679,6.52866999056398,6.73154285510576,7.60012809405607,7.88185842795041,7.67278112239037,7.43690500992747,7.52455324509032,7.909949087812,9.6483916429149,9.83529129455768,9.717558702437,9.71003900952484,9.39388832489787,8.26287554496486,8.47792767504114,8.30742071849171,8.08742052833289,8.22428820268817,8.50594518711163,8.64333590057737,8.54752840331864,8.40493558709567,8.34289260586094,8.53251736033554,8.87738735922549,8.71107180530197,8.60221239506978,9.05216124804858,8.92216394930809,8.82775534262823,14.2081536541694,14.0636563480935,14.038336130677,14.0712442010477,14.1868251321732,8.09320491740136,8.03826527623335,7.80497960537541,7.91247986040602,8.26361147573911,8.23441531338974,7.04815014216114,6.69378785439486,7.00797418410898,7.10837138958815,6.90816050258512,11.099716289001,10.9865807656178,11.0800566082701,11.0868865489694,10.980911853463,5.00077642522293,5.12896447311604,5.15189250941639,5.03519970929445,5.08819639895271,0.707638629046206,0.884073471124732,0.634441357927773,0.565686703350531,0.839756062193688,0.917366928487396,0.181180963965836,inf,inf,inf,inf,inf,0.856428619507714,0.845850236493462,0.681146299016654,0.907363816359017,1.02266970448933,0.99843803002816
10204,2.53192512189461,5.20128145938108,5.09500062835091,5.03493666005257,5.21064835231381,5.37202088524323,8.73846734974649,8.69005536441123,8.78286722814435,8.87404967858474,8.89216819975615,8.39177292686389,3.99861528894045,4.20260206212602,4.16346809697809,3.93373371466888,3.84761317114913,4.31727030211611,6.78318704489291,6.64166719473707,6.75045134564063,6.83114331035791,6.75664683849361,7.06685097868532,6.97922399531088,7.23620857193262,6.72022751082841,6.81053260202319,7.80113866977977,7.99585675470595,7.85779367700752,7.61860309884176,7.60534434050731,7.97153886979638,9.83033372464534,10.0118918050343,9.9101176852744,9.72418049523614,9.72305348292168,8.51047176486283,8.67119152497116,8.48448277201455,8.27742503780555,8.41713382552858,8.69870685296796,8.9890772132382,8.84197756446158,8.59569499404284,8.53287489943097,8.7167178093635,8.93652573114286,8.82595210249838,8.85704597495641,9.12023021076942,9.03358327825023,8.90101995315873,14.0040467488933,13.8859839410656,13.8205708666319,14.0544645938742,14.1474379483763,8.05765611420072,8.02160442352441,7.86934359946395,7.99727092824227,8.20408401430913,8.19920775166215,6.8303847927634,6.64963797959822,6.8396087516455,7.09549077607956,6.72114392651246,10.9225776580321,10.8521605980849,10.9132960774231,10.8957427658185,11.0111706310794,4.84377367158796,5.00308563951451,4.98560612819502,4.84633205043775,4.90595770779511,0.722156096625126,0.889937275753859,0.60435695672288,0.622527509794747,0.880875512865658,0.924221103260049,0.195864830493297,inf,inf,inf,inf,inf,0.778795480712072,0.812840213268196,0.587737808698136,0.791953713810454,0.925989076086671,0.943060956603532
10205,2.13989079246379,4.9732868146357,4.99822415889645,4.97364731264668,4.97302141615248,5.13303583209267,8.70450341176832,8.70390479950129,8.80676168403782,8.84141710855013,8.88673540250704,8.50507179322944,4.11463893864762,4.38517437635617,4.26756548653857,4.06301321559612,3.96164882934006,4.30092178769243,6.92764376165432,6.60179973231007,6.863186448675,7.05325096579989,6.81342458602103,7.03035291957733,7.02386559826307,7.21980365122167,6.85869250357699,7.07963181239318,7.6799317659998,7.94043718237817,7.73542672940514,7.50531992043631,7.58140635832689,7.85501958334495,9.87556038629894,10.1849806470128,10.0461795983431,9.85629268279106,9.72244262219522,8.59457748223994,8.77627187343898,8.6566534953408,8.41762024919965,8.55219099956657,8.83364428596173,8.97262097292459,8.87404783880064,8.73310785164334,8.60990848859313,8.87297060183001,8.78711065031582,8.67531709561034,8.66232545098963,8.94623636156562,8.91565277619326,8.77098510036819,13.7675371596041,13.6506241832738,13.584575068324,13.6578233938374,13.7912076539585,7.83550990018147,7.81465357684513,7.62836504402983,7.75781034512471,7.96828216688403,7.9723451287717,6.59512546335512,6.41876808572768,6.74216554922844,6.68932603642124,6.48381189547032,10.7675181401762,10.6417673271284,10.744446394972,10.5330606713763,10.6161654074253,4.66004188773968,4.78012485610641,4.81736567920757,4.7073716127459,4.75906312170789,0.960103160913163,1.12629792492457,0.835758256205688,0.858975179427902,1.11929783701276,1.16058829542305,0.191694868716522,inf,inf,inf,inf,inf,0.540106131730195,0.583478457003185,0.350102002992897,0.56411224355789,0.690590702039315,0.705841347570815
10206,2.06455882587756,4.8894759674107,4.6843274427614,4.61503870279335,4.76787066608681,4.93178052223793,8.9438721764555,9.04345329722574,9.13337305840918,9.23501874011271,9.24671690849654,8.74287015530538,4.528454386412,4.57731147460614,4.68570237858965,4.2756796585022,4.37220914535594,4.60839626088533,7.13973589531744,7.00797063600979,7.10025476979701,7.27537340729088,7.12476303687202,6.98234231091996,6.89412982709475,6.99597651872827,6.6284384465303,6.709416626497,7.54647997080648,7.70977145605378,7.49782132535995,7.25936428297867,7.35478067426663,7.60841146975866,9.74336463436109,9.82191135929951,9.81511934101156,9.62949604540591,9.63855659675979,8.50025704601803,8.66047129219977,8.37793256103015,8.31671957588166,8.36998371560399,8.63710821797805,8.75756364154232,8.70887259441092,8.6102068568177,8.45581493253144,8.56719623517236,8.56125338951551,8.44915472026914,8.46421968041135,8.73387595522839,8.67502791888024,8.53440854018939,13.7225492255455,13.708629680676,13.5328364392149,13.7167523872826,13.8339734886869,7.648176996768,7.68363221503062,7.56728136806412,7.55616720986431,7.77627306822297,7.78519825250005,6.54029433037875,6.34919204656405,6.65397155841898,6.75243311174467,6.49202691223499,10.678986273573,10.6010331411427,10.6876097438763,10.6174881154142,10.7256349089865,4.82803708134541,4.96588651388513,5.07733925444573,4.91076179286688,4.95443405716923,1.05660123252873,1.33185872166824,0.96492575587609,0.919996035122819,1.20716571618075,1.36370963515127,0.191218502458568,inf,inf,inf,inf,inf,0.541246332563848,0.497068415679453,0.402604605968383,0.640643289426536,0.721927029841102,0.658853747693337
10301,1.63950529574011,4.43834065397839,4.44867140932855,4.26869161076722,4.43198413437006,4.59240135619806,8.95089380101102,8.9250552640246,9.02465313231043,9.08900393009821,9.1203431728629,8.64792140193607,4.52544865053205,4.5118870248966,4.52533119182326,4.33344517439915,4.20778702877427,4.50306193864119,7.01871639849654,6.85963206951641,7.13318328798061,7.34693308840361,7.0186682971994,7.34243430762902,7.29302230893949,7.52443595763873,7.16964252694181,7.21287680189496,7.71376964856278,7.71028179550558,7.51151553423315,7.38346229218814,7.34092712348021,7.73636069867118,10.1453673906915,10.3163726773683,10.3447775737398,10.0639082700902,10.0137411605103,8.83896942693302,9.01461175668705,8.85454307716993,8.6362887118853,8.92738965640987,9.16401601466671,9.23669326729074,9.25414110058044,9.22173815221933,8.98878817597556,9.05629243813342,8.59820930214614,8.50641783915947,8.41850683400286,8.81997958808517,8.9700531696332,8.61075942465077,13.1434996878208,13.1043614347098,13.0480485184895,13.1121246139744,13.2385561552851,7.41701477309321,7.35706452091596,7.25613550681952,7.21769471389942,7.43218928984491,7.43703676710971,6.05894723064369,5.88383379248075,6.0552688971735,6.14607688988191,5.94126595086514,10.1524972857397,10.064577239027,10.0802320801101,9.970813766817,10.2730783566432,4.39260465305338,4.46309233238824,4.55400779425353,4.50008727066367,4.5347637084936,1.49867647379473,1.66849385999298,1.37163585274509,1.40805170446536,1.67694388283941,1.70043092754343,0.675509489462218,0.703542821231702,0.856398516499421,0.778770897946678,0.540094280966186,0.541238148571922,inf,inf,inf,inf,inf,inf
10302,1.56834979130275,4.39118301443997,4.28069850125323,4.24000728577975,4.44447044368152,4.4503426525056,9.14692626110774,9.12323251407823,9.2222612418173,9.28513107604906,9.52930716122338,8.95587245100414,4.53181129405656,4.71394093885305,4.63588103129133,4.52311165772006,4.41116397584096,4.70364803011535,7.41141745228682,7.05598950725482,7.32661924083517,7.3633651723471,7.34821542054084,7.0264820489379,7.26468355630605,7.32293832291566,6.96289038931085,7.0127090350338,7.31732424835089,7.66618077878177,7.31536286975312,7.18706564860618,7.14011153203236,7.54331955929668,9.95141327277671,10.1172157544413,10.1409581276022,9.96241758483115,9.81297238919543,8.66231093929786,8.84586244302567,8.74885009139532,8.48587816419293,8.58486954279943,9.06607108933984,9.13781500693487,9.23559524077952,9.11550208830681,8.92551643967453,8.93408174772068,8.39670062163986,8.30583548503605,8.2179397149346,8.5082173227094,8.5629914946823,8.40991948463445,13.377784354352,13.2196520810538,13.025638845785,13.2278769362918,13.3394598728225,7.24535008631195,7.19326439345611,7.06638865433037,7.07375558630257,7.41471682921198,7.38731779415673,6.03552871032887,5.84608252544826,6.16200164315398,6.24805223433619,5.95845356816569,10.3283289178671,10.1764778631655,10.2941809733167,10.0653732907298,10.1417924431092,4.58893842591132,4.77995459109894,4.9059192586124,4.69985317809001,4.93403725239815,1.58861392677455,1.76196717080536,1.63433567232242,1.40881136641377,1.68623710314778,1.78978178874944,0.668608503428728,0.640578128740023,0.845821643735658,0.81282163058394,0.583471113958231,0.497058067026779,inf,inf,inf,inf,inf,inf
10303,1.82496822368083,4.75962785011663,4.53013600948142,4.46523406341971,4.62810117207434,4.78976102616634,8.78450286480355,8.90609845951743,8.99140731827551,9.10352181660442,9.1096543898455,8.58541741098565,4.31058029315446,4.37834332021771,4.55010306975241,4.1414373535527,4.14779697757182,4.45835191011043,7.00661448822202,6.88315063663328,6.95469398133226,7.0160214364934,6.96055524044092,7.2214854465931,7.32750324335809,7.4142384042389,7.04976454880337,7.12253367592196,7.68806285729978,7.85782858195348,7.65337392462845,7.41438744643026,7.49921344131552,7.76288486409388,10.1734854585709,10.2322283605719,10.233859108038,10.0493849243477,10.0813242861833,8.88092374475895,9.05850006589224,8.7903945867688,8.71518605897262,8.76855134911175,9.03375331277671,9.1701260115723,9.10847287652968,9.00896859016273,8.85558753394391,8.97320761795977,8.76284720482416,8.56123875985711,8.50284206666599,8.84850464960159,8.9380582472714,8.78971269896225,13.432335670475,13.2974416130461,13.1299086017824,13.4937178281565,13.5831922139446,7.49244891503201,7.54861231291404,7.43701320604304,7.41412917968573,7.62973905374413,7.6322114918571,6.13683594154493,6.08052311016493,6.24509160487664,6.34152243296984,6.13653892875743,10.2793563986184,10.446685224766,10.2856739398416,10.2176133742295,10.3234926794828,4.42038566081075,4.54938287968711,4.65042208535115,4.49622812488466,4.65142278603033,1.30429685339091,1.46959148025819,1.17201345301154,1.34128924709533,1.47313513824919,1.50154452732395,0.50322955242993,0.567659862668002,0.681129354083394,0.587723314121681,0.350096811910242,0.402604932130724,inf,inf,inf,inf,inf,inf
10304,1.78518220836463,4.77010069179149,4.4604975480103,4.41147052670852,4.4786846375198,4.76493939026109,8.66073554513317,8.92693565829574,8.83260245591802,8.90103711818661,8.9282802384524,8.46016167646722,4.13981537336972,4.40906574133436,4.34431863165118,3.99574005602305,4.02400092152672,4.46667041421843,6.82664512542413,6.67396170227942,6.82274291791571,6.96928708708264,6.96101420775723,7.53252464427274,7.47957389768043,7.61024927021183,7.3593786804587,7.4041688845859,7.71058974727755,7.8986557659539,7.81580343724811,7.47961905258786,7.69022602853268,7.92193398532545,10.331296129475,10.5063900673537,10.5352430224032,10.3631725563229,10.2038393044593,9.12605516893473,9.29359897782501,9.00252702588746,8.97169003368707,9.00588414765387,9.27240558274025,9.38261639368069,9.34640204788437,9.25400852783738,9.09369868712894,9.22934301003523,8.95999479385888,8.69533158834291,8.60797193479624,9.00471048537253,8.9538681926017,8.80057029873706,13.1150874048502,13.1326741296228,12.925869363161,13.1360742247112,13.2420283996431,7.42428551556076,7.37590080873284,7.24243545698907,7.38957540393994,7.50769382239301,7.56712475292069,5.93546679459143,5.74809363753528,6.06992909499762,6.06201573755149,5.97976011025144,10.0582443671335,10.1002204746828,10.0867075350775,9.95149127249681,9.99913271406891,4.20968901041542,4.29317911422599,4.37322373579716,4.31065007490795,4.34735808978153,1.58682477450082,1.67401182971876,1.34752867132327,1.69378100928192,1.76171532094604,1.70242702185917,0.7336482030249,0.805827535676689,0.907338865925931,0.791928409336353,0.564100960828376,0.640643250497393,inf,inf,inf,inf,inf,inf
10305,1.65700633560237,4.41776327161864,4.30731617381282,4.26426473244416,4.31720013418878,4.4733780158201,8.82256436649218,8.94392922914764,9.03172603624439,8.95855795176902,9.00793972171359,8.62474828170215,4.35969104610763,4.55663408566533,4.3921799478252,4.1795252454404,4.07784573372335,4.49471322118851,6.90390750280253,6.72505261711014,6.98612905187492,7.17998975978782,7.00511019858131,7.46101232837266,7.44811843284925,7.65053149972214,7.28940252566111,7.50245633697846,7.65417802252018,7.82182782826875,7.61505547555313,7.38162448378357,7.46272148156485,7.73001300697756,10.417076353342,10.6056455492803,10.4747796902198,10.2897348344606,10.1499394119776,9.00820607057859,9.23961618829415,9.03882251858207,8.8362046104995,9.09544982075978,9.343299019502,9.42106946047623,9.43017887191212,9.37175281241568,9.18570887833816,9.24233118567819,8.64572483548148,8.64417694041748,8.53951067585924,8.97744276262595,8.90600088564813,8.63772583931814,12.9769115514075,12.9738296541465,12.9543707455027,12.9793555546793,13.090988138404,7.27219638030235,7.22000776463092,7.09681902015466,7.25726484588221,7.43909725497917,7.41434946223605,5.96381008190294,5.59749264472934,5.91409372549367,6.01739377371475,5.81951937633444,9.91048340683954,9.94084862330226,9.93507200114755,9.80935792438246,9.87097530330943,4.25724758203392,4.30583810857032,4.41042607063105,4.38361059349139,4.40820676926007,1.66512825403797,1.80236607395624,1.49416607493486,1.68749469370308,1.84923371298492,1.83341356699851,0.843539395659166,0.885781412973294,1.02263012157911,0.925952783794581,0.690570754657039,0.721915583085389,inf,inf,inf,inf,inf,inf
10306,1.42914278202443,4.25698522123779,4.313273956733,4.09005350439072,4.27880210666185,4.43389657315088,9.04984825402085,9.05371357539925,9.26205218126484,9.18586540512584,9.38200385817461,8.84899120061803,4.57115729182195,4.62200572074667,4.61747743232305,4.40082291022147,4.48398408547447,4.71692215018758,7.26766833061407,6.95351015100713,7.21772568327399,7.39881479015217,7.23046315206364,7.23602014309574,7.33560801109854,7.42672527005563,7.25274880725587,7.27540596631292,7.42771242133942,7.59723834837043,7.38758305313279,7.32305879538845,7.23862955813928,7.68792035455025,10.0952583694136,10.2421068839554,10.4212260727118,10.0640068378719,9.93468043750786,8.83707229630246,9.0170939795053,8.92305077211631,8.66155051767438,8.769118460989,9.29019555498763,9.31022010279832,9.38302937266642,9.38751536615652,9.09275887915523,9.13110315415033,8.50283845612166,8.42837709211869,8.31658227919647,8.58236124316332,8.56223745660018,8.52865614169556,13.0637422793845,13.0921644724239,12.8771237393035,12.9681702373526,13.1972364263918,7.28759918623189,7.22120991984583,6.92114066921724,7.05923100722556,7.26203381201401,7.4178025517863,5.88806136620122,5.70548415371346,6.02871442868514,5.99667513817748,5.79168697733757,9.94161196684315,9.91187458510071,9.94819775969854,9.86663409351244,9.96473662644857,4.48458160262001,4.52653595330064,4.63583776886575,4.48330079374961,4.53149285777533,1.66922892149403,1.84761388530356,1.60671375267283,1.55477796376349,1.82026167555601,1.87897402402266,0.818036240815767,0.809877441417734,0.998396006694684,0.943028653663282,0.70582410727456,0.658835816962994,inf,inf,inf,inf,inf,inf
