,0,101,102,103,104,105,201,202,203,204,205,206,301,302,303,304,305,306,401,402,403,404,405,501,502,503,504,505,601,602,603,604,605,606,701,702,703,704,705,801,802,803,804,805,901,902,903,904,905,906,1001,1002,1003,1004,1005,1006,1101,1102,1103,1104,1105,1201,1202,1203,1204,1205,1206,1301,1302,1303,1304,1305,1401,1402,1403,1404,1405,1501,1502,1503,1504,1505,10101,10102,10103,10104,10105,10106,10201,10202,10203,10204,10205,10206,10301,10302,10303,10304,10305,10306,Unnamed: 101
0,inf,14.3180667465245,13.755716277594,13.5182484184511,13.8102426160725,14.7139772700774,51.0613354397098,51.5816771403015,52.0725921054079,52.4940185025229,52.5921034044451,50.0446215655974,31.1326258916611,31.2076875204533,32.7762986460844,31.6097067606129,30.42677277236,32.2506806803104,43.603529244772,42.8531319395791,43.5081194453696,44.3311289659999,42.9204752166278,40.1581686373988,41.1137916626863,40.6627183401294,40.2195461197429,39.248844671329,35.1003833747865,36.071306102095,35.5436774742862,35.399308782393,33.4795166438944,34.700376209364,53.8379423203186,54.7437587061852,54.9300776102907,53.3186625469555,53.2393481290715,47.5794928736215,48.4304096954649,47.5902856023608,46.8044758758249,46.9908809132197,54.5670684868257,55.1367776341326,54.961847094693,54.5169677934252,53.6182763160524,54.3954834092429,39.8871274830616,38.6856640427486,38.2722618541591,40.170197435514,40.7756150262083,40.0644219486155,59.2036699951802,59.2469042112975,58.2125395826565,59.3143606051349,59.8462603150643,28.8070856099852,28.5521530001447,27.8943299122688,28.6542993363931,29.1610372473836,30.5844779697833,22.6224223074144,21.6641462279366,23.2807396150714,23.2811419123656,22.8010869041824,44.608782206246,44.320492251424,44.5991253684592,44.3442230517291,44.8818223872077,19.8253378696131,20.5963742500485,20.6595326805646,20.2837337778733,20.4905172212666,16.7552295041265,17.0608104951546,15.9471133082664,15.6019420976217,16.8582503236666,17.2171306758006,11.5144771106843,12.0896566723598,12.5503759956959,13.1548128447836,10.9984126860465,10.6065467135285,8.34427331179166,7.935704655663,9.32648991856178,9.08076361980232,8.40338896430093,7.23016310148684,31.6812902471434
101,14.2912334674064,inf,inf,inf,inf,inf,57.4412867556599,57.6730373648514,58.1819310907018,58.9035999533239,58.4133031543158,56.4579766959665,45.4613590712943,44.7868088000359,46.4279906175159,47.1000446513123,45.8012758002125,45.7722700177338,48.4884767842587,46.9115192811154,48.4929598923585,49.2002062734759,48.1620299900405,53.0083170201329,54.9423966088133,53.8329143728973,53.1043285081573,52.0421397822244,38.6839640442737,39.5034001960722,39.1788832340165,37.9624607307118,37.8294117599657,38.8450283523116,57.9710500148213,58.2440032170661,58.8941337440642,57.6427226447129,57.0254531677906,54.8062215004109,55.7850922761317,55.1285736492206,53.9122116228815,54.4961474068207,67.1504240647126,67.0720858565291,67.3012837884693,67.0601338739509,66.7719018621826,66.2815773293269,38.5888735591897,38.0947247678665,37.0027355536046,38.2646747741533,39.3926634260564,38.6204714540879,47.1386449389459,45.8521683480533,45.3263043763529,46.384581965294,46.9499810775698,14.488481434685,14.2338917901703,13.1609579721334,13.6303171727668,15.3315051650874,15.21066192193,15.7310558843776,14.8918812469188,15.3083294560403,16.6675615688059,15.8591179970153,40.5649212043654,39.5695960406214,40.2583692534269,41.4287507619918,41.7352353345783,22.4512384070601,22.5160569968052,23.129539229559,23.1702380300932,23.230957040564,30.4810427458155,31.799401594168,29.9574105235397,29.7935109209754,32.0373093145219,31.9576256861256,25.7364832983735,25.6284897072434,26.6844363415479,26.482579320841,25.2724858467075,24.8388669313301,22.46109641534,22.2269930577136,24.1112439682632,24.1472338282954,22.3600460422928,21.5466159781468,34.4860954588744
102,13.7368326108347,inf,inf,inf,inf,inf,58.2293730272276,57.3714560474019,57.8952788313182,58.4783849774411,58.9767661169958,56.1093121963512,44.2891505254015,43.6365413408373,45.2489847697761,45.3828559783301,43.4012002828714,44.6087573818716,47.9571311523753,47.0342708552026,48.4205987015101,49.2914350807629,48.4479037725758,52.4604390717574,53.4422590259191,53.2913272491147,52.5643093439334,51.4967280522672,38.7812053120355,39.0274276912557,39.1609895973591,37.9624895341746,37.0224055335236,38.3507748982938,57.4777668039761,57.9049179805842,58.3869894345952,57.7766736875566,56.5633484054885,54.4840288119458,55.5889157494865,54.6791082769087,53.6038130143223,53.4775754830693,66.6613978206322,66.5731850116845,67.1241088242186,66.6277356014452,66.3078476480707,65.7789482411439,38.7351187314865,38.2001087485443,36.8927057276507,37.7694350057836,39.4860732147911,38.7190936667248,47.7876792537011,46.9103450288293,46.8849753517265,47.042673359115,47.5186077908132,15.0558343939115,14.7955346610679,14.1622590919573,14.9759995619318,15.8988171379683,15.7778088198038,16.3476226356989,15.3239039246808,15.4161120117073,17.1493180038969,16.2640465151188,40.9532532640244,39.9354703207278,40.6552770443023,41.4317224219629,42.6961590196339,22.3649684246688,22.5640684281551,23.1220591177507,23.0343659420745,23.1420233116292,29.7261373419246,31.1935983731517,29.5976883087696,29.0798551013333,30.4550766125729,31.3495590672686,25.2633344066237,24.3348535422956,26.2422926699656,26.0353018771628,25.4301054590963,23.8447415094814,22.5214554368528,21.6905556877237,22.9573177930385,22.5800062987512,21.805333154409,21.8386186938701,34.2258455923049
103,13.5006985087217,inf,inf,inf,inf,inf,56.8254576304016,56.928989577685,57.4533048106203,58.0883632345526,58.5920249385046,55.6695258392593,43.7723700625034,43.4382492462793,45.1392900723833,44.5554990195417,43.1961420184881,44.4353122913093,47.5422099476934,46.6409771079332,47.7217183841223,48.2868973088501,48.0786304104214,52.2888519464024,53.2367503926268,53.0369953593672,52.299985885789,51.3734547914598,38.9333454620656,39.1049273417316,39.9157248400464,38.3622832548852,38.4398396610318,38.4146429969984,57.5426900496062,58.1429189440274,58.3947189543384,57.7661592675169,56.6397165215061,54.0536550426129,55.4791373104793,54.8033750694168,53.8642501642627,53.1989381180857,66.4105269219628,66.3954368660934,66.8814571859805,66.9379734136086,65.9819306707922,65.5493432490493,39.164434703812,38.6238898545276,37.2470063551901,38.6546045787738,39.0797708354336,39.1385741884367,47.1030918928161,47.2210925785828,46.1501512871518,47.3340954094023,47.7604629907302,15.3117008428379,15.0819350064731,14.3780556662416,15.115343019321,16.1119176670535,16.0365543844469,15.513057132489,15.3062299671805,15.1736969391162,17.1935120388671,16.2008641621279,40.4716839698996,39.4673562475462,40.1869079779992,40.9119433387575,41.4626567429056,21.9698025051188,22.2300182851303,22.7518285217054,22.6164989705927,22.7384618568074,29.4238055170275,30.3128645673875,29.396525375518,28.8631281809085,30.2071563358445,30.4740568955158,25.0387772570482,24.0331411715029,26.0336044074728,25.7235644625534,25.2970045519102,23.4867248240454,21.6241631837467,21.4835644576849,22.6277436221067,22.3327583848907,21.5883879670596,20.7029481842501,34.4828497047459
104,13.7929144930766,inf,inf,inf,inf,inf,56.7145014747727,57.1537546432144,57.6079013247546,57.243260695716,57.6603204575366,55.8409899979385,45.9868010824864,44.6592630652686,47.0044053169795,45.9757616072849,44.8790821225867,45.6591674213761,47.3177642737445,46.3236835982605,47.8252429732852,48.3021632116652,47.5418830659975,53.8006334729341,54.820307800778,54.0348509585251,53.2433260772861,52.4475602629306,40.0197567068001,40.1982485778767,40.1915559302719,38.9430444831392,38.760410152466,39.4910870371168,58.6221788477582,59.0963265099065,59.5426120107529,58.8483363148662,57.7207147563044,55.8481897012088,56.2009548117058,55.8735738219842,54.788199667872,55.0537057333266,68.2253031709361,67.978243096604,68.6643026831169,68.9494218229795,66.8360212754397,66.5619157526686,39.5547520215157,39.081105368247,38.6485983142305,39.2240341396258,39.9467211518707,39.6117434364009,45.688639097844,45.5064627856617,45.2450209057617,45.583153519559,46.2016718015651,14.569613339993,14.4357085228454,13.6159911113852,14.1521404190266,15.2440584145042,15.2695620790399,15.1469485052555,14.2055668632821,14.358998972294,15.9778259876105,15.0731036088715,40.2287170010841,38.2764750050973,39.8971187415395,39.57512664311,41.3073760961916,21.6545766446975,21.6023912815655,22.2472431050111,22.4080270790921,22.4174583077317,30.3212813622585,32.1475509203855,29.647404848903,29.9035385166822,30.6994926070716,32.2882738861518,26.1438587353934,24.966104060563,26.3042972233461,26.6961872085466,25.3991148525977,24.3050749869874,22.4611734918489,22.5289223057091,23.4625852920146,22.6981833600152,21.8746427883471,21.681928432086,35.8292343144596
105,14.6830907102781,inf,inf,inf,inf,inf,58.2416803175295,58.4281201831592,59.0508064810463,59.6476386947247,60.1528988332849,57.2384449987776,45.4339349030138,45.0409495642631,46.4821364043418,46.359559852765,44.9857104142576,45.951458358949,49.2652460947235,47.7290867824018,49.2874384766128,49.9918571738023,49.9739922180102,53.2130246861013,54.332503997246,54.2157725883239,53.3029906659457,52.2189254153202,37.890060261341,38.8243668265946,38.4326853913289,37.2143709784248,37.0245084337672,38.4450117870775,57.5919509653424,57.9043991862021,57.7264344158281,56.8397455096979,55.7212054549223,54.3891360235968,55.2851199822597,54.8537712498404,53.5242156942875,53.9146887401289,66.7868005464003,67.2713376047203,67.2628304731858,67.195590288828,66.2155519130534,66.5843412038775,37.7869956376683,37.3067835525159,36.317522694176,37.4875813064798,38.605058891148,37.8325856073521,46.7667556753956,47.0386378435513,45.248494409538,46.1983809110388,47.4995616856059,13.6670341138795,13.4737769074574,12.7102669555697,13.3282132463772,15.3120166669189,15.0761298207261,16.133624161541,15.3942109583766,16.2984451065048,17.1251965331389,16.6572202405832,41.8977129853891,40.4952232221002,41.97061575135,41.4880564791253,41.9553257237011,23.2576937817255,23.3144387123674,23.9347107435516,24.3419111648815,24.5272969952184,31.1173333945855,31.9631210301836,31.2364061557662,30.1299721870873,31.9912768346225,32.1258264569784,26.0508245964224,25.7068039940992,26.9429558133532,27.4286383280786,26.015822428531,25.0601555239402,23.241767682255,22.5244758717147,24.2632633574682,24.1186304888151,22.6397664663314,22.4423240599617,34.9929956242813
201,49.4556682081618,57.1044711545681,57.8629728085564,56.5251732244639,56.3799845411728,57.9035952954377,inf,inf,inf,inf,inf,inf,28.5631149622791,26.4614569797716,28.0576966755209,29.1723187464162,28.1131843636385,26.9031388546179,11.4558770816481,12.2858286428514,12.3571367086415,11.7166665190069,10.2956120856993,76.0972019062687,75.9523924585303,77.0366416435162,75.2199762034402,77.9399249621278,83.3285153006346,86.2614340801671,84.5651781043657,82.3996083544139,82.763260993806,84.796299198009,93.6742699375241,94.4960695664738,95.3886817427262,93.6851145603913,92.949600664233,86.6958825016906,87.3625726087329,86.2561624179371,85.3277964094286,87.1072874107646,87.970868425194,88.689346411983,88.1265813868066,85.1470237601334,87.6535245934395,87.8454028123505,89.667859330239,89.0896319457536,89.1759393492642,90.9106459268631,90.2154200585604,89.5274640870815,87.9710736129181,89.0404992627298,87.3219231272925,87.0835122081207,89.3803281672793,70.966435883435,70.8047183147505,69.9185724521445,69.3162775296368,70.5369786753786,71.0293632901973,47.2711309985087,46.3534387525338,48.783583841728,47.7839392167968,46.7418616315973,54.1209866915089,54.9256995490317,54.3269956312102,53.4192324923036,53.5241014008547,34.5264369521912,34.4319542346952,33.79267886481,33.9580548324354,33.7745585810694,45.8014872071711,44.7140606495809,45.0195343353224,46.4984419923645,46.5296081898925,44.7117801910938,47.1343579731462,48.0859086702026,46.6675766624115,46.4982312553695,46.3239585544634,47.5572631265021,46.8333577806747,47.8369832787494,46.8043937823459,46.1789092343243,46.1802291705922,47.3321550187917,77.6035291852285
202,50.3485625257278,57.6935229931649,57.4007870255081,56.9612470576514,57.1470760969331,58.4467993556512,inf,inf,inf,inf,inf,inf,27.6592768721799,26.6981155516364,28.4583715962352,29.6968896686041,27.6894393993751,26.8667953112254,11.5032229741069,12.546798831476,12.5285081686601,10.4211558643399,10.1979176382141,77.2773720516997,75.2356619014757,76.4960831926718,76.4414925921073,77.3264158944606,84.065024270355,85.5791796733712,86.1692911767359,83.0878959412222,83.6494414366536,85.0192253737762,93.5214506328252,94.4186707690323,93.9853962952554,93.7074682636438,92.933670429693,86.8066290965752,87.3511283980796,86.2221206735071,84.7376212164785,85.7084953072331,87.5600469837761,88.5036695625622,87.7970171347604,87.7843054833668,86.7362646567917,86.98595223356,91.2307433153881,90.6732210208411,90.8510125143383,91.8759285571032,91.679607345327,91.052210302344,88.1454968100546,90.2470533040181,88.6948228646712,87.3033391260034,88.7240857544966,71.2882057012235,71.7562705884459,71.0176590298884,70.4844052825713,70.7889873316485,71.2726225190253,48.3927308724438,47.4594110418156,49.9200641302574,48.3012501064687,47.885980646377,55.3016349437068,55.6228770757374,55.4678721438612,54.7399731893634,54.924470114774,35.0035934770791,35.0549309472137,34.3834509349763,34.3328234250704,34.222860731762,45.3287471841038,44.6808958466041,44.6893180822474,46.0737005269689,45.989215195046,44.6599468492141,47.583416573592,49.6971790676568,47.7775869923955,46.809870626039,46.9290438107193,48.9816915328129,47.6553384154873,48.6710862353652,47.5780180267536,46.0330802043494,46.1007459900145,48.3108411085895,76.8995931951036
203,50.8347018632583,58.2021844487734,57.9238978559694,57.4848359700346,57.5990448309813,59.1159391276047,inf,inf,inf,inf,inf,inf,27.7558949075629,27.2169415664431,29.0242194597799,28.9672208901208,28.076050493427,27.3419876659892,12.0580197652565,13.1190885025372,12.1340918514182,10.7672873469208,10.6593002219906,76.1444501988914,75.716933599748,76.7255317253918,76.867990935814,77.3143003134801,85.2259877874341,86.0192840528723,87.0602795601789,83.601053938117,84.2507152174483,85.4893799752357,93.994080292986,94.908961513043,94.3941354779275,93.4555823246922,93.4448419835014,86.6881925430976,87.4968538261922,86.7365739725632,85.3954242963518,86.1086333819433,87.6711512352448,89.0183273415699,88.2888199611294,87.6828127920669,86.7887279129512,87.2155640328325,92.0461975266235,91.147110385538,91.255811506237,92.3477339337926,92.9420599950413,91.5507930237241,90.278490747509,90.6629711472986,89.155130246564,87.6592830732642,89.0360352507566,71.7223168317618,72.1277413552933,71.3300320879458,70.8808368315662,71.2744419551788,71.7523313614827,49.5213827822462,47.7479773618848,50.024700006962,48.6592120971043,48.0581562930717,55.589408369749,56.2133381274707,55.7842343381391,55.0013655991801,55.1221084935517,35.5229342677182,35.5768680793472,34.9060475548622,34.841134989053,34.7421910507323,45.7818840740876,45.5964534602751,45.194515280202,46.5656821981185,46.3807514025783,45.6407655657765,48.0917271375212,50.1071349024515,48.2412702326111,47.2863486356557,47.4571495316876,49.4428078756814,48.15655669288,49.1700802884922,48.0054645534555,47.1959694862236,46.5401651645963,47.9842949682101,75.8771851884592
204,51.4522231713364,59.2528763939848,58.7750062760037,58.3875401971506,57.0551399389472,59.9482609811191,inf,inf,inf,inf,inf,inf,29.1904923031843,27.1629466812685,28.7645349495104,29.4435846194942,28.799397137381,28.2718156913501,12.296445568244,13.1471769577989,13.260605833706,12.5925705313757,11.732332136632,76.7792182893011,76.6274974529476,77.7246183634724,75.9014185995652,77.087537299313,86.6339272442668,87.3476174236722,85.752987695456,85.1604312912901,83.8774779667194,86.0825729154502,94.6050969050567,95.4898594489857,95.8692418033575,94.2426898874815,93.8916892858269,87.3209163431953,88.0065292515467,86.9017537845636,86.7923280434371,87.7636906187288,89.1383981144639,89.8593163481349,89.3040144071075,85.0918582816903,88.4616065129573,89.3937781470196,91.18786865361,90.6243163674204,90.5267158636756,92.5903143167132,91.1939763154951,91.1090302401764,89.4224875513651,90.1484648114969,88.6806011754096,88.2656482822403,90.2397580124329,71.4547317550419,71.3955869995248,70.5629817558999,70.8795353474893,71.5292803384695,72.11140930685,47.8483080299586,47.0056388606545,49.102506124067,48.220205544347,47.1867760143212,55.4161732194694,55.5130714837991,55.5283675221426,54.917404171694,55.2484296744651,35.7749907928345,35.6379470057624,35.0128661537141,35.2092809349992,35.0211883829176,46.179072645884,46.0645831738167,45.4205134777716,46.9662982135185,46.4713666445687,46.000104750536,47.3331068277197,48.6685274275426,47.3122738741908,46.6893575409162,46.55407292958,48.4194886749159,48.0837190049724,49.0857956948548,48.1790272003233,47.1454368344376,47.4244295876241,48.5741031338208,77.6513416921584
205,51.3685237169312,58.4257936682668,59.0722231268219,58.690457153784,57.6736019370729,60.2530858399913,inf,inf,inf,inf,inf,inf,28.6902188806465,27.7408500080288,29.3988467339477,29.5628558392449,29.3599406346008,29.0657872355957,12.5075499446819,13.489870463188,12.7377382362025,11.7494566704573,11.2421019238822,76.5372564172164,76.2525996195428,77.364737988498,75.663871905581,76.3101591526316,87.4722149771694,88.187668609682,86.9073327053292,86.0292868940496,84.8807548795065,86.0370107810124,94.5387701814949,95.4182995980084,95.4122271666365,94.0739315622164,93.9010928207884,87.2589953752551,88.1165665778779,87.1774877645059,86.0511204773335,87.3786743758142,88.7300176011159,89.4564608882873,88.8095428702675,88.0253718300139,87.4676521834997,89.1207881450711,92.6872118067234,91.2701556133065,91.2244080495881,92.8930176287918,91.2885793390875,91.7361218148987,90.0301541901214,90.6763927161975,89.1873389336478,88.8378187600695,90.8497783641004,72.1214435987616,72.0420785365892,71.2064601385189,71.5547386784806,71.8018996114935,72.7865367797575,48.9569419501362,47.4961613955163,49.5522745128922,48.6684977447192,47.6498241723237,55.679330697053,55.808449582904,55.7999677748006,55.1709231287122,54.7269265737366,35.9446301218335,35.8936345102748,35.2431412599686,35.3185901595619,35.1724992622261,46.3610144959899,45.7873939389143,45.6923391435854,47.0865638414303,46.6633382309396,45.7622195598577,49.9449233764588,50.2236960554697,49.0322336241432,47.8390372205586,47.8603203925927,50.042376781672,48.6481210565952,49.3691464799652,48.6135012742256,47.6872091531268,48.0799055354081,48.6027848108601,76.365330431714
206,48.4302106703096,56.123049290572,55.754894757038,55.3146258854184,55.4969235865384,56.9024825836783,inf,inf,inf,inf,inf,inf,26.5740926526227,25.495354179882,27.061333049609,28.1594072896646,27.0410355039146,26.7876651530466,11.4320468343108,11.2531372622793,11.2815368181434,10.1792496686158,9.53063413757303,75.0886390224877,77.4694602050856,76.0422620166386,76.8044150939657,76.9840806895875,82.3629626299602,83.3377657365179,83.8836183892177,81.4040128060079,81.9563460315591,83.2367829300005,93.3425389484401,93.5546597450915,93.6135768283075,92.6890802363873,92.899731846255,85.6770169367261,86.3628501412476,85.2783772684167,84.3743267278388,85.1738072918945,86.7385824997819,85.4720017620318,85.0772309158636,86.1327837361581,85.9412088447744,87.5166250583862,88.8129483615244,88.2608252820525,88.6172283404081,89.7413747577911,89.2344823316085,88.6053580796866,86.5547913941245,87.7911200752311,86.5313580320629,85.8728548421415,87.3353021214018,69.2189881968644,70.0232085939989,69.2151296247853,68.327257046542,68.8833814683428,70.1203992732068,47.0939574596902,46.126037277941,47.6837138256804,46.8002832221968,45.7614997824267,53.6011903770169,53.9858801479072,53.8065169032095,53.00717044373,53.065347741876,33.5274188701643,33.4138737731721,32.6381645656524,32.4772264133319,32.4196703322804,44.0863649443774,43.7419220150865,43.6203455234601,45.494718367665,44.5641282732483,43.7547523951192,46.149922472594,47.0781853847629,46.6227565264152,44.6403251842611,45.295072567434,46.5203459358099,46.1034972624722,46.8733600801644,45.7988488746237,45.1654882885482,44.2746577762947,46.31747549119,77.7313863966968
301,28.8159295871943,43.775032393364,43.2202034085039,42.245852678082,43.130181156903,43.9268387643011,27.331918475979,26.0950978556586,26.0191836998471,27.9861410122937,27.3386174653797,25.3123240904065,inf,inf,inf,inf,inf,inf,14.9555698888973,14.2418584079087,14.2068755821656,15.6726632145375,15.7036964626672,50.4260342020236,50.7976520362839,51.6968584583933,50.2001284193382,50.4040077988465,60.9423897439186,61.887942914489,61.4491080257014,60.2307732765383,61.3275036233933,61.5280247645524,66.0783887988839,67.4187644948803,66.1806653510723,65.3072259779488,65.9033082552773,58.176024196131,59.7104459007252,58.0160321634667,57.4489181431462,58.3121284581521,60.1338094508064,60.2773132602556,60.2207566210069,59.4311962080025,59.4506995734386,59.5528713407315,66.953773692025,66.4544669209981,66.1197284473588,67.6208714306206,67.7523612974219,66.9801739880976,80.8398479471759,81.6808065059179,80.5746888616203,79.8520094771595,81.6353308838102,57.9589143576302,57.9758230742884,57.1734848075105,57.1759158083279,58.4097227675222,58.5403931556376,42.4411768148875,40.6074337031493,43.2047492273713,41.9679984197131,41.5856034231047,58.8185279511853,58.0194599133728,58.0797724106203,58.235523248403,58.3565360627062,26.8632433098153,27.5260819594129,27.261317141376,27.0995929287041,27.3044275875814,19.6099597137464,19.0945716704244,19.3273349018018,21.3782024351539,19.9297678991602,19.0733847137792,23.1104824444707,23.898146363829,22.5453508026209,21.4249125305885,22.0318357390336,24.0905623508123,24.3972126177554,24.4070710540109,22.9686985315297,22.4208597729629,23.5410780908877,24.6194320539623,66.9022548196588
302,28.8920877878725,43.3654692289209,42.8112102260403,42.5566535030145,43.5485479677722,43.7380428599129,25.3077632573388,25.2037668190179,25.707013937529,26.004142279535,26.1795746722525,24.3403832098558,inf,inf,inf,inf,inf,inf,13.6232558702487,13.2462198471488,13.2178682910337,14.778146140441,14.6965506255006,51.6319829108391,52.2067413231345,52.5582229245659,50.63084338586,51.3405002117593,61.841996066645,63.6292417970997,61.5967437281616,61.1975971569412,60.9365623301473,63.0118536649222,67.5284099633736,68.358698489079,67.0794585640385,66.1723586200058,66.8179534120193,59.9264246387316,60.5587970464559,59.4438853721542,58.377251251359,59.212998382162,60.6555611705537,61.7623967063054,62.2017107781514,60.4030643350504,60.3091504534113,60.5333631115367,67.8201372723471,67.3716146600286,66.9101012767697,68.3611842571824,68.6649007917481,67.8948404450132,81.6164785877463,81.7851985823494,80.6321222955938,80.5336072882692,81.9454215301318,58.6839340283103,56.8420194450012,56.0017355697148,57.6232890185162,58.6550776820835,59.0003561423028,41.1012119887276,40.1546548873775,41.7803505159889,42.5516014559292,40.649206437801,57.5137366367655,57.1393651346219,57.6853273395461,58.144893446703,58.115488193032,27.131452310203,27.2679480866174,26.8058532018895,26.822075811446,27.1269739632256,21.6807302048675,20.02325957538,20.9030687685469,22.3836615802707,21.6777949150324,20.0173262143338,23.4858982839855,24.4422617454751,23.2628664623216,22.476344274863,23.3622284015044,24.3848579895939,24.3238374103065,25.3320279748743,23.3312996773543,23.4873704051091,24.5390498390817,24.8598317486427,67.3631480001857
303,30.4257132129265,44.7064356093709,44.1459071135508,43.9655897766213,44.1219574430684,44.9230227085692,26.8986409925073,26.9007159395175,27.4237012328788,27.5905273176661,27.815963031292,25.9011290814089,inf,inf,inf,inf,inf,inf,15.2177788591281,14.885347949666,14.8659865045633,15.8417535644491,16.1332566771675,49.9675007288763,49.868099966837,50.9209652698689,49.0929588322216,50.2346146056635,61.4265226619103,62.7239914960843,61.7041721241457,60.5429337740653,61.482563579581,63.6105696105345,67.085167020384,67.3300666600083,66.5921179949007,65.6663554330404,66.3457472634029,58.4121846275155,59.1201177810108,58.0258062094092,57.8553495509334,57.5662845406104,59.7405967919966,60.4538796046407,59.9361892028443,59.9620072426526,58.9499342500003,59.9439793389977,67.5795511881794,67.0196091777398,66.8950189317515,69.1133276706885,68.248380275619,67.5131361998551,81.5340958395373,82.9528232728768,81.0009892759035,80.5576648607045,83.6310454296066,58.873300448394,58.8243571161464,57.996120464486,58.2930670403665,59.4379427658873,59.5254188768542,42.5900889419456,41.5488778623168,43.4213894050902,42.3289971335217,41.6808747267956,59.2177954829006,59.2980858796748,59.3244465487119,58.7285365519416,59.1960711405706,27.5883601107259,28.243239919215,27.9186209879516,27.1110221570194,27.3949398641318,20.3404620944524,19.0469371418161,20.6772516396365,21.2354485527497,20.8179631858047,18.9881754009576,24.2090113931358,24.5953627335427,23.5271890917144,22.1846889474369,22.7327586969314,25.2017400309971,24.3867551765848,24.9139685800222,24.5309331660092,23.4617859620266,23.6932430662914,24.840764536016,66.2334747869586
304,28.6981052910383,43.0366750061861,43.4558823673366,42.2279938973804,42.5321698917255,43.9967286960213,28.5047649946102,28.5223064755123,28.5739128240241,29.1431579638143,29.1607901140054,27.4922565851808,inf,inf,inf,inf,inf,inf,16.3808152568839,15.7327595691224,16.1697873019393,17.0776744517052,17.5705009094327,48.955856921944,49.7301955415621,49.9217903507213,49.314739615017,49.1411921999331,60.841970048158,60.8512126302811,60.1781313377288,60.3431323837574,59.8825997638077,61.1800726948984,65.1980934728007,66.9147538834622,64.9984888290389,64.6061000890479,64.6683995895335,57.5361190520048,58.2953052085867,57.2497743235549,55.7186505877082,57.8417658277217,59.5978155928864,59.3840091281476,59.5815328139616,58.8089323024667,57.8532210705679,58.3243352182422,65.9086402259323,65.332340125525,65.389772722429,66.7658253685161,66.5319640499237,65.8038347798537,81.4979737453881,82.1139710495951,80.8567943859996,80.639357772748,82.3177127148981,57.3240145174539,57.2389196648705,56.4039712886828,57.5717308602497,58.3531396830655,58.2473302975451,42.9855092322358,42.6455924826669,43.8334064415983,42.9580044547892,41.8985001840826,60.0884991381042,59.0799226184677,60.2319085421693,59.5495162303901,60.3918433886516,28.4530287084225,29.147835463793,28.9973282427703,28.3373910812495,28.5891120773353,19.25370007938,18.5242279571598,19.1933524066555,21.4530976342373,19.3768143972436,18.4579154727897,22.3683262292008,24.288012335599,22.9354963243378,20.9046094767174,22.0410365140922,23.1729584354812,22.8625293400925,23.8137265685508,21.8798985787423,21.1224208602983,22.0545431904994,23.1848490373188,65.1691480841201
305,28.1025964386439,42.4108859356424,41.8575736417559,41.5947190157561,42.0258993544292,43.3756119122646,27.0980800955352,26.0327288829208,26.4495272347809,27.7912893308379,28.0168521460751,25.8640274638463,inf,inf,inf,inf,inf,inf,15.6122911729138,14.7483904767041,14.7916795517162,16.3532028081947,16.2058878552463,50.3945940693272,50.2495978943915,50.9960294491671,49.5185446936683,49.8267754159548,60.2989493943832,61.1896430802673,60.9627972508636,59.0072202602079,60.9267761159654,60.7614401044328,65.3071853549734,66.2650121872625,65.5302930102073,64.6116430297675,65.27878759675,57.6923007071703,58.9952288390833,57.8861723639107,56.8673348907439,57.6681740376664,59.5133867783887,60.2320767348522,59.6788612685016,58.9077397154945,58.7369228124866,59.7280526855745,66.2677990013196,65.4216808139824,65.3452597790918,66.8157095745209,67.1359153228052,65.9279583061668,79.9902909544971,80.8643205456226,79.1109266469871,79.1993864653938,80.7797149877686,57.097429514598,57.1225890298988,56.3356231973593,56.325558357832,57.4649638488397,57.6666745362918,41.6815481887021,39.3410273970683,42.3869222704186,40.8621558790142,39.8869432696723,58.1526129934298,58.4172810135137,58.3096931342015,57.5963559943521,57.8187459516079,26.9831254804035,27.569081276951,27.1290865168701,26.3765180037113,26.6130073789194,18.8583152475101,18.4872081135736,18.4809419092274,19.7429012179009,19.309127672358,18.5028380388551,22.3044989359101,23.0209760875452,21.5366831233616,20.6451954632827,21.4355304305646,23.2821036432464,22.7812265304631,23.8045091018066,22.1424477784016,21.8424970150792,22.1071828507964,24.182103627544,67.6710828470299
306,29.9066873367619,44.2182774972691,43.6601611135426,43.4265043923011,44.4201408971843,44.5323985485009,26.2360860938088,25.990353046293,26.4568992727188,27.1577433424893,27.4601087968323,25.221526333794,inf,inf,inf,inf,inf,inf,14.5805396458205,14.199647946966,13.8769740085104,15.2627112985233,15.4557379608776,50.4916043621688,51.0457695488361,52.3964056295967,49.6368127266356,50.624629029126,61.7700250929075,63.2383001935483,62.1726424396351,60.9679822654556,60.9735666955158,62.7240023619391,66.7816591620762,67.713067016486,67.1629834317094,65.6677112701895,66.9229809500368,58.8755473213347,60.5525935143503,58.5806050441423,58.2247066726715,58.1468859336444,60.3488042334604,61.0374837766772,60.5961512871969,60.4304628778533,59.4793260667799,60.4119900147722,67.8575106201595,67.3302178954221,67.0487877763297,68.7707775583331,68.6237934945981,67.8529555415582,81.5580954994725,82.5076470185166,81.2637534526832,80.5545403971133,83.0942294946,58.8945717421059,58.9634480190748,58.2426181290836,58.0789015440764,59.211440862546,59.4284367474999,42.7893697146312,41.0422185785338,42.9451699405289,42.3201475645822,41.9092657832751,58.6859285968078,58.8944589638852,58.8245873277858,58.1554551072548,58.7799482442063,27.2027601615345,27.8040590869988,27.3955952811178,26.620862357497,26.8736782553059,20.8214754141136,19.4363997866933,21.2925354393682,21.6298332543554,21.4218611008646,19.4006561637375,24.0914762764301,25.1994894063658,23.5789777448353,23.0650373449163,22.8982226013047,24.5424494612993,24.2558342094659,25.2583094675123,24.0401114790102,24.0877843073134,24.2158299947452,25.3447056301664,66.9882880655781
401,40.1604293253592,47.6605991768425,47.1410114078904,46.7212855214875,46.5152699808979,48.4409901071965,11.2819386693427,11.1096487805101,11.6132698587916,11.9714178243802,12.0992012879249,11.1424561786459,15.8277479730745,14.2608347107968,15.9844654681687,16.8338461665435,16.4414134387033,15.205908635527,inf,inf,inf,inf,inf,65.826377637257,65.5479132539015,67.1052028629811,64.9506052660825,66.070187218875,73.9213830852434,74.8745948082542,74.4415728769054,72.7278001864337,73.6979316327019,74.8738415578128,82.051013158393,82.9308211479666,82.8204523835809,81.5740311371398,81.413484825071,73.7725294091929,74.6198721699329,74.9859092092519,73.0295162315515,73.8942171446466,74.7178918626805,75.4472730350036,74.8067933054751,74.0178651825134,74.0579958990592,75.073974054632,79.3136563019587,78.799579168219,78.3650540076976,80.0414576167287,81.2124979598892,79.3245930611008,85.9143736637595,86.6546141150887,85.4799166401809,85.0854012407055,86.7325421205162,60.8528791091496,60.8095165593444,59.9788960873611,60.1972632189842,61.3485599397664,61.4868472703934,45.1198695135667,44.0356665136514,45.786911691101,45.7872844987174,43.9311622561085,51.783619813869,51.9932425159847,51.9285002319976,51.239237249649,51.4811424636558,30.3339174814215,31.7507361054574,30.5449401068874,29.7707043903333,30.0236851393823,35.0920534362977,34.5513050559812,35.1734762073762,36.0302995597125,35.3865240636053,34.5321182093306,38.126023651281,36.8448236201331,37.3958038198836,35.4078677025734,37.1784061914655,38.2430617621352,36.0532316454462,38.0542102158632,36.0099559761736,35.0944497780699,35.4777609848061,37.319158097815,70.7411868746577
402,39.4427913611724,46.3198517002313,46.2061776048888,45.8074688769998,45.5128460703692,47.1278972778289,12.0618629343152,12.0361603092639,12.5561676308361,12.7556118349086,12.9686702731124,11.0720793006965,15.1923188379772,13.9568090050156,15.7975156122709,16.3380350157628,15.6104979263486,14.9723098849691,inf,inf,inf,inf,inf,64.9366747239909,64.8240694964554,65.8866500394663,64.0602149706696,65.2345599961807,72.6605492867724,73.9665568483067,72.9057941685406,71.7587694626124,72.0356796168472,74.1533180636991,81.3274075036086,82.2406326176688,82.8335309463898,80.9513296398277,80.5920236436954,74.542562698005,75.2376124553538,74.1387743450713,74.0113300778807,73.0501874174998,73.8948084376986,74.6109435464256,74.0850500767861,74.9342368393998,72.6610929441061,74.1270854267892,78.4182300878623,77.9938429837834,77.4906537172198,79.0399776951419,79.1709664227012,78.5134189504776,85.0928101017531,85.6591129135354,84.50254000985,84.1377207149532,85.8097854493922,59.9270343573351,59.8379065513454,58.9968223001042,59.1943491763374,60.5550098628422,60.6077783217524,43.9022021531076,43.0243241516118,45.2563662708902,44.3392384390887,43.2942130420873,51.3221683664761,51.3484548331901,51.4142205338899,50.8545319762339,50.0407951006438,29.6860972358035,30.3569015516613,30.0686911619751,29.254298777564,29.5480548550764,35.194363395755,33.2655443221152,34.4112762345,35.8000233224877,34.5761249880062,33.200817211116,35.315875489717,35.9774525327929,36.4568001128275,34.6979801330092,34.5234072472316,37.5899649380167,35.2593760037085,36.2560862233433,35.4020459150608,34.331927479047,34.5789499838916,35.7279959949377,70.9223683901233
403,40.514435000406,48.1817974068636,48.0281861528943,47.4092322088966,47.5080519438143,48.9795232162509,12.3128102692146,12.2733296279227,11.9590781099495,13.0051402949006,12.5782141522182,11.3139558109898,15.3226370118207,14.2443742623306,15.8543444258109,16.9435481463003,15.7874536427436,14.8068288322699,inf,inf,inf,inf,inf,65.5877248159999,64.4077624010504,66.5441685207288,62.9880188977826,65.5491678468085,74.6870498265013,75.5595822798146,74.9298735547694,74.1341992701615,73.7457189535134,75.0893892919818,80.9581628012753,82.0425319795362,81.2422952827331,80.3163686683699,80.4896043517186,73.9919985653315,74.6956295146252,73.6145988155938,72.5778134445028,73.3765808560224,74.3611096186648,73.4685757477709,74.2925231808817,72.6662777958167,72.4686542003229,72.3309636741282,80.2129423952421,79.6394124828234,79.858121275068,81.1176861432021,80.7232681148595,80.0479108896063,86.814591837907,87.335933675093,86.0657538872607,84.482512940448,87.6195140975695,62.0741269219259,61.9558239417818,61.1299408527599,61.5529483305448,63.2792657738782,63.13282519245,46.6077095034907,45.6461546178,47.2484384935236,47.5668308090673,46.2396613115484,52.6742881570772,53.9945658178504,53.262001732418,52.0775379557711,52.0738010343423,32.6049588850243,33.6293355630244,33.0035824078426,31.3011056722664,31.5620942024222,35.8972651087902,35.560336722299,35.4090647056442,36.5847011085436,35.052353850165,35.5726246756444,38.0457504327044,38.9728113909342,38.5080616811869,36.8312186759724,37.185716200841,38.4048907511472,37.2061923076373,38.1838080351319,36.3011425943594,35.633876779669,36.6666490300506,37.617762686138,69.1295374885653
404,40.8683166533205,48.3762499395666,48.4470094122543,47.4687142047202,47.4306448198067,49.1714863497151,11.4166593058676,10.0869279877807,10.4011661136873,12.0842893401934,11.399467741486,10.1096173470803,16.5392840622148,15.5892860280796,16.5428421189865,17.4880110392732,17.1837947566429,15.8270290565578,inf,inf,inf,inf,inf,66.7688572530104,66.2529940417788,67.7343811681277,65.6940995203546,66.794084215569,74.6587484245878,77.498737285828,75.1241729108044,73.9088471815764,74.3359681763723,75.2852421147421,82.7537369952706,83.6492783781522,83.2991260082018,82.4061546320066,82.1418499444722,74.455188820974,76.3815102619982,74.2627615894164,73.7554146300256,74.6296049708265,75.4507619757886,74.8051586853582,75.5166111244688,74.7269054815602,74.8016193804879,74.1104127319666,80.0573067514581,79.5363422576681,79.2639721386194,80.7634057696304,81.9440630317282,81.1749231909419,86.5622535274053,87.3683519216194,86.2225489260295,85.5811670676633,87.3689446405089,61.4865514453734,61.4831227345728,60.6674878209356,60.735765265578,62.034813604935,62.1171982172151,45.3722882285113,44.3904676028282,46.1417299789261,45.8351887044323,44.7874777969268,52.0509515189624,52.9215170081064,53.0025954057112,51.4725327944317,51.6115912141907,31.1349506444967,31.8057959931794,31.5598200640621,30.1022424871153,30.3169022552011,35.8460334203887,35.2890714037417,35.8885778552411,36.3054052341578,36.122744232972,35.2589606002797,36.6113145314369,37.5981028000479,36.8482944425167,37.3345685381531,37.8082434964229,38.9249189866066,37.7272117900716,38.1962961455747,37.6071913397421,35.8125978133369,36.8861152174033,37.9805844486371,70.3380500400253
405,40.3629507922809,47.6334293381809,47.6039869152326,47.229050974093,46.7234030333441,49.119993485399,10.1231427558594,9.79509890161838,10.2323471085765,11.3682313027532,10.820657631997,9.38617257847487,16.7339148490152,15.6374624412044,17.1458226225897,18.3033523563453,17.1461972824241,16.3284085510324,inf,inf,inf,inf,inf,66.3598055256088,65.8974615896951,66.6810030529356,65.4907864334282,66.7700316744153,74.5232774423063,75.3758733566045,75.230905462556,73.1012512661496,73.5675585437477,74.8988288316448,83.0130908435397,83.6613192783984,83.822710244065,83.1092386821947,82.0345989221443,74.5652114976369,76.117704890076,76.6390428927902,73.7221573166096,74.4907838544795,75.363857892832,76.072557793008,75.5586286988719,74.7985695294296,74.5422268399035,75.5059155850542,80.9670237944887,79.1820978563651,78.91161669996,81.40210910361,81.8527380363313,81.1109303831004,85.9149104636856,83.877095415934,82.6711714286142,84.9196564545657,86.6443639820954,60.7349812481361,60.8182692896836,60.0930337870401,59.8753082561971,60.9597791559609,61.2271687617327,44.2038609486499,43.2586553028063,44.9956083347001,44.2468172405204,43.6126611639103,50.9890085195534,51.350959955382,51.1699932440789,50.4103055355599,50.5663966476248,30.1291343051546,30.7862976147967,29.768588805233,29.0670820890638,29.2692170253322,35.5145171137923,35.221778968885,35.0324106727982,36.3571627478581,36.0316474315264,35.2484948976614,36.5654515104454,37.4658424703375,37.864508179949,36.9395748651632,37.2560806417269,36.8778483527395,37.6209610950685,38.1382287412639,37.3376019060024,35.7862887731329,35.9968449234106,37.5274577898235,71.5420577510399
501,40.1990533745084,53.0540416416818,52.4939094259995,52.3217563907097,53.8372599081822,53.2600770809458,81.5297185011811,77.8955021069799,82.0779196100533,82.2187234090515,82.4564255496211,80.523384946232,52.6882282923876,53.8161544255349,52.6810704053588,51.5490749241892,52.2012355749141,53.3706971639029,68.0429941314783,67.163671419543,66.6603038432865,67.6082059987882,68.6068170312004,inf,inf,inf,inf,inf,31.1176873744,32.3067715315855,30.3301648335462,30.4546507055224,30.8365670325566,32.074545948602,24.0983134492619,24.2855023614277,23.5848082538144,22.329414841948,23.3435684530135,9.81634640725538,10.1075974474265,9.04138422697866,9.82330800976526,10.4619704323241,14.2743478623461,14.0960395274616,14.7201318912414,14.7541650249662,14.041078951022,13.3795538608257,38.8609130020261,38.4002210948606,38.8353605671992,40.3559418363754,39.1641614375048,38.5887141740279,100.220284281969,99.3872815693681,99.2568953896229,99.5680053239458,100.075127982991,60.5874285304982,60.2920666297805,60.4211132718303,61.0152183639165,62.1586903753183,61.2950533223269,62.9577149334804,62.0244317557238,63.4125793926712,63.8323290143247,62.991202140345,85.3306061654977,85.3946536265274,85.4321452043934,84.8499812736621,85.2106067502063,59.8273820089302,60.0843165909529,60.6133753864564,60.455009325963,60.5903317372104,33.7568186895781,33.7877963534212,35.665199190818,33.5266470178351,32.9786327558986,33.7657963261739,34.7772720153543,34.2822842412973,34.4450537799722,36.3537356296943,36.1067358506954,35.7169894718336,37.4062906538552,35.8166816237082,36.8609135495365,38.3696268227875,37.9905364884433,36.8534949923176,64.8833403117101
502,41.166701981995,55.0010055472984,53.4887522798568,53.282782791536,54.8690021909631,54.3887321150259,80.7569547132109,80.5318458063456,81.019476966136,81.4393411707442,81.5428658694699,78.1034088271324,51.9208437028267,54.4086715748436,52.4361423819056,50.7043926582536,51.451394482307,53.4828394862626,67.127109693181,66.3682298444815,67.0182819044672,67.85403160654,69.2158726711328,inf,inf,inf,inf,inf,32.1425673663031,33.2791993724224,32.0737869791022,30.9892837014574,32.483078264213,33.1017495718199,24.1642303795843,26.0474513694878,23.8757917156931,23.6485425929053,23.5741461583219,10.5314746866949,11.3566067781891,9.88595592519859,10.7522850968627,10.7417559188246,13.3067589617989,13.151781586294,13.7655423243784,13.9840963650108,12.0470286492371,11.8885705619971,40.522650955015,39.4692672976977,39.8767372121936,41.2968377737393,40.2434987569012,40.1879210347807,100.463076126273,100.405134224712,99.4718717029565,100.426880976497,101.051863305231,61.5710400903625,61.2938802204333,60.6917123985038,62.0601966776823,63.1902801185415,63.2611795163406,63.8060771517828,62.8679186342063,64.3947662600305,64.5440481439992,63.5971595122393,87.1656625647381,86.3508121190728,86.3526994921798,85.7277030618595,86.5771426766452,59.7444886301378,59.7460257873062,60.5777742737668,60.2133676902038,60.4181037447839,34.7368116328324,35.3141455053029,35.316159344848,33.9263832257647,33.3458360628468,35.3904494978911,35.9770569144591,34.9506303109295,34.4152053465037,35.8977249300413,36.08004766917,35.2923473127592,37.1902968315354,36.8893260068642,37.4202945951108,38.1522982789644,37.9593451689483,37.241625907407,63.0280310497523
503,40.7016219106064,53.901400875789,53.3480252552512,53.0923525572617,54.0921927342018,54.2859591684966,82.4557271528055,82.3983628710084,81.5624630489065,83.1500868871938,82.2048448319095,81.4657209133864,53.6982374186595,54.8052866984835,53.1884110368259,52.0162652597658,53.0734456233029,54.6058522249709,67.6763954706933,68.198604417002,67.3400006901197,68.3305254755701,71.2699026385234,inf,inf,inf,inf,inf,30.6851136843524,31.7002580382466,30.4431989028939,29.8793914923917,30.8697995001859,32.2048227728111,23.1381108044971,23.9282255131342,22.2726074944778,21.5843989977111,22.3753304553253,9.35854400409792,9.41333751835923,8.50625844712495,8.6657991771168,9.48055708310858,14.2513715922558,14.0414652913689,14.4579870623331,13.7699987331316,12.3096652909076,12.4550198645495,38.9106100930701,38.573410239373,39.1540724080051,39.7511677631659,38.7731524741878,38.5894285887946,100.186456536086,100.263083667045,99.2015254617484,99.7280381622036,100.601615548937,61.0185626498712,60.6793585065441,60.4947110995083,62.0154723984486,62.2358722202612,62.1447500684721,63.6227754841625,62.8610461997147,63.8635456850203,64.5935606365475,63.8634625369328,85.7836933606774,85.2291941197722,85.9552560811595,85.2168107913924,85.538193889522,60.479417149404,60.7516112503386,62.1967361836046,61.9198243058049,61.228110781211,35.165844610975,35.5354897260432,35.9329038910508,35.2334354509339,34.1333981415875,35.5811069267607,36.0953736994767,35.081641502587,35.2650580844592,37.0421248203,36.8363775592681,35.6404070008492,38.2019454583445,37.1804194537706,37.6788903084648,38.6495060649242,38.8350881082337,37.7002248682868,64.5192148867619
504,40.261860745863,53.1512138447442,52.5984568531603,52.3335898434352,53.2777734388251,53.3503175175268,80.655291759415,77.0634435034542,77.4884906874872,81.3450129895963,81.5867532301203,76.839939664594,51.8156363442745,52.9903954803633,51.7095014191563,50.9593093206079,51.2194781025684,52.4197698244411,67.1632906150984,66.2832270118565,66.2554692899506,67.9061532484848,67.7338239976382,inf,inf,inf,inf,inf,31.9829496112119,32.3588606305223,31.0742551490203,30.5390870149474,32.5714186331669,32.8295147006507,24.1947720429979,25.1494744587268,24.443466950355,23.519138561238,24.1969241578186,11.3632540862412,11.2398560052355,9.83003018418097,10.5281088391076,11.3157439681292,14.0971051012242,14.0919131483474,14.5686992352718,14.6202946829606,13.6637125010441,13.2391201840495,39.6101251854828,39.1702946386674,39.0671887509816,40.5078591430115,39.6758636062153,39.2272469360224,99.4511938482454,99.5757294950509,99.6345509597475,99.7111392179239,100.114011451793,60.6704997191008,60.44167977745,59.7351408646124,60.4640275847365,61.4676304378753,61.3953046748272,62.8289576438127,61.5931818667332,63.5473085940708,63.4948150500277,62.4876721585261,85.3628072009642,85.6335418128437,85.5210294111174,84.8056621105491,85.0275693768281,58.9486609876979,59.2454797820656,59.7450251018669,59.5741811811372,59.7084872033695,33.1276729522764,32.961719687264,34.7847447226137,33.1570261324809,32.25050350118,32.9171897938335,33.9867642599057,33.3680521946682,33.5746915541342,34.5408902337857,35.2322839852738,33.8964399609091,36.5298558324054,35.3447788067532,35.9737167157993,37.4913334935023,37.1203453628334,36.7815222172877,63.8014556312919
505,39.275286875825,52.0988675835266,51.5413491156523,51.4086156559768,52.4922114235887,52.2783466475727,78.5431001284159,78.393929367631,78.6206185675545,79.9744989292293,81.7419566051081,77.5925551554864,52.3377295280033,53.5482225156924,52.5514632265985,51.3389547470982,51.8809371713863,53.138386951994,67.2940988036428,69.3556356586771,66.5725831445275,68.0175230009641,68.0238466448705,inf,inf,inf,inf,inf,30.123317948565,31.3616188793339,29.3396327855077,29.4930401587269,30.5177916531232,31.0494987043972,23.2769731633755,24.0408822786238,22.8470149301537,22.3773007530035,22.3610993634955,9.12820501063041,9.64653930268011,8.51907624240952,8.93466743076458,9.73372741313028,15.4127746159131,15.0416958277932,15.7421993984013,15.1492935767066,14.4980432026965,14.3312886718746,38.5443079757442,38.3101979385247,37.977378052304,39.3002500260323,38.1978467451719,38.2092089704768,99.061095265665,99.3741172554001,97.4821265802617,98.4455151444046,99.8098810599678,60.3997215540667,60.217742831415,59.440710554848,60.0259414498303,60.5454526521536,60.3345939909635,62.2054235665724,61.4530584284178,62.4728702167965,63.189368164718,62.6682180679287,84.0553977137749,84.1155627315835,84.1481802902041,83.6077996797087,84.044136092116,59.7653752621814,59.8262522381479,60.444288272754,60.5242755085845,60.818359788167,33.7348019214179,33.9675031502382,34.9351233333928,33.2138056148926,33.1400274412162,33.9822223158622,34.4826425320105,33.5170184033674,34.4379234652897,34.944321118824,36.0994303348813,34.165161047475,36.612093496237,35.5973293775342,36.2255058191209,37.560001917751,38.0485289238072,36.9051689900068,65.2487388604873
601,35.2214571296318,38.8075502548747,38.8799223879267,39.0511530394358,40.1444561538606,38.0115096578851,85.0756065979524,85.3158132338966,88.6188562847699,85.652944149156,86.1529565790069,84.1016314433195,63.87911910647,65.0435416321656,64.2122542935299,63.6391596669102,63.3319300608735,64.7315451199306,77.2236556329582,73.8582478299033,77.9320845345276,77.9632774233823,77.8583409576456,31.2663223670566,32.3167349739572,30.8488544545211,32.1429981492394,30.2738931317743,inf,inf,inf,inf,inf,inf,22.3148160947301,22.6466652311564,23.224623994033,22.9952538973899,22.0349321847074,26.8740992019311,28.121948947896,27.6463787010292,26.3417800013415,26.0447772778403,42.079948615822,41.1549387980972,42.5556691301932,42.4701577098849,41.487885137882,40.4467945829225,8.43439823249321,8.21961733712351,8.38975729032452,9.17907511443523,8.07094490136825,8.09869339796318,74.4880783465569,73.9164838437498,73.7129857841768,74.8788520481583,74.783862273852,35.1770986347089,34.8519695729484,34.5109506622789,35.4322584026858,36.0872158079365,35.8567128171834,53.9427479618525,53.7491081500962,53.5387980512324,55.5688337504876,54.2927069471643,79.7866751766586,78.5796326186498,79.8617090682473,79.3836036057613,79.8647063576751,55.8236843844801,55.8240620243862,55.6453691271393,55.3960569766434,55.5512766303279,41.8849647862725,42.7062787357325,42.1906993571478,40.9903253760847,42.193687283286,42.8332363031829,38.9275458199937,37.9310648190151,38.9669652454136,39.913575039312,39.1751673130377,38.5167328723345,39.2152758098334,37.1951360330644,39.1180243019216,39.1976637693086,38.8982445587775,37.74906392345,40.7987634950402
602,36.1950201480088,39.6322214592853,39.1505273048251,39.2270933004937,40.3116325651724,38.9480790998806,86.1570247390649,88.9713053973566,89.4141772428415,86.3786290176201,86.879032427453,85.082291121589,64.8428440753628,66.6322640828662,65.429682667763,64.018691684961,64.2191129524213,66.1109116635596,78.1752148181629,77.2734694852718,78.8386046205133,78.0403993678961,78.7084909676938,32.4674696674573,33.4318860026817,31.8789979481617,32.5224078892503,31.5255032146856,inf,inf,inf,inf,inf,inf,22.7947309692675,22.3903878033505,23.615091018143,23.6155930278811,21.6010563721868,26.8296467548861,28.8001492256873,27.4877513472219,26.1140121302772,26.4745331718415,42.4268562204671,42.3777748870812,42.8942844462545,42.9820182630526,42.0366179671518,41.5541663655667,7.17458734010838,6.82202419326818,6.66044617222645,8.88393533165319,7.74655590535017,6.85522584611257,75.0184240949991,74.1712292229562,74.3656557843636,74.4827819571156,74.9326440357463,35.2774874331436,34.9156709665586,35.0273708140188,35.8674575309487,36.1634804318084,35.79914926825,54.8098318876899,53.9833445585832,55.1381181252991,55.7220168347853,55.590839541745,79.9105210668286,79.5024119381145,79.8556170857377,79.7782574240236,80.3663165233576,55.7017383230652,55.9511056664676,56.4805284469901,56.3494974953253,56.471239207102,42.8636748733133,43.7212183207747,43.1546862606664,41.9175327266719,43.0425783953004,43.8293838420283,39.9328699526133,38.9057247692682,40.379325319013,40.9258277796688,40.5738201900994,39.4042587286386,39.2042645137977,38.9801249870584,40.011423049681,40.1607661479736,39.7536785491608,38.6135341379572,39.9646397980197
603,35.6653990207634,39.3050246767921,39.261483067483,40.0390777520898,40.2985228751089,38.5567820130204,84.6304516470682,85.0975260297351,85.7288110057235,85.0766374006745,85.5576635599527,83.9453243324024,64.7625415837625,66.2732502565588,64.7705170149341,63.6030940166039,64.4141093435943,65.470214502024,77.7762080676068,73.9770062673302,77.5735310251571,78.4609883569182,78.5953446077936,30.48096299416,32.2254355165936,30.5794464669314,31.2343469755119,29.4908534211764,inf,inf,inf,inf,inf,inf,22.0442223249495,21.939923110862,22.3217302544515,21.9245785088062,21.2074680570814,26.0250680681619,26.5793552792166,26.8388596862512,25.6222620392595,25.173024062944,41.1440040754981,40.3579126598586,41.6194721714717,41.6371023011224,40.681732633129,39.7523053577689,9.01817469189601,8.46402671249161,8.34039397364582,9.80062967400449,8.9480313963119,8.96974566147904,75.4753287441134,75.0246326587417,74.6830286337617,75.6994183637085,75.7833487459606,36.1528291261649,35.8145216264382,35.4942567486487,36.4135202650158,37.4206185978153,36.8098781235595,55.1641708665091,55.2186358444535,54.6184400708648,56.0082436486981,55.979477672599,80.776249714287,78.7350895555146,79.439930118336,80.3769429660431,80.8369396304417,56.0812759926524,56.2517661395425,56.8261270941389,55.9666450618617,56.1961796970063,42.0634498521974,42.6413942065455,42.7091386789691,40.838433807249,41.8952248758042,42.7226605553427,38.7908428977005,38.513850068528,39.2580620640453,40.1493055437064,39.4065432428558,38.1664440845919,38.1644742894979,37.1738824900452,38.9081893825468,39.7151216956021,38.6862918680457,37.5360874543025,39.7624691871876
604,35.4276229374785,38.0170243040086,37.99678333423,38.3946906073487,38.9771229191135,37.2676773869848,85.6500931528175,85.8776699731757,86.392252005086,84.2313164181979,84.734903890506,84.6543397826022,62.8969406477259,64.0659847901874,63.1080088094333,63.1432168079874,61.8350526301253,63.6875027126343,75.9743505485831,75.0148057063972,79.7444507045718,80.2629252010718,76.3750287919835,30.472613428066,31.0001170653148,29.8890345327091,30.5595331910912,29.510485495222,inf,inf,inf,inf,inf,inf,22.3076016881618,21.8769642404277,23.1231390917246,22.27212250459,20.9246014759512,26.1665798317696,27.2382275301843,26.8610335971846,25.4966144452366,25.8870485889407,40.4662488076531,40.3893600358334,40.9311928149009,41.8653483839207,40.0851269747832,39.5875709652943,8.99741181682569,8.66050590218925,9.24087342373838,10.8249561822964,8.82175525312461,8.67587108375589,74.6392211924973,74.7796331772341,73.5996873755108,74.5434887696377,75.5160215591639,35.7026105297224,35.4513950491177,34.801377372239,35.6165152974617,36.5389003935725,36.426024357766,53.3201211412739,52.9525458080928,53.3179039212265,54.7220594179278,53.9148096335849,78.946147093745,77.9219349954618,78.6320723539907,79.4856871571489,80.4439935811599,54.8606900485423,54.9713695112022,55.5697332517719,55.5681592701508,55.6444204793799,40.7529919377759,41.6527619305867,40.9221713569175,39.8102674050692,41.0259729321219,41.7831221421424,38.2467228918771,36.636594873238,38.0779143988872,38.9884134105977,38.2594018433985,37.0379289076093,37.517683351885,36.5068838289811,37.72849217018,37.9735397109215,37.4547885929769,37.1776595086061,40.5134067862983
605,33.5977112860888,37.94992181878,37.1353768339974,38.5378469996367,38.8601925195916,37.1428488897766,84.4992435254965,84.8926884758032,87.6438698182696,85.0236591377078,88.2770756650355,83.6861190584834,63.6502020673785,63.8861657025925,63.5041376802206,62.3177257803249,63.3056892290685,63.736969099542,77.2793988797407,75.7455276668689,76.9707484462416,77.9429539389559,76.8817305818624,31.000422741479,32.6544351504236,31.030164987293,32.729088134546,30.6661337594537,inf,inf,inf,inf,inf,inf,23.3065697267426,22.9384788252879,24.1519007552458,23.3429362326243,22.8004520000631,27.8803327482796,28.389004892468,28.7136045705887,26.6612981737973,27.0226466432442,41.6317846000793,40.8662871883438,42.1146849373674,42.2048314637,41.9437393079586,40.704010511333,8.04162227415545,7.69268374011286,8.26546227851689,8.89057123544843,7.93294994979181,7.72342392130799,73.63839973284,73.2252066755525,72.7958649781109,73.7734446988047,74.9818007413242,34.3535571353849,34.0155647910488,33.6800414913484,34.6615708558011,35.583595404281,35.5088866852126,52.9918994067919,52.8882988820835,52.5587523897392,53.8975110939453,53.738812419729,78.8248623112607,76.7173981785319,78.5013297427824,77.6213995191758,79.0736737157539,53.8588769184511,54.1143533523745,54.6437743282717,53.983089958866,54.613085403185,41.5568298227333,42.4658225788366,41.4118500361365,40.6947278590896,41.8405372347996,42.6213992429696,38.0342862202934,37.013109029409,38.5877139629243,39.0000841519217,38.7525850657704,37.5400532735871,37.3172790257661,36.2972583130725,38.1618676156655,39.1074593473717,37.931506022407,36.7906420706099,40.7318002198176
606,34.8221782183504,38.9721594974493,38.4694918855755,38.5330707150955,39.6166836681846,38.5668388191518,88.6490840891995,88.4170380496984,88.8940684202208,89.333040211707,89.432648595021,84.9736490932361,64.297509130433,65.8452892402635,65.8315102810881,63.7200555421545,63.5744986375874,65.4296951692579,78.5059240387745,77.749167576131,78.3606984687618,78.5721136726904,78.2106487135221,32.253351872973,33.2785626428314,32.3857408457863,32.9923452685353,31.2018604013678,inf,inf,inf,inf,inf,inf,23.205623213304,22.9522826348745,24.0820116256932,23.9474862165017,22.6568576328005,27.7755906796589,29.0848450355556,28.5909421122274,26.6924542629065,26.9175267554028,42.9231218802754,42.2013138201576,42.9457896078186,43.3951448348146,42.4213492267752,42.0835091936985,6.75192450463265,6.34745016797543,6.84232506275356,8.33225286336323,7.17581004543355,6.44622955248626,74.4003922435427,73.4493013861976,72.842045687115,74.0901250140278,74.2315856964726,34.5836631608988,34.2196174161929,34.2295293524765,35.2025046996585,35.4764676257707,35.1322801252221,53.830197730747,53.4051141854294,53.7662981402516,55.1652728515153,54.3800960635731,79.2198885064725,78.883486019517,79.1715181402461,79.1235421137859,79.7229898873552,54.6441048545055,55.3995695725906,55.9931168282051,55.1146069786994,56.0757553637585,42.768161392428,43.6350447802477,42.848783447445,41.8527565634686,43.1683956833811,43.878408324448,39.8202375512852,38.516562510945,40.5682656590156,40.8456505702975,40.162486048265,38.917950739158,39.3624134181771,38.3664215356165,39.5492804542162,40.3212846865581,39.299547008485,39.0842347781619,40.9473793087748
701,53.9906068552784,58.1591414968662,57.6563440045013,57.7213606848885,58.8041659510915,57.7726650127661,93.5722802289832,93.3460302324251,93.8252672057008,94.2572235216525,94.3604168976303,93.2530463852432,67.9121099485382,69.3647647353281,69.3276600933509,67.2210470560971,67.1836884999523,68.9579606982658,82.3422871248626,81.5813243303513,82.2032931610202,83.0714960224688,83.2789801401163,24.2256087611484,24.291343536073,23.2621432375616,24.3277618798655,23.4159719233351,22.376833828366,22.8458926743491,22.1094239739157,22.4245936714288,23.3789839300321,23.2604649508027,inf,inf,inf,inf,inf,inf,13.1039516417719,14.2249886185329,14.4482943334768,12.9898567161214,29.4123894391657,28.6732430755773,29.4137334517433,29.8816721322898,28.9072487508184,28.5738821101796,28.579337956188,28.1727902404089,28.665612305392,28.8309300091339,27.6758064875001,28.2743450562555,97.8157185805983,96.8872119563385,95.8934053185344,97.1456676237557,97.6364446906815,57.7863468296522,57.4224295963706,57.4351661845566,58.4106401308076,58.6785266848839,58.3342293761174,73.015154139885,72.5970556915685,72.9610579862951,74.3598324747814,73.5698703473102,98.3531936077282,98.0164432864424,98.3035543905169,98.2632702946139,98.8635992173993,73.804829187367,74.5922699798714,75.1898801378839,74.2790981066128,75.2785410279568,49.3700884590763,49.8931998559793,49.9740389561576,48.5834049869451,49.0981061596794,48.8824454728806,49.4981593244548,49.3817080228865,49.3017042038051,50.2133138125213,50.3963897610912,49.7763974345961,51.6516942543722,50.6532978718234,51.8469541844377,52.6120613707693,52.9110454244019,51.3669025094726,14.1116178440012
702,54.9201716958803,58.4565335196094,58.1066985696007,58.3447308946718,59.3018005020335,58.1152676719598,96.1577993338883,95.9983841077405,96.4871605434742,96.9134041825428,96.9969858708238,95.2187277999801,69.8909801482073,71.1101911471616,70.1078380438881,69.6597867677584,69.7360780782559,70.6870711634503,84.9275863841606,84.2424288976381,84.9559214810533,85.6478317940662,85.689580012047,24.4395632401542,26.2011135404069,24.0762844345727,25.3115474732871,24.1987430975584,22.7256777622549,22.4545074106313,22.0163355458344,22.0110515430543,23.025983085444,23.0157302171472,inf,inf,inf,inf,inf,inf,14.091364473497,15.2006866153308,15.3188327104604,14.5052296602035,29.7327696171808,29.6212021606076,31.1845876543328,30.9915971360143,30.0145883751074,28.8570958877611,28.2010352648389,27.9124810014545,29.1788110571307,29.0009196205706,27.9460914165589,27.8705767940432,97.3250153194819,97.4760697940504,95.6338390721412,96.6116494668803,98.391669502917,58.3856193841183,58.0744448722181,57.7088680835282,58.2149551583656,59.1260146479603,58.6739057698501,73.8031059080053,73.5148493448162,73.4936831403422,75.302985882296,74.4522334186564,98.5508832846057,97.7695915820701,98.365300556217,98.6833102002566,99.2860191600855,75.4685214189987,75.5220431722457,76.1405964501234,76.1871134025083,76.2469848816125,49.6857250017477,49.8821730798397,50.7678254219708,49.3632629720286,49.0566204561032,49.8938154398824,50.2428741332619,49.2893347309233,50.1897579939934,51.0851472765126,51.8505962427044,49.9646906902277,52.4233216890936,51.4109251405781,52.0056710315222,53.372195759325,53.8588850591006,52.0388833430375,13.7027374456042
703,55.0840286897114,59.0843787707407,58.5681595677819,58.5760697434161,59.7297578714755,57.9093713814432,95.5783246547938,93.8056147294643,94.2116876271346,95.7117482775731,95.3264148306838,93.5263585906509,68.2805990613755,69.443316600177,68.8236920960611,67.3642454318172,67.7252886043009,69.5634977457523,83.0871528998299,83.1807766988723,82.4826256049596,83.5748194434715,84.0944329594226,23.7164798356138,24.0102380574401,22.4053621401346,24.5811926425475,22.9899465824134,23.2864895964197,23.6664802170868,22.381757877314,23.2420232014118,24.2177557450761,24.1368600019252,inf,inf,inf,inf,inf,inf,12.8856119206267,14.3596966770884,14.0412148960594,13.1815443820814,28.5110836413432,28.5125602818871,28.9829129450549,29.0353520641494,28.0807279287164,27.6547577057088,29.1151661485371,29.0381342683878,30.3579696457176,30.526684760498,28.5933926415897,28.7828501182274,98.4306493620015,97.7191079185762,97.9463683893945,97.9793099717203,98.5044412778168,58.664719091285,58.3057972411553,58.2338621810561,59.1289444585586,59.5761131768875,59.2562539133705,74.7594927141057,73.1006782661039,74.0540689010239,74.8291206515744,74.5507201857611,99.2156836788494,98.9609123411759,99.2114188066597,98.9652448323128,99.5186149434406,74.704200293506,75.6941009637286,75.5174960613165,75.2945034769423,75.4471854327474,49.7008534211013,50.0417834799905,50.9451375692861,49.0705396866848,49.2129725683421,50.0713798696282,50.5120883502992,49.5121129291346,49.6097556096738,50.5820164363724,51.1600286909024,50.074720769089,52.5402359467781,51.5235430892088,52.1116019189672,53.5061482439405,53.1856407049397,52.8973791816525,14.566287827407
704,53.4709840727582,57.8246017272703,57.9388489421468,57.9451695253117,59.0307007544049,57.0203071123162,93.5962514229575,93.5361657317295,93.274560947701,93.9098939273665,93.8940259832256,92.6027922135779,67.2085958044684,68.3236769276177,67.9232303507136,66.7396804297354,66.5898491140451,68.1019057853429,81.8311951292719,83.2580276180454,81.5349843943313,82.6728060142013,83.4140094483107,22.4491453848636,23.7733947165394,21.7080148150037,23.6495875709187,22.51333584284,23.0486077392951,23.6575306213804,21.9831875164412,22.3806968229981,23.4044550444727,23.9934082621323,inf,inf,inf,inf,inf,inf,12.2039343103116,13.2602511245631,13.1455151585107,12.2682719822234,28.8475277208706,27.4772755524481,28.5590570992467,29.1981872117642,28.2152704435435,27.1010489191897,28.6678698688862,28.4263944172011,29.0699528896854,29.4403071254125,28.3637637552596,28.3336246418854,97.5724989043963,97.0410676811706,96.8395551908233,98.0219002537552,97.8979952170855,58.1027047876078,57.5968955524907,57.3940700587236,58.3187329403639,59.0032825207153,58.8561821892186,72.8984317639093,72.7651604943592,72.4558869958908,74.6115161573614,73.1827043030917,98.6324390373238,96.7223866527411,98.7268613083953,98.2057088024486,98.6829072064478,73.7683842724053,74.8495755098638,74.5736042351835,73.8390581924677,74.5344754872314,48.7640934777021,49.1492183424713,49.4962865739604,48.7405156279591,48.3271825431022,49.1919599050886,49.5994758368697,48.585340686986,49.7160325132326,49.6414778765121,50.3342028547484,49.1211914787784,51.2093915619497,50.617946685003,51.172860881785,52.6409108361697,52.2519709334905,51.1269333709869,15.147567319474
705,53.3741043681394,57.1948119775515,56.7223345224999,56.7987142409143,57.8857806217027,55.8851726740465,94.5516201687447,94.4607554510641,94.9743291077354,95.247884705698,95.422720803957,94.5565651289012,68.351312961337,69.1604827950036,68.5451051987755,67.3553455895778,67.8312680385287,69.2914457887307,83.371844276741,82.5587093219624,83.3616959230919,84.1016600260461,84.0263032018196,23.4661488621532,23.6968240536174,22.4943232652808,24.3256841437293,22.4894960800298,22.0659414763178,21.6258646578686,21.2438999541162,21.0320012108546,22.86195199053,22.6969166443059,inf,inf,inf,inf,inf,inf,13.1612282616985,14.0756081099582,13.7778053340249,12.6595226402282,29.3505953447898,29.2013284148488,29.8007428988918,29.9962157786138,29.5169908210788,28.4568490451907,28.0551199881134,27.5900958972634,28.0060317492334,28.1793008090711,26.5795243004481,27.7830908369731,96.6903611245754,95.8968993714497,95.4612848394483,95.7402220293523,96.6668073227769,56.8713735164714,56.5093526547629,56.5579183482624,57.430578463803,57.7753275428628,57.3853365683332,72.2100133905946,71.9779388243836,72.3443113025733,73.1745829215088,72.8750093830484,97.4236424454416,96.9944868900622,97.3705935674652,97.2587177753988,97.8333595046626,73.0506413513638,73.4005606079771,73.8682930570573,73.6148134199073,73.7824200306594,48.7835335046636,48.3120808659937,49.257400104074,47.3655957173766,47.4825985135364,47.798532899698,48.6903505199247,47.7646968888642,48.0118219785502,49.556988896276,49.5046701667874,49.141034313807,50.9155225270647,49.8984117577624,51.2844634337923,51.8806184720252,51.5946785397753,50.5044182491749,13.2247895030445
801,47.6893633433953,54.9421602154747,54.6068180432849,54.1868878976979,55.9741038740585,54.5253542784522,89.8543216799613,89.9251150610718,88.6817601462155,90.5375745450001,89.2562757690194,88.8263539336228,60.7826670318211,63.7574439192281,60.7981387041673,59.62690031496,60.437375646933,61.4925185542861,74.9975744708943,75.5027001965948,74.8019474466239,75.6824472974299,75.8206450344578,9.90083375722263,10.6133611887098,9.44557256424938,11.4517447858642,9.2199500122696,26.783006221111,26.7176138756551,25.9300296193095,26.2259492033934,27.7897515972484,27.6642811695811,inf,inf,inf,inf,inf,inf,0.917904600466778,0.866466305370008,0.910635630983794,0.858912460764714,16.4388734443983,15.8055089934529,16.7103264049504,17.3086748793755,16.9499394383189,15.7216692804163,33.1539140506991,32.7365344957608,33.2963394986878,34.0694332166215,33.442534606237,32.8378873013523,101.203507551665,100.798570442317,100.387474925081,101.39699829823,101.545249105128,61.9879183100647,61.6562943046536,61.5958247465133,62.2640878821478,63.8809139113418,62.6571269326716,66.8162202702769,65.8955235467255,66.2659421375347,67.6564568343621,67.6367596614018,92.4093657527692,90.1632574923966,90.7657257811588,91.9885804270961,92.432999831833,67.7095258484262,67.8748590687267,68.4511107861578,67.8945508221174,68.1257248580207,42.1336676382549,42.2664617977899,43.1215115456172,41.7756789299427,41.4551905245658,42.2606451649311,43.0698139150541,42.669634589905,42.3629587761049,43.3576478533,44.045987184763,43.5898189797012,44.8814774489067,43.9963151651427,45.5163249065601,46.7882791760735,45.7323406813676,44.8786749397024,81.3285659764617
802,48.5441246479378,55.9240555819383,55.7152749013322,55.6153822174557,56.341854973658,55.4237156899847,89.8389097221757,89.7956518108448,88.0456104694561,90.5315874964865,88.6659570819817,88.8411687538744,61.7438112750133,62.8342408443591,60.7435011189392,59.5538654753306,61.0954758600387,62.6550612610386,76.0248163101503,75.8111062133505,75.7345469508077,77.8918504606683,77.6557896168628,10.1887479730378,11.4410583158301,9.49342428539137,11.3263137230982,9.73471545642963,28.0385183397242,28.7142679061973,26.4958438370848,27.2961242246116,28.3094512852833,29.0018463263503,13.0625781502106,14.0246406635448,12.8419953550392,12.1656979794637,13.1317730720865,0.917881153032376,inf,inf,inf,inf,inf,16.0767389954544,17.0844589051205,16.7628963142354,15.8993271370928,15.1203805244637,33.5765819661928,33.2892386136565,33.907793917044,34.3853515923203,33.356631478377,33.2470860571396,102.0689591792,101.560438797904,101.281650558563,102.47683749223,102.531035715836,64.0556606435442,62.7520671449972,62.1140645353398,63.542078271094,64.7503342864394,64.2629557495005,67.5443208654274,67.4333783270583,67.0968196089543,69.2947159284121,68.2911940627527,93.4022224199144,91.1739970698507,92.0794897582397,92.9075736738366,93.3341627287133,68.4282660535173,69.5468019499459,70.2072283391937,68.8745605577261,69.12270375011,43.3413357611947,43.7477679976734,44.0721417909634,43.4173733818831,42.2439167984785,43.7965150081063,44.0220745125665,43.5903317851488,43.4853611677171,44.275136345626,44.9831716243144,44.426533562239,45.8251603124183,44.9699907091143,46.441355869243,47.6347863513698,46.9521318526079,45.8320546499982,81.3235058613913
803,47.6728463678801,55.2444948772283,54.7833859419478,54.9076638301683,55.9781418711834,54.9731357275788,87.2731274248888,87.2366414267951,87.7614110547546,87.9702188879593,88.1816154517195,86.287941040394,59.5298187499343,60.9485384306989,59.4122446622442,58.2527554734534,59.3204709478716,60.2160285296461,75.879646840644,75.0014796055598,74.3734989048535,75.3523002352742,76.8390519560309,9.10083267449278,9.94576491807722,8.56629040555009,9.89480676881787,8.58496917700755,27.5578397751511,27.3903799391215,26.7437112368416,26.9197773434039,28.6303980701637,28.4847089945007,14.1631917434179,15.1267294671287,14.298792109653,13.2147033172431,14.0240634659457,0.861594959903492,inf,inf,inf,inf,inf,15.1759944993659,16.0807228218778,16.8914347206868,15.2697608772761,15.1988653887832,33.8730536371572,33.424320263164,33.87498686185,35.3212049089185,34.2607756184598,33.5861067876496,101.59483774564,101.874699010089,100.638225071109,101.516195396095,102.613647231828,62.6428585480911,62.3402133784688,61.8283478321665,62.6969340281028,63.901468625623,63.3452629646789,66.4430441460724,66.2768499226429,66.1153488277516,67.3821444319266,67.1477608246922,91.5335171760501,90.9283864952672,91.4227120098499,91.4847255403618,93.51276598668,67.4572154415666,67.7672230160175,68.2616245194537,68.0424925839226,68.1993854950022,43.1384396059589,41.7750909011192,43.5738135166347,42.2360068991278,41.6000460969727,41.7298307722262,43.5415284495794,41.9902763669208,42.6517660949142,43.5647915776506,44.4222299665812,42.900641173899,45.3161955448668,44.804245081164,44.9903307446045,46.0557501079587,46.2477736618444,45.6885004885869,82.0192040965349
804,46.9116040054719,54.0444026019016,53.7232471478614,53.9837499568687,54.9120076306683,53.6567374077917,88.3936339839343,88.2517375175029,87.4628371223817,89.9935974633018,88.1266586376037,87.4420017655375,59.7423929637098,60.9466852955981,59.9983976574819,57.7734025508216,59.2772664826452,60.5575664504803,74.2285532778561,75.055525631892,73.6105745489421,74.9565642244334,74.9538298455702,9.90282182604919,10.8323674034429,8.74194797672431,10.6089832233873,9.02198770966176,26.2469731667222,26.002558373434,25.5235258830027,25.5513991301746,26.5702577692528,26.580471758827,14.3970789777998,15.2494801769947,13.9958202262035,13.105268203135,13.7299501331691,0.898816444092687,inf,inf,inf,inf,inf,15.8638887056572,16.9127857354546,17.232537773954,16.5176714126418,15.5251030004107,33.1853335252808,32.9117437017253,32.695309716399,33.9749033688463,32.9087979124189,32.8532885834415,100.339844766036,99.8539141132066,99.4788751787033,100.5009847539,101.884309483769,61.2834076918228,60.995813333907,61.2275981591997,61.7476878740729,62.1633174671556,61.994186876283,65.4377279651734,65.1773762929558,65.101245648867,66.9755230333873,66.1044830434477,90.107138371718,89.2744639177133,89.9029899937995,91.1907548575276,91.5799617527356,67.167114866297,67.2022576124241,67.8277119899386,67.1118019291896,67.9446029088057,41.2832507832274,41.5168593295666,42.0969582079874,41.0908349411843,40.6885916197855,41.5341713261828,42.1781805789262,41.8482184554209,41.4780435883806,42.4356741871804,43.1529345566417,42.6751110500918,43.8632906615363,43.1073005086657,44.6808637076195,46.0042243014636,44.8662579988448,43.993111006181,81.6854583021119
805,47.0996177233652,54.6281829031056,53.6073250299701,53.3270065791652,55.1873275398249,54.0465321905727,90.2580870649787,87.7712529894502,88.1678621140935,89.1737229995791,89.3745614935232,88.2394336547284,60.6464715826407,61.8131555786433,59.6256602345712,59.7303911706727,60.0988429034442,60.3755404829352,75.0943175569217,74.2575938223836,74.4408922919619,75.8319881951378,75.7242928100707,10.5419831890477,10.8236697231647,9.56499265188097,11.4027086789607,9.82694893039507,25.9517592054593,26.3799451540039,25.0760436797387,25.9588413004122,26.9319488912768,26.8258024737054,12.9509800988684,14.4410235222637,13.1407397110385,12.2326483313606,12.6246926857472,0.85076422032918,inf,inf,inf,inf,inf,16.7158031007508,17.5248488806616,18.0104707233851,17.4120938579686,16.3878778807988,33.0807719833759,31.7559343951876,33.0803002234798,33.1721813140782,32.6017749494067,32.7462485010263,100.695553546868,100.047841234302,100.164617555432,99.9504520997868,100.830559097943,61.6799976727662,61.4634446690505,60.7343001078838,61.4233433701982,62.4561344173694,62.403692442149,67.1553878121629,66.4720018999058,66.4480078098157,67.8572501163921,67.3807247829743,91.6849000178725,91.5059279796421,91.7031858544563,91.3895386207262,91.9257148868474,67.3896972237638,68.0853761993954,68.2078546184253,67.9716368029047,68.1274204156785,42.0413952889565,42.3716130734034,43.2466877156357,41.4296639524467,41.5425620223348,42.4002351160637,42.675924200706,42.0719121941447,42.2072727935261,43.1808956058356,43.8340139830912,42.9170894870116,45.7743592202954,43.6116137519504,44.9333561037906,46.1646864809479,46.6336094999413,44.5351609996038,81.6310429069223
901,54.5551794524247,67.1657958580623,66.6087340873424,66.364338284549,68.0940381567823,66.7842605769965,88.6254067515916,88.3372904883476,88.4011758422547,89.321630159832,89.5151106848416,87.43814995957,61.851376786401,62.7985621039339,61.4438984484142,60.9042410785609,61.3103813180432,62.1876855667028,77.3553260538971,76.5240793759098,77.404335799729,78.0905722255096,77.989946160708,14.1904898818917,13.165816059837,14.2830083353682,14.0277896486158,15.4584819817433,41.9540511996566,42.2825210303483,41.0242466232705,40.4936814071045,41.4879721206745,42.7784406190906,29.2991035793043,29.6452404625724,28.4021340611339,28.7529581989783,29.2475073457918,16.4074075177437,inf,inf,inf,inf,inf,0.758541237904691,0.497333774211287,0.849144887524435,1.25229771221461,0.985389354429916,49.5719007464286,48.6403656082047,48.9669656625857,50.450253164323,50.0577671801529,49.1167418993012,113.509806819557,113.557253346023,112.521185452533,113.192776754317,114.139479498368,74.6883118736957,74.4409513680782,73.7701963209816,74.5314887724523,75.5085014598033,75.412629721754,77.9090543842634,75.7918879896204,77.7163984381456,77.7740569623901,76.777651768646,99.2521857969527,98.9407729367064,99.2324990678575,99.0279362828047,99.5882583207297,68.9175628890687,69.2683822254071,69.7333003712294,69.4965905923974,69.6555595873171,43.4055538997455,43.7354063405164,44.6520546490795,42.7774518245456,42.9060856571133,43.7621083822863,44.0006408648838,43.3415637806335,43.5332719980622,44.5058644212572,45.1924105097768,44.1974165862345,46.8785745022089,46.4054551628536,46.2002825419538,47.4154536420573,47.7902545454545,47.5381562595245,80.9047553819893
902,55.1461737587233,67.0887091538077,66.5287385539007,66.3573453830917,67.8629587269923,67.2865498617179,89.3434010497942,89.2995670042795,89.8180935213209,90.03859332268,90.2407368601609,88.3979794754464,62.316566738536,63.7061593510956,62.2341489785093,61.1455973922671,62.1089236632886,62.9553363000721,78.0867502738428,77.2434385221286,75.9466306871528,76.9555974747462,78.7025856057639,14.0244084472461,13.0324785613416,13.9916781702237,14.0348493225668,15.0160080906184,41.0840812881207,42.2446170029007,40.2857883799452,40.4276679213188,40.7864925930699,42.0234734249941,28.5004115020872,29.5408295687664,28.4177825867549,27.4036591139681,29.1121691204287,15.8185249748307,16.0469057640496,15.0159478729851,15.8799546329956,16.6608512266275,0.827393996261796,inf,inf,inf,inf,inf,inf,48.3429630731059,48.7933751931854,50.3469890640916,49.0659453575792,48.5100269546767,113.617970238449,113.423699790119,112.659084809918,113.542620606818,114.114602274511,74.627072718428,74.3304233270984,73.7971744181011,74.6571987705601,76.1686888659753,75.3339633155404,77.1791033438359,76.2427210365263,78.2752361946806,78.0364820670577,77.1617655224802,99.7017195245395,99.1789633117945,99.6180790968102,99.6047288029454,99.77782120205,69.6341097365017,69.9396933939382,70.4388120874324,70.2275488345062,70.3816091768892,44.9458816984199,43.6454594369359,45.3866216814204,43.4411131008426,43.6333520473122,43.611865016861,45.132712514535,43.8780282262222,44.2365025781181,46.0330640387581,45.8993286045429,44.8038847497159,47.2371475589621,46.7575741575847,46.8885767491773,47.9642317860996,48.1735499299732,47.636518987735,90.007091805086
903,54.9128633552401,67.3026475915981,67.0667402632261,66.8305618204662,68.5178244878864,67.2561295982695,88.780307932531,88.5790621742023,89.0752500613643,89.4662975022916,89.5788829643031,88.000620871288,62.0862085652153,65.2580721661161,61.7189932989061,61.0152610072775,61.6395555387148,62.5080819963035,77.4397290847443,76.7000730956481,77.3485019806132,78.153812310362,78.1700085622758,14.6316729998401,13.6095417491228,14.4772095438765,14.4948336554542,15.7733432512345,42.4239256157019,42.7441125288216,41.4938613948968,40.9536772098336,41.9544712405894,42.7321471243197,29.2055261423527,31.0654181334006,28.8702061194819,28.3898090205833,29.6935234924062,16.6592425373331,16.9572542463643,15.8599986335333,16.8520119673521,17.4350180447453,0.479271176180285,inf,inf,inf,inf,inf,inf,49.0405936157618,49.4036243681949,50.925890619896,50.5331050788509,49.7201713973202,113.992404596094,114.0098904703,113.00670667734,113.658883100681,114.612598693532,75.148356958936,74.892649132572,74.237476028511,75.0031744376948,76.9027764359998,75.8717111879375,78.1484711229095,76.5962229844541,78.1026284098644,79.1390197395576,77.231555374017,99.6768464357527,99.4189688846365,99.6786648297267,99.3933880351836,99.9245735415461,69.0911720486728,69.5282160334885,69.9250298711761,69.5844629274027,69.7797989566525,44.1730894232849,43.8187929049823,44.7197393686666,43.0326754919885,42.9929292168652,43.8288914668135,44.4899616750462,43.7206088442331,43.7333151607766,45.2575670481878,45.3905389827141,44.5637538237763,47.3398290049467,47.2560042880709,46.5873508423746,47.7963986834959,48.2359937322332,48.0132653803586,89.87667926743
904,54.4262234443589,67.0555243804687,66.5037766866315,66.8792706678941,68.7912428540898,67.1822852339495,88.0721297334376,87.5874729694746,88.5013050977908,88.742183192349,88.7986686414282,86.8141650423315,61.1803729030672,62.4054046202785,61.3289244811541,60.1251780670876,60.7545255307306,61.9539399748084,76.6491814825196,76.1139844088469,75.5430732398874,77.3625666616586,77.4052912507777,14.6983559390902,13.8108053369991,13.770464649576,14.5342620441191,15.1645337084178,42.3277774785336,42.8210957443018,41.5007438508333,41.7472461543067,42.0255688069508,43.2338600185376,29.7503317899197,30.8565155441535,28.908468886213,29.0855808112087,29.8755602735988,17.246678191553,16.6114076885894,16.5741369481405,17.1560383026722,17.9083317800523,0.846975912519833,inf,inf,inf,inf,inf,inf,50.6275721269781,50.2364570548043,51.0944160804468,50.4393091584909,50.4992653841995,113.961495440192,114.200849713729,113.026230711888,113.410531125434,114.68339165693,75.2514306188557,75.0492478112116,74.2973229501026,74.9325406725159,75.5317408056446,75.2950692938247,77.4788673454209,76.7281355190832,77.6834128427619,78.4649078302278,77.9267755987924,99.3348937012107,99.1384240409904,99.7786109414565,98.9176816043771,99.3735985313783,68.347141995577,68.8525789838623,69.1829816247413,68.7995727410434,69.0040961425166,42.8276528081333,43.0355418368413,43.9273196499973,42.5458875706011,42.2110999593984,43.0442105422638,43.6731758142414,43.2405123011356,43.0123928513226,43.9737311221603,44.6802696279235,44.0849695213606,47.1758102827644,46.6715807508617,46.0909025374342,47.3380666051023,47.9455917888221,48.0298692583111,88.8365356821096
905,53.6455118363365,66.7861015200402,66.2538199194236,65.9342583400632,66.7833354080409,66.2119250698569,88.2548304905222,87.5308841342752,87.5264808648057,88.5473412495158,88.2061641433151,86.6709256594707,60.9323614632951,62.0135629344868,60.4776468880489,59.4354636293716,60.2716753737415,61.1464078423941,76.6913587815945,74.9744023228856,75.4170363557752,77.4366885318312,77.1765980937105,13.9526024477633,12.0873566243758,12.3642081011567,13.58906007601,14.5484903966339,41.3593083105894,41.889549070214,40.559223563465,40.1090260665233,41.8227349507809,42.2738578871211,28.7858950951465,29.8911099763721,27.9639299342616,28.1126368966591,29.4366946117042,16.9294422695762,15.7872789053291,15.209474281448,16.4830511951086,17.352860221806,1.73967273713948,inf,inf,inf,inf,inf,inf,48.6099606589317,49.0764168412498,50.5868393480739,49.4626634978558,49.5356102408655,112.986997572835,112.337301867624,112.313987073209,112.422639717743,113.737216898318,74.3273860614877,74.1543266566632,72.7167999017045,73.9627175086451,75.042667914563,75.0407675562259,76.8263508148318,75.0190955147545,76.809974852387,78.0015079665127,75.7939046643827,98.4099352367956,98.308090245351,98.4398782084399,98.1239900676775,98.6781762685654,67.7183953569777,68.3942630931526,68.9205037497957,68.1158208022289,68.9321608059081,42.6027204049216,43.0415588710067,43.2854171307558,41.9047339579278,42.2264888812927,43.0913042167033,43.1037125289846,42.4413902264126,42.7225929494691,43.6793611456404,44.0472295479464,43.2834028069579,45.9925764039887,45.6979727275306,45.3027354550484,46.5123074373517,46.9925499223554,46.5475628272395,87.1637611428397
906,54.4271411133243,66.2977242047855,65.738495104435,65.5153537089257,66.5227951763703,66.598957119145,88.310551869099,87.6876727461298,87.891303523801,89.6138625331659,89.9292588787035,88.1044889196935,61.3774009549297,62.5541889425188,61.5361157128559,59.7458202790806,61.3100808993442,62.1427959397708,77.708826542082,76.7623045754449,74.245730916155,76.3106305854832,78.1452427412603,13.3095558586747,11.9486552178656,12.544139693325,13.1836910723742,14.3026553659339,40.3743970068375,41.425460224011,39.6785427080859,39.6289112005188,40.6359933941759,41.9544014444694,28.4739555121921,28.7714597228793,27.5591832366411,27.0436177528317,28.3675603134834,15.7353265306733,15.1040459975308,15.0750705318402,15.5412246278241,16.3575977045122,1.16573784416546,inf,inf,inf,inf,inf,inf,48.2384779824626,48.0895092234385,50.4743917724987,48.3772828954356,48.2461761593037,112.688725750822,112.778721885244,111.660602036293,112.587510712189,113.265626912464,73.821210216124,73.562825821143,73.8521644038457,74.3454062241055,74.664379512101,74.5434367249392,76.067979861415,75.1994962525003,77.5216046378266,77.0963816879916,76.260243822264,98.8352832328977,98.2477517251243,98.7202209576331,98.848535212629,98.8642570994568,69.1634888661966,69.3083148355686,69.8923397225034,69.8571552293779,69.9459404508554,43.5648487721405,42.9464319501052,45.0442093081036,42.7897900706938,43.2425970244175,42.9454719087123,43.9208212415707,43.0718591076032,43.7116261674123,44.6354294252378,45.4227709551805,43.8321855124079,46.3152032987733,45.721446095746,45.8878592414415,47.1867927125158,47.2630913987079,46.7232459503348,87.7375494766919
1001,40.0053956480698,38.7508078453205,38.869722866846,39.2997269766326,39.6765062413282,37.9468929272403,89.8003006393578,90.1514407567198,91.3903286987777,90.3589808193257,92.0356747093063,88.9293532564684,68.6304332243154,69.7532242709895,70.1519087293399,68.9735107938388,68.0269993669077,69.5276761906746,80.5609120222791,82.1014907583882,80.9069344929591,81.3065482382067,83.8749891375704,39.2546581787624,40.7752984992046,39.2333681850969,39.689590735162,38.6972377711044,8.34103652852507,7.16377900977858,9.13895314840048,8.97329739048219,7.98740791126927,6.72478920841004,28.6208070284289,28.219204826282,29.1663626684732,28.7406678400133,28.1491890599362,33.3162022294627,33.7832141630342,34.1597503187685,33.4432887770159,33.3281379172379,49.7342136828394,inf,inf,inf,inf,inf,inf,0.588035239934311,0.944848877477078,0.905175105901545,0.899255384144533,0.342288347815981,68.4698192400566,68.5305569756615,67.4828761525508,68.0240912947996,69.9050361070955,35.4557678829614,34.1722751344497,34.1287232202902,35.327653780144,35.6027175100542,35.1497791340584,53.8268566781048,53.6724788713067,53.4256137877706,55.5211423880363,54.5495411496146,78.5651480388055,77.5632004815714,78.3210882491859,79.5945262589979,79.9307977368693,54.7022793514621,55.772149199259,56.4289257076954,56.2443547729965,55.4481661149602,47.9644018330052,48.3157381793761,48.7379131485058,46.4625016155401,47.3602490418692,48.3575004289991,44.7940849190573,44.0860841749493,45.5273199459005,45.8216681620293,44.9755755173163,43.7945983350297,43.8219511010681,42.8001530540162,44.6966748813428,45.6767516619645,44.0924069418577,43.3320811456441,87.8823208064425
1002,38.9318505937648,38.4062827358022,38.4819550952276,38.9059546550703,39.3504918525086,37.61666830296,89.5445024675163,89.9399713666259,90.4135270922088,90.0930590318745,90.5009222815141,88.7048397411478,68.1537655326388,69.2727355142127,69.5461157645324,68.342512861906,67.2867242176069,69.0408567083302,82.3087415689653,81.4677440364693,81.2244010721722,81.6492453149284,84.2795434935468,38.7142145775322,39.7395086038835,38.8178217334584,39.3898522529863,38.4737569678482,8.24629225930902,6.78926871673081,8.69469191897151,8.78289343782893,7.76188174733734,6.32109243737123,28.4108230019011,28.1146131488305,29.2789068804724,28.4026590170793,27.8669439996394,32.8391252028666,33.4276984336133,33.6603800605203,33.0956159484568,31.9760463154977,49.0099357071892,48.6906142178846,49.4283964979045,50.8552698395904,48.7714190976317,48.4030897332713,0.574493184163117,inf,inf,inf,inf,inf,68.8958329768366,68.949790592658,67.9175276649116,68.3460546667892,69.6894112681829,34.0332797682673,33.7692001181577,33.924145693673,35.012232183325,35.1427061918529,34.6760631073026,53.598804370449,53.3422280925451,53.6461035444147,55.1595629308176,54.258922148073,78.7828385089803,77.7748237016263,78.6356507867892,78.9396221606678,80.5621588092296,54.4442312512185,55.4109896626408,56.0595032116428,54.9941689418774,55.1687724146751,46.9046444694777,47.9183217832534,47.4120788504353,46.0428893201154,46.6947254611708,47.9545751392557,44.2965580722174,43.5006347556035,44.8948388481663,45.3022437532726,44.4403935069677,43.2895439031016,43.4371485672091,42.4050741523177,43.7769603187922,44.4176680900362,44.1176331081299,43.0021612040598,63.8017931345272
1003,38.3659359545305,37.128995157055,37.0071791691339,37.3620851590073,38.7647265187788,36.4422573523011,89.1131164288148,89.643009582365,90.0502364469383,89.5203017965732,89.986278292986,88.5301190051103,69.9747205538965,69.3669729317668,70.7719934214971,69.7830218161095,68.0437431102051,70.9163969077237,80.2428698761802,79.3748767133575,80.6445573372707,80.6284139651784,80.8235252813778,39.004532444593,40.0185265998702,39.2526991027088,39.251919798289,38.0113455225111,8.4458922286826,6.70292619311611,8.41354581876337,9.37099173116142,8.24454678750871,6.79823829240093,28.9293052044398,29.1901654568908,30.528041765393,29.0153015788763,28.2925825397276,33.2173961963137,33.8988141257455,33.9796301811288,32.6781254532715,33.2152752298213,49.1144168796821,48.9167037154388,49.555626717102,50.2875937693927,49.0887334472721,48.2194175510946,0.965624042530563,inf,inf,inf,inf,inf,68.4475952923465,68.1342166207917,67.474599751726,67.8135197161595,68.860254296938,33.4093708322502,33.1749177709178,33.1702667425507,33.9881987446438,34.6548669302924,33.4092725731121,52.8967665419683,52.0773236168887,53.1357395911519,53.8180763271223,53.6408253510977,77.8877786362156,76.8885927480694,77.6073491805172,78.2983953502338,78.4449548557539,53.7762413146487,54.0468581759912,54.5681809950071,54.3932381283785,54.5348105891765,46.2730967862506,47.1944572096376,46.6759839040692,45.3189562370701,46.2450296301872,47.2643275269184,44.3074044488002,42.4661787169558,44.0054750074703,45.2058415187961,44.1260862576365,43.0982590118619,42.7750306917013,41.7608738314073,43.2329393432065,43.7399644006726,43.3770073077658,42.2450527154578,62.3785020824643
1004,40.2910320029423,38.3955393069388,37.8941087478234,38.7806972748066,39.3571068866299,37.691989038093,91.4767842276602,91.2241398161807,91.703403489532,92.1532850936308,92.2405811499622,89.822513206217,70.2165660426253,70.1253169884539,71.4451445103436,69.7742692309969,69.4463184229795,70.4651282647059,81.2665024553947,80.2732262255952,81.782684263031,81.9898806816067,84.288570682203,40.5590988996289,41.5500905289578,40.0738423673877,40.738721091217,39.4531038526419,9.09412621131508,8.9690591221204,9.98999540300803,10.8513814649617,8.85268349685594,8.24061720686624,28.8987565972115,29.024293704993,30.4672440753059,29.5182263516064,28.1919272531948,34.1976107222407,34.5896727621147,35.5993686305732,34.2298728811707,33.3483181552657,50.6192459588593,50.4765800476229,51.0799068098985,51.2923618826657,50.6252056564638,50.4854623842719,0.943963241190013,inf,inf,inf,inf,inf,67.7087028600132,67.6661735224403,66.7164653840684,67.4083921396282,68.3068586433248,34.2790283043281,33.9782810181737,34.4289704805587,35.8716786855757,35.2622648290447,34.7739834641136,54.2543767940756,53.4099304641811,53.689778096178,55.0873264645698,54.3908860561887,79.3904590749981,77.7544993227625,78.4510612772596,78.9184480070458,79.6363085792768,55.9709301514883,55.3268421666318,56.8051548281205,56.4213681059732,56.6323412570435,48.3637462469851,48.9239957160054,48.9631787162224,47.5722167144982,48.0192690305803,48.9976386102656,45.7528081718954,45.0501383727522,46.5764856088135,46.8093265282344,45.8462890075372,44.732993243672,44.9821762370966,43.3761878005586,45.1802230835398,45.9375947023774,45.767508613265,43.7451218015324,61.0352067380242
1005,41.0099828401134,39.5606725234975,39.6125778267482,39.2121885917174,40.0802992415024,38.7705945229124,90.3810613569984,90.5924501349517,92.2868648020729,91.3753524063269,91.5439727842683,89.3899697025551,69.6488600187416,70.8343567255887,69.9254690833645,69.7530757490376,69.138393545798,70.4787229968861,84.1061300105731,82.7325264513237,81.4422371302435,84.8397535568881,84.7804298899435,39.3595560689246,40.5114231858169,39.1106317706698,39.8029353818719,38.3659686826041,8.0128176961886,7.65846848881437,8.86207543287624,8.81716270178659,7.93299045703229,7.10732755344399,27.7591788586418,27.9847627498646,28.6651434108666,28.4571005422552,26.6534680552203,33.6996474502789,33.5790947804991,34.4779856037385,33.1828684532028,32.8666386722152,50.0838778150165,49.3062967656292,50.5598454518887,50.4866411465583,49.5056043300983,48.6107962744811,0.889620677541228,inf,inf,inf,inf,inf,69.4031079115748,69.6974889158901,67.9153547406443,68.8226641517902,70.1431589477557,35.3223735349431,35.0472308314742,35.6138695701713,36.1908935545109,36.4152649869646,35.9439989493971,55.5815769093513,54.4841938024584,54.8800279218562,56.2915465341819,55.4931609721877,80.5809486050528,78.5687218395866,80.6530998529455,80.1774350211294,80.6531738595988,56.5029291940218,56.5333239156095,56.4410367712469,56.1488212466651,56.3202502566165,48.8566997505897,49.143010593601,48.5646406434163,47.2611233929307,48.3135156095876,49.1663022577129,45.2100347703003,44.3012192657943,45.7464194709106,46.2772542641103,45.5611426586258,44.3591800327051,45.7154709283458,43.6427640841854,45.5845789333219,45.6787908331493,45.4240041236698,43.6673328360805,61.4447020730611
1006,40.1821375037681,38.7851697829366,38.8494475845989,39.2695569129026,39.7303707336214,37.9948117115645,89.678522602698,89.97045039156,90.4668675752433,90.2796754254101,90.6460009828306,88.7433267150093,68.7643407686125,69.9526286085946,70.1388188362367,68.9293929769962,68.9548341028636,69.6063493994602,80.5847261989891,82.1908014686106,80.7572449810925,84.0615161653312,84.0284100876246,38.9817500960148,40.4442710613756,38.9160023005962,39.4207134286807,38.3659625591215,8.01043179100672,6.84168230858397,9.06630794000191,8.65353326269381,7.67563436849034,6.41638381156587,28.3154732234245,27.8921886118065,28.8375219727421,28.4098862645012,27.876140838844,33.0236343002258,33.4584865999504,33.8742142098215,33.1162605324844,32.9986486433221,49.3578544488946,48.8291454288288,49.8790270428926,50.5260625728283,49.5580217461951,48.4908667150081,0.333303095372552,inf,inf,inf,inf,inf,69.6265912954098,69.4270993918046,67.8207946776668,68.8482895825431,70.3339944275556,35.4077619873186,34.2548905056772,34.2982582959381,35.419053884605,35.6353591133624,35.1659399962371,53.9487447199116,53.7085161867465,53.6123251605565,55.5203765621339,54.6247934026302,78.6650383656333,77.854480738244,78.4646853002791,79.9366012020384,80.2598574479663,54.8033415591571,55.7645719054135,56.4021127587349,55.3600115337025,56.5463584953052,47.3860677946491,48.3668146081306,47.8555696929669,46.4631978076067,47.5373885726954,48.3900807368004,44.5799557619471,43.7975001597974,45.2549726094367,45.6184915570735,44.8708669354849,43.6352659225085,43.8822042985712,42.8638773551648,44.8210907562991,44.9016599235458,44.0501693688629,43.4600523178718,61.4023290174319
1101,58.897321144937,46.8673373410748,47.39040984528,46.7949557326699,45.4315907622328,46.4812672230829,86.9048774733548,88.1152122314211,87.7781826915035,87.0383169459409,87.5354316764795,86.9937332710919,83.2879680253479,81.7866828263327,84.1756644091814,83.2216718285265,82.4386448444705,84.2360965975566,84.6228140728015,83.6718111216132,85.4972338296398,85.262402377719,84.5213419033494,99.7667869246185,100.063308588628,99.8869217842869,99.0681174485316,98.7737861141061,73.9507376765967,74.501509851186,74.9160010114925,74.2049705173279,73.1056873529268,73.8942159470351,97.0432770796926,96.8837508520065,97.6420225619998,96.7861536253305,95.990044685415,100.699957717946,101.586864089393,101.197977197053,99.8476823680059,100.214807954417,113.226712657344,113.346534878849,113.70242732998,113.702811753315,112.73771318445,112.444200956382,67.9934429468536,68.3347211376803,67.8774154792795,67.2544815915549,68.9572580466246,69.2017256062179,inf,inf,inf,inf,inf,38.6037753695292,38.9205102427375,39.4768776858229,38.8090610006645,38.781284415936,38.6916036310507,39.1341271819266,39.5582403415114,38.5428469469314,38.7172354776183,39.7831858336659,34.4486626012305,33.2890356349657,34.3308201795604,35.0910007590533,34.8689701043682,53.2410749108458,52.6235614217616,53.9329621033479,54.7301394636463,54.4426986094655,74.7784208544018,75.6593612995901,73.399425261119,75.2453438209357,75.6012220908901,75.8210478194922,71.1947009243689,70.7519805429325,72.0474931686048,71.0322802251533,69.6682012135638,69.4423675004522,66.4733411347781,67.6839797435606,67.9557489901872,66.3264400831468,65.6283031976499,66.0903929198634,63.1361757837149
1102,58.9418901480227,45.6088080184353,46.6558666600144,46.9702909505366,45.2814563344354,46.7648069350885,87.299433499662,87.7932979070037,88.2192419181416,87.7938503092758,88.2248312191765,86.5781095764516,83.4825986814952,82.4748608937328,83.7605362645586,83.1056998142278,82.6838625216413,83.3325544317435,85.6412831750549,84.6477552107427,86.1946018955346,86.3530048822722,85.8261329910723,98.9943144897458,99.9959444032184,99.9939442231504,99.2051385286114,99.1341705119929,73.3664249226003,73.6466980385849,74.5253847669569,74.4338048111886,72.677362210641,72.9320721983113,96.1401344299494,96.6883237126654,96.9249705666324,96.2665499405942,95.2422831471297,100.304472935387,101.077752856759,101.516501281945,99.346990932738,99.5752210097323,113.405910658861,113.235915024793,113.862573380091,114.086574448531,112.216187770024,112.648362014984,68.0676550363253,68.3769161481451,67.7138321401768,67.2242696773328,69.2621350224164,68.823371893431,inf,inf,inf,inf,inf,38.6643578476475,38.9002809153095,39.617757941657,38.1970453568507,37.2275459050938,37.4533433548757,39.2119589504951,40.1632291834084,38.4856393695106,40.0200795060741,40.3529236196707,35.244444879257,34.9197797064828,34.9989360011134,36.0477680635888,36.0140914060831,54.0471637801743,53.3759937940336,53.7887315863159,54.5277557063852,54.2919202835429,74.1873272190218,74.9962146523441,73.4525995845529,73.8526626263454,75.8256248959987,76.2800035473118,70.1168935851698,71.1269067733836,71.5141512193707,70.5861228721735,69.2991285177354,69.4965734499695,66.2947197108761,66.8919601166915,67.280111626006,66.4361417446706,65.6264050934721,66.2456956113268,32.6037736711841
1103,57.9337522042888,45.0743340753209,46.5497625618007,45.8570323442946,44.9937915453824,45.0007349076456,86.1279696108581,86.5255978565886,86.9875973521582,86.6524580339643,87.065119111624,85.3230679048299,82.4495628575593,81.4367942349701,83.0051177753422,81.8629583794957,82.2533201398773,82.4406146404069,84.4697081945271,83.2602625451424,84.9292838849775,85.2124633574053,84.5517186184395,98.9002490212245,99.0888251006417,98.9569871326791,99.3049907742388,97.2388677221667,73.2042766049434,73.771473340661,74.1553747630833,73.1744801493198,72.2841560611216,72.3041621275303,95.5097641731437,95.1647674722634,97.1731253504377,96.1015693436382,94.9877495747264,99.9208397279914,100.838027842307,100.29053322305,99.0169316587858,99.7142807989044,112.365951298852,112.464543868947,112.803400406926,112.861614335483,112.173101003518,111.403204756238,67.0428038480823,67.4020661160041,66.9823558801225,66.2988363857817,67.4593571735913,67.3695910744929,inf,inf,inf,inf,inf,38.5768416262198,38.7444865239186,38.5480214322033,37.3598231199621,36.8074378594933,36.9134088167392,38.1410191968482,39.090580496825,37.5362161596169,37.8042887421633,38.7679274997976,33.1884548360079,32.6712875693257,32.9226636596446,34.5195463461365,34.4242787998666,52.2955602442781,51.7078461845466,52.2512805105755,52.9041784187,52.7148262615403,73.4463492861911,74.1288066330745,73.5070340941758,73.512835533318,74.7678891826789,74.2840117485217,69.415410952861,69.3739324134932,71.2702466241473,70.0846845679425,68.838144520768,68.5647294801824,66.0211152453822,65.9134942292929,66.4266351620121,65.3834454082536,65.5468403438745,65.1605202770402,31.057354992865
1104,58.9962078168727,46.1054223956974,46.6568061611465,46.9443147004192,45.3117793857224,45.9030221960502,86.4018648394324,87.2800588935181,87.6441169941869,86.7140961210025,87.2032570588796,86.2610182354389,83.1745990127585,83.8473551650546,84.0912295296164,83.2418593612843,80.1314256288991,84.1229016721283,83.6111000945145,82.6510619396362,85.118181565368,84.3147363724536,83.3922068546855,99.1084133622828,100.107228284184,99.4235511923095,99.2752638148637,98.1272856254629,74.4258884963069,73.8586728354866,75.2303173498326,74.1588680619319,73.3375088007734,73.5437239451415,96.6623812341147,96.1239941573774,97.4229646791011,97.3010146241999,95.1629135556044,100.971998200464,102.076016550913,101.200160555236,100.087216527771,99.554293119641,112.984049250021,113.29435467149,113.459667381627,113.229696627656,112.24134237813,112.345088721458,67.5165251477761,67.7574580056782,67.2107340154989,66.9284765995707,68.3177026766804,68.364485513719,inf,inf,inf,inf,inf,38.667292718987,38.9167377443879,39.0641982798361,38.2387170964261,37.9445940105856,37.9428771325727,38.7731061253973,38.8176484845118,37.1780648109627,38.1656050786675,39.2058835070832,33.3367154306509,33.2327769370594,33.16136777472,34.0154508131865,34.9922983167882,52.7536252623966,52.0851987424818,52.4703124543206,53.2206514986472,52.9772085525798,75.0764821880535,74.90545876021,73.4863060480128,74.3716616555046,75.758717742099,75.0647663398794,70.5248022384089,71.0817440522513,71.4837664726769,71.3535712895508,69.2103961165912,69.4911121930308,66.3937680487176,66.9976848130397,68.344964666913,66.5117636311739,65.7201879873837,65.6697767906759,32.9395732011546
1105,59.521761287055,46.645477108728,47.2049203984141,47.451457823332,45.9234045183291,47.2128654005663,87.6087930883273,90.2856412571078,90.6127757969759,87.8754053959857,88.3690409245331,87.7687572691618,84.083896479994,82.4885482121663,84.1441606993082,84.0352925083618,83.2286464797466,83.4720772805605,85.4937344585336,84.5477889128054,86.3485484647315,86.120928325245,85.2925649107956,99.6691413742911,100.634093072705,100.110862289361,99.7319310266443,99.5214220108623,74.2325109503191,74.3908020542274,75.210333210877,75.2315437539232,74.4596143333518,73.701063560798,96.850947637583,97.4974577381193,97.69912322707,97.093743282495,95.9507800799239,101.020760356638,102.030019234706,102.230988909345,101.344593145074,100.330477776977,113.871642446054,113.818315918393,114.337948691905,114.438769510601,113.501402264052,112.996466041811,69.2956414425649,69.0980966608518,68.4214324310962,67.8359054516449,69.6982056479573,69.704469349969,inf,inf,inf,inf,inf,39.2112052459978,39.4891529297342,40.1360311622752,39.5512555991142,38.4276451949398,38.490850577532,39.8008284099331,40.732088771868,39.1356093943855,39.8711199649135,40.5891643390719,35.1991444628165,35.1875450921795,35.0448894264492,35.8670685253574,35.7076558621065,54.9162351278141,54.2302792229157,54.526881585848,55.3040156901004,55.0409634302781,75.5061572406192,76.4076933117975,73.9690438648481,74.8810274484163,76.2469301472372,76.5670040638627,71.0467269111784,71.4915754500405,72.0354231664636,71.7942858711023,69.8765958094154,70.0100609116598,66.9520952909844,67.4863314116624,68.7233676615703,66.9672165483353,66.2038534929894,66.7637097206992,34.2299967506118
1201,28.7381472783387,14.4458901160713,15.0046766868391,15.2587528360988,14.517209754441,13.6261172205262,71.3137312934561,71.1967200293988,71.6298100795407,71.5802645727469,72.0748658105152,69.5777654653865,60.1746465748705,60.8973388654572,61.1110622033674,60.1379367512378,59.3187517989715,61.1297837035273,61.4719849938419,60.5299472063279,62.3310145338921,62.0930363812479,61.2450024889792,60.5051270686528,61.4779256237961,60.9195767211335,60.5876533731228,60.2993125416215,35.0164180268105,35.1054205749853,35.9860037633713,35.6357296729268,34.1919166816028,34.4157584190796,57.6117585705955,58.1869059274854,58.4881366615756,57.9304966329362,56.7096737856026,61.8054726936961,63.8655019219048,62.4751850748056,61.1052419919211,61.4971639566593,74.665760713025,74.5962237876965,75.1303243659859,75.2413406013282,74.3065880826267,73.7867192299878,35.2202798000049,33.7508267930974,33.2393178993504,34.0212465211875,35.0606501456491,35.1767618201708,38.7780800407591,38.7857924262199,38.8261827927116,38.9854542148835,39.3830418146515,inf,inf,inf,inf,inf,0.731507794460902,25.0445756901451,25.63453989569,23.9283746411408,25.9756894057898,25.7945959027851,44.700770856127,44.2900001202805,44.6476119486728,44.5560931767928,45.1400671340697,35.6700626042873,35.9503020757107,36.4623605688013,36.2961018063488,36.4310912115316,44.7340189109177,45.6365192338036,44.5738724284518,44.0956580555415,45.4667450796395,46.2769571069667,40.2432265765686,39.3215544342712,41.2277492672477,41.0053326792596,39.8272075352623,38.8356695628182,37.5432930022886,36.6935060506923,37.9494202456527,37.5782964294038,36.8091602978464,36.8907100811115,32.1588558662871
1202,28.4824384013686,14.1913532368322,14.7443285754709,15.0289539565535,14.3832964349784,13.4329214373864,71.1427545676394,71.714954703431,72.0897725209631,71.5076217070112,71.9823370545112,70.2985100494876,60.1919915878452,59.2493767542192,61.0608021390631,60.0537534308603,59.3442788948173,61.1978854432473,61.386489787879,60.3949792102396,62.1649586557664,62.0517684830906,61.302128315551,60.2101088613006,61.2008493721142,60.5801804903293,60.3592142719402,60.1178975123378,34.6958238952188,34.745850827225,35.6513746120746,35.3935468586645,33.8558211136201,34.0558717178851,57.2507102198571,57.8773610120464,58.1304279405737,57.427323551464,56.348930956729,61.4756002338577,62.5591573264947,62.1739778016917,60.8194840259407,61.2822014593261,74.4176790680976,74.2988132303686,74.8739025050775,75.0383582197513,74.1326274328839,73.5276122144473,33.9282160509502,33.4879135376589,33.0068460723921,33.7220373242539,34.7871103657643,34.0107728010906,39.1074688830388,39.0340148214831,39.0218933797949,39.2614611009645,39.6734487160081,inf,inf,inf,inf,inf,0.994496490790524,25.3229681999676,25.9419085129623,24.107830416786,26.2796795459128,26.0136875723518,45.0601913264771,44.6398331424844,45.0082217434923,44.8987701449099,45.4757512843238,35.9220657181567,36.2528420294217,36.7335170789448,36.5054898982481,36.663581580266,44.5465787298069,45.4560589763442,44.2868397339362,43.8351068248806,45.2214575197039,45.9703719261107,39.9589314878725,39.1052438033002,40.9245294283892,40.8338436116345,39.6936035299401,38.9295991885537,37.2389980598337,36.4264605354063,38.2083171028403,37.3326587549161,36.5442244860058,36.553763694012,31.7362836706801
1203,27.8276779084806,13.1205038632119,14.1144441544468,14.3284296513139,13.5668830458544,12.6719739448879,70.200268484119,70.9575985191191,71.2770102533409,70.6617936381752,71.1334797753629,69.4954750283028,59.3949824575912,58.2281365712493,60.2367467248659,59.2243528706815,58.5625088705074,60.4815046750572,60.5120048536763,59.6588895295807,61.2952677938815,61.1941122064716,60.5480863709169,60.3280722825736,60.6006476607438,60.3826786101923,59.6539617074036,59.3429379569989,34.3434612125426,34.86592461992,35.3212149886567,34.7138078350575,33.5189096330419,34.0666859366329,57.2618415635173,57.5106225289392,58.0569952393272,57.2225802106492,56.3962627452133,61.4134717203352,61.9261011933939,61.6644660166441,61.0484334296422,60.5573814035963,73.7341037263597,73.7530078722501,74.2059130618771,74.2737146114723,72.6755399252195,73.7837372508706,33.8717857619036,33.5613691083237,32.9401363872474,34.1676598046532,35.3514834284589,34.0410222838093,39.659995304679,39.7490559668957,38.6829710154283,39.24767286431,40.3171316425225,inf,inf,inf,inf,inf,1.69912463336578,24.1206068968977,24.5547226175133,23.5297632092694,24.9339185917408,25.5416928019245,45.2662308532193,43.6266633118213,45.29797538081,44.9217715052122,45.4206279149265,34.765308875444,34.9009992881896,36.3774973270891,35.9899973663105,36.1997390871911,44.5254117331874,44.6800460928353,43.6857672304646,42.9086841741982,44.5400171683055,44.8392749851184,39.1855699685892,38.3321833278226,39.6719610782768,40.0294426874859,38.6446191058675,38.3364419148329,36.729770846646,35.7679290123177,37.6449929688391,36.6584255705803,35.9221089570193,35.0319465026699,15.5064647178965
1204,28.589629671623,13.5896829886423,14.9283661331996,15.0658511137637,14.103091440522,13.2897742595711,69.6744382916825,70.402512387837,70.7919571343496,71.0058845259796,71.5088733119026,68.6922690110022,59.3959808891243,59.8418521767971,60.538214002479,60.6387409520482,58.5511478487918,60.3199001147783,60.8448597644375,60.1779908634768,61.8422614921702,61.3640702087962,60.394806372555,60.9205572636419,61.9620097649311,61.9014095352723,60.3819582345595,59.9268083912284,35.2591144649064,35.6985322610769,36.2347155858511,35.5168956436522,34.4981929479276,35.038360202733,58.2328576717734,58.0120081257025,58.9490203220331,58.142578385183,57.2656856184548,62.0776674782795,63.3529260896764,62.5294921039691,61.564401729354,61.2423558496607,74.4974582863137,74.615513951006,74.9736762758208,74.910883125282,73.9304281710509,74.2753477179141,35.0654257513134,34.6384881100456,33.7528521028819,35.6114082496847,35.9214559219929,35.1559954940382,38.9611012682275,38.3657223332562,37.5028849325593,38.3902385267131,39.7025636294307,inf,inf,inf,inf,inf,1.39238427377808,24.1565538879348,23.9772755369847,23.7375960034581,24.406598980445,25.8695980007831,44.3752264863217,43.3205620710927,44.4344763338215,44.0049376116007,44.507801964313,34.389363586676,34.3839491336718,35.596474545215,35.3706326405556,35.5187922511547,44.426210565356,45.2690870871165,44.5253967679835,43.4346404164247,45.2981909759938,45.4317909995258,39.3523931619781,39.0203709576249,40.2512249523773,40.7045131032591,39.3084724748397,38.3672719804085,36.5508159881254,35.8015159468841,37.5539357000705,37.4052818568761,36.7364479748983,35.7319592029978,15.4725395590947
1205,29.0881584738088,15.2881197669136,15.8468053331111,16.0580903673614,15.1907416771193,15.2707892676927,70.8936323700342,70.7108693733295,71.2021285050418,71.5855952474335,71.7156349430531,69.2417711419608,60.6293265985913,60.86883926514,61.8131581299531,61.3307831756581,59.6824873960573,61.4483359512547,62.0903780800907,61.2840990006083,63.3312712885173,62.5748327897489,61.5678464094176,62.0668065745214,63.0899756919602,62.1245748469283,61.383545865014,60.4554507727123,35.9222631249048,35.9859901820713,37.3360899252297,36.4629313193357,35.4451167739003,35.3034686694378,58.5015787188514,58.9243816179726,59.3972001102737,58.8286997371645,57.6104849430904,63.6928103283101,64.556859546278,63.7334846260914,61.9807494843157,62.2683302083116,75.491346021235,76.2082347284236,76.9723637723819,75.6229335743485,75.0273836848994,74.6353230652899,35.3782711901461,34.884488775459,34.4985235892513,35.0003829882292,36.193590389792,35.4147187444929,39.0413925822031,37.3676264983754,36.9872256442709,38.192137009394,38.5719104571207,inf,inf,inf,inf,inf,0.494751700885393,25.4615558057489,25.1054700571887,24.0817075712148,25.4902826502721,26.0607039834396,43.8741891231629,43.3651230655447,43.7726541346122,43.8966851351819,44.5003027881077,36.0246984631578,35.4762782057153,36.0917529865062,36.5291878752531,36.2004613009844,45.4810006937426,47.0226229481761,44.909604821094,44.955515896504,46.2894347963506,47.1717234838621,41.163949010741,40.1145919272432,42.1590320101665,41.820306336529,40.5343156048791,39.5244006917846,37.644683156597,37.5599733909065,38.6534396504021,38.0257393990451,37.6554371604877,36.7783800509854,16.005909408427
1206,30.5252124889988,15.1754568021182,15.7337581388576,15.9911481648496,15.2247473908912,15.0421962540298,71.4026667547535,71.1974104850029,71.6734664101313,72.1871667914012,72.6741260807957,70.5008451143712,60.7782741517321,61.2371101467578,61.7794212711553,61.1410748781245,60.0527386402443,61.6840960120864,62.397277504219,61.4365432028025,63.3805403429481,62.705360865434,61.7789248247984,61.2117360420951,63.1652495997341,62.038155651321,61.3109691893073,60.2461785501451,35.685807750632,35.6292031540734,36.6308656185455,36.331991326333,35.363738048825,34.9641147530096,58.3313284841769,58.6464810999242,59.2518651201646,58.5844449924904,57.3949373052774,62.4698701425549,64.0665020609713,63.1699398002343,61.8106051574112,62.2188583150004,75.339069642699,75.2590433428034,75.7980457809277,75.2573905268278,74.9687664663028,74.4693726813728,34.9014146479532,34.3906736267678,33.2356298110919,34.524005212049,35.6843893888771,34.9144115200377,38.8982284490774,37.6406477973853,37.1094796939587,38.1553864686897,38.6743778967719,0.783257176666917,1.02575207954286,1.81965677205213,1.51227290784537,0.515959279576888,inf,inf,inf,inf,inf,inf,43.7437656431256,43.1048865195649,43.6068643049209,43.8290566932946,44.4393857146788,35.8387317847192,35.9463214568584,36.5427971784792,36.5425774620449,36.6181979087009,45.6256185515217,47.019499216035,45.4945073918171,44.9311171291106,46.4132473158581,47.1775876361388,40.9033088215633,39.9137126448832,41.8506501007277,41.6562905698109,40.4615090777288,39.4282885113367,37.6481918375469,37.400199775049,38.6355431736175,38.3064063735443,37.5343974634636,37.5550174445852,15.8393817157158
1301,22.6295818043515,15.758369441429,16.3638395629498,15.5365620467635,15.1714942400227,16.1591750406082,47.6243002944682,48.2618512608659,49.4508080498231,47.7014824899214,48.8896049461232,47.4626252160205,46.0114195656611,43.2441580453888,46.6468655824262,45.5393430401377,45.2980226907318,46.9527348523778,45.814301296429,45.0892175026754,46.9199816414923,46.0561994226516,44.9459553855135,62.9094611636953,63.7896853908401,63.5870629950371,62.8169503559019,62.1773908806117,53.8426124714263,54.7036966723722,55.0570244097872,53.2946472248801,52.8953240241244,53.7467791074162,72.8604739859472,73.6164034213943,74.5960972199791,72.7416866673686,72.0630002005907,66.7017944865015,67.4308698564854,66.3586558330646,65.3297017972785,67.0416679859876,77.7604742875434,77.0132451341143,78.0174474216407,77.3684871202419,76.6672058457228,76.0702690234001,53.7080968477272,53.3203175860158,52.7716302059985,54.1371007422995,55.5056898409306,53.8293945752008,39.371909075219,39.4870280709299,38.392638324292,38.8889223440039,40.0546805552198,25.1125311653432,25.3890412648016,24.1839686604828,24.2283021236306,25.5396845674515,inf,inf,inf,inf,inf,inf,24.7518626440214,23.7481330093398,24.4702852604874,24.6149313900716,25.8667383970787,14.1666469130662,13.5763906867269,14.1134029616727,15.248542885183,15.2937532113576,37.9946077159261,38.6928126824105,37.1238049524491,38.2053409966719,39.4550872303432,39.7560870731924,34.1390679022219,34.6230485070563,36.0249319394456,34.8138465405597,33.5675681371147,33.2778468873263,30.6866864469956,30.5725967815808,31.114349851765,30.0869856294595,30.2059487001788,29.825130883663,16.5408581977172
1302,21.6718310430773,14.9222429371756,15.3524617145403,15.3325817027416,14.2318660789634,15.4294750754094,46.7075825319665,47.3292696784769,47.6123107408238,46.8699063178861,47.3597275373042,46.4950118027146,42.8894491683319,42.1627181427835,43.8356521031065,45.3252469982941,42.8308780119995,43.1576691667751,44.8054727950062,43.870813911331,45.8358292924311,45.1248259736055,43.9617026157353,61.9931928132582,62.821005894679,62.8283279047343,61.5606996080835,61.4335844719783,53.651196418141,53.909417829022,55.1127428985609,52.9295477720123,52.7937787471836,53.3355070422764,72.445286195441,73.3308806192137,72.9460587297027,72.6111408782099,71.8369579138114,65.7868105144187,67.3212260379198,66.1938021070482,65.0722801112475,66.3646653529952,75.7958332437153,76.0536413057914,76.4416389160696,76.5709487903087,75.023310547776,75.1934182798614,53.5594116418684,53.06678124905,51.9658792447764,53.2352624516821,54.3648194431515,53.592575608283,39.8502570165383,40.4704223232122,39.3730820516011,39.0672625896939,41.007248342802,25.7136229324816,26.0210184164676,24.627817085161,24.0512139123619,25.1853655796157,inf,inf,inf,inf,inf,inf,25.6801909837597,24.6855011411056,25.3728951576706,26.2075859307279,25.8490759665382,13.2941174600402,13.2900782726468,13.6023311521805,13.9549334204639,14.1165423105312,37.8393853683468,37.7100638889594,37.2875299263126,37.1788880905322,38.6508941674544,37.866335285132,33.1400347426396,33.077493914068,34.0946758785306,33.8563338378965,32.6318402171686,32.2684054496183,29.8004033001079,29.6136478825777,30.7950637238433,29.109596365194,28.3488313659895,28.9009962190544,16.559413616753
1303,23.2849253769477,15.3319296870755,15.4359700049457,15.1909335954074,14.3779665833935,16.3179763024012,49.1918787039043,49.8628721860502,49.9853088117997,49.0417405406428,49.5127724238811,48.0418866417448,46.7336346875405,43.8633192668432,46.8239632209533,46.3800794180459,45.9342473735036,46.3468520251128,46.5315514628034,45.9717089972114,47.6122145531674,46.8699507670556,45.7815958295557,63.394539070575,64.3764337630346,63.82446452831,63.534248002386,62.4409292070348,53.4390701390882,55.0319681341652,54.5127051503626,53.3074214216946,52.4626335217324,53.6671249664479,72.8042164418464,73.3068647334278,73.8903982387643,72.2986501664102,72.1997561573246,66.1523501769865,66.9840685677968,66.0306079239111,64.9930407474364,66.3354128121583,77.6153966086628,78.1477263408046,78.0398268581412,77.6689924181699,76.683422294135,77.371413776313,53.3097878388636,53.469730529708,53.054849370008,53.5719086288905,54.7928254391159,53.4967199597917,38.7637932338692,38.745450592143,37.7710185965073,37.445500610329,39.3736480791227,23.9927020054108,24.1711506662917,23.5905621170155,23.8067112375734,24.1543989525586,inf,inf,inf,inf,inf,inf,24.9615004948347,24.0165307764684,24.7228305726839,25.2244386198321,26.8428547753152,15.3133210217097,14.3715835867609,15.8849320099409,16.0710409277551,16.063030884966,38.4701219941947,40.4002819530899,37.6973631069681,38.1940123628294,40.1420739912667,40.5536590958746,34.8121176743082,35.4525487573246,35.8428093286244,34.9689643510268,34.3370972748458,33.8819951485654,30.6972129399581,31.2109187997211,31.6665220855764,30.7717717304478,29.9770650371587,30.5353619459204,34.1391085710415
1304,23.281647520373,16.6763494631795,17.1474720209709,17.1909422819481,15.9933913686856,17.1375310627036,48.1524853294717,48.1361179856017,48.494469403664,48.0799922915254,48.548379224785,47.1336216573739,44.2545441929651,44.8408249481817,45.1969797859342,44.3573451122348,43.4102232149741,45.1941135824895,46.4147815301042,44.9076306716929,47.4110770791245,46.5514321511927,44.9133856520434,63.7718702833105,64.5259548974451,64.5483263541011,63.4386644457401,63.153043405942,55.4605221814234,55.6311361000197,55.8956363078183,54.6866948077463,53.8057194407028,55.0812639226696,74.1948416382517,75.1100561732504,74.6576002638079,74.4489921700014,73.0221000382427,67.537493817158,69.1734317535249,67.2947969486133,66.8613862593523,67.7401572349121,77.5623757032622,77.8140806926912,78.9453388979146,78.2805481033359,77.793611131179,76.8768371672588,55.3927921013877,54.867093422419,53.6879535205159,54.9677880749804,56.154178765451,55.3874589909367,38.9799508809345,40.3375787728076,38.0867339864888,38.3290633314519,40.1514693610967,26.0308686952767,26.3333159696112,24.9861847329722,24.4610058198967,25.5499944712969,inf,inf,inf,inf,inf,inf,23.8340991060288,22.8367460979547,23.5381194078124,23.4093884702865,24.020322555991,14.6271278085561,13.9673026687022,14.3714593784741,15.1151558867311,14.8761683586967,38.9362572137472,39.769443679873,38.4299142198832,38.7956096198958,39.9037228831273,39.9313848386614,35.2608654058704,35.016145999045,36.177538494089,36.094482648275,33.9101942881201,34.2957816126763,31.1179781913298,31.6537035638317,32.1341109059222,30.6989748800207,30.4677493849678,30.3656394253578,35.0674201316188
1305,22.8114260695626,15.8865300246541,16.2757186392831,16.2116864680058,15.0956757645839,16.6821548836247,47.1872568063951,47.859722141116,48.0476644842514,47.1453849419606,47.6363191245825,46.1203525141798,44.3051519724025,42.3579392001376,44.89366873664,43.5871756984009,42.4645856156626,45.2330036739898,44.6759717717049,44.0144292281187,46.1853250810436,45.2367072490958,44.4682899782293,62.946190824845,63.5543071794896,63.8341037438977,62.4474169049597,62.6459813021504,54.2136165778307,55.5106336935252,55.8962340056949,53.9150941924514,53.6673088086735,54.3026137982454,73.4313909495735,74.2809510711516,74.4011943406943,73.0425242289084,72.7436338425834,67.5363965976803,68.1923521525435,67.0778084826332,66.0110553725413,67.2716247741766,76.7449260803879,77.0776664125433,77.2428295756401,77.9990199628844,76.2276683864222,76.1353268974306,54.4766040055081,54.0254969804344,53.5519881229944,54.2073422166574,55.3136153556136,54.5542972077042,40.0093227371418,40.6109377893901,39.0313866580115,39.3357185921528,40.8167215810466,25.8622131090143,26.0796215697449,25.6034530021019,25.9440579293854,26.1398837370159,inf,inf,inf,inf,inf,inf,24.4169855095932,23.4063357750816,24.1452154977973,24.7691887794553,26.5925961184819,13.5821238480163,12.9285786144203,13.380743250323,14.1026105783568,13.8772209787236,37.8787102640809,38.6864815257612,37.1807390000207,37.4797754780319,38.7754411496509,38.8481440698974,33.8806398753702,35.0886791836931,35.3952249879021,34.4171628268839,33.1214359478792,33.1519404369465,30.121201562282,30.2123620128135,31.1180514305804,30.3156842762506,29.4986845390332,29.3600011434434,34.5427686744544
1401,44.2754175202151,40.6824587528058,40.6425938141058,40.2657213629887,39.7842817476957,41.6560825634595,55.6226500392759,56.2666308375646,56.5559023190348,56.0626306915668,56.5058815493861,53.9042270931052,61.4213094071119,58.5754888790493,60.2740424218654,62.2029999748218,60.8440932630696,59.5721197521975,52.9506980958274,52.3737586584029,53.5242713617088,53.2793423551334,52.0860979557071,84.5525810928761,86.3553351934149,85.3031094055382,84.5667328576287,83.6288825157071,79.3734035034382,79.5331457932118,80.3548746938598,78.7485853751269,78.8176487824473,78.8427494191972,98.0997251191979,98.6869496399395,98.9568643042866,98.3360152386347,97.1965038198756,92.0689429368884,93.0464853288809,91.0675467752267,90.1159417896387,91.3875075429016,98.845089976463,99.282226323566,99.2832964260239,98.9196391160231,97.9815744260205,98.3796032028339,78.5933326571802,78.2683595286406,77.6398976636548,78.8803938758277,80.04597920452,78.7464626330346,34.361846177881,34.4778658268936,33.1391963262964,33.2104956996495,35.0176329855739,43.7697101507221,44.1309649806367,44.3079136818474,43.4089433594302,42.9327500679715,43.3962725433179,24.7426009834131,25.7136192620617,24.7631589835102,23.9141489294235,24.0446344406451,inf,inf,inf,inf,inf,inf,30.4893269329264,30.7503300962599,31.5363198489565,31.2652403616765,60.1338876679782,61.0230430693822,58.7552939561317,59.5712589247519,60.9163845237119,60.5753491916535,57.8645379053324,57.1092351131513,58.4642172652196,57.5336612890096,56.7316814063334,56.2259394464529,53.4225430248004,54.319287447932,54.0971521773913,52.8930638770012,52.1476990432744,51.2207552992057,32.9814234878591
1402,43.5645981530749,39.3677870400153,39.3298934377042,38.9622170699032,37.7899422211222,40.1784370165691,56.07544992253,56.3756864515697,56.9078656767869,56.0199730250425,56.4929219518476,55.3247063532968,59.6503006705187,58.3446421540632,60.6806560551493,60.6554691499345,62.3124795859901,60.1306633432218,53.2361451343136,52.4512310776253,54.9362797954546,53.9938945061035,52.5138388792284,84.1695126839435,85.1801255794287,84.4217013726808,84.3961067293197,83.1785515227176,78.228353919293,78.6268407451907,78.5711907786975,77.387353519261,76.3646219400718,77.9972493684048,97.2536830290792,97.4931253920709,98.1799742032617,96.1978219709592,96.2712189556623,89.8198635854471,90.7358284948241,90.0927056615781,88.9295986805554,90.6795539554956,97.8829192452787,98.1548820436979,98.3510306023909,98.7981010426769,97.2131971448443,97.2190644090042,77.2412099934817,76.8514837095932,76.303879876817,77.111349537824,78.2137700651634,77.544429230433,33.4247957317913,34.1376397510684,32.5082451052095,32.8047313881476,34.8214941719054,43.0727706785153,43.4258473744789,42.9946555895375,42.5457346243597,42.1556714639866,42.5170179152275,23.4254152256079,24.402355214879,23.5106771982467,22.5871377516875,22.7602604006562,inf,inf,inf,inf,inf,inf,30.1776043954852,30.6058015140242,31.3367285762659,31.1053360008104,60.4230551793227,60.0882650748106,58.7072824827729,59.6177796985651,61.1155375312001,60.2507525292343,57.1143114949078,57.8819800459238,57.9447367579464,57.241911055896,56.2322241133003,55.3060046129359,52.5469961345157,53.1467631655232,55.1917220757574,52.7232205577514,51.9195315745657,51.7839055327622,34.1261979916098
1403,44.2705970056307,40.4305099952765,40.4080978674857,40.0408433198149,39.523624332742,41.7048225868005,55.8083212201566,56.4344093100893,56.7515204975896,56.1772717707234,56.6342215671499,54.1048101886133,59.3932207242127,58.6836620160155,60.3299640794382,62.3042834217531,60.9591567658924,59.6667492396524,53.1244581593116,52.496455966945,53.961341352926,54.0195589173562,52.2936759969291,84.6477874722415,85.6190641967722,85.4471394803264,84.7198838077249,83.6963964600355,79.4309920375958,79.4742838146749,79.6974223686334,78.502247864579,78.5510250082778,78.7894594806519,98.0460350239887,98.5332383440752,98.9405885181996,98.4062612554757,97.139973186736,90.8216190931446,91.9688611592834,90.9825314801719,89.9492767855659,91.3895048425432,98.8269170342219,99.2101464971968,99.2835493398711,100.309698394472,98.0062697894666,98.2814196814487,78.3997278618093,78.1383215613463,77.4199449066045,78.1449777608497,80.0946455105001,78.5836813475348,34.2606704003877,34.2877078433049,32.9105980837675,33.0338372370285,34.8700687156858,43.7121842934858,44.0743969483885,44.3211475261987,43.4461951634135,42.8364928258684,43.2758881020885,24.5157303348549,25.4634503579807,24.5837914732824,23.6723329423052,23.8384212009236,inf,inf,inf,inf,inf,inf,30.5713966219816,30.881421088192,31.6568009311489,31.3952769627354,60.3107335245763,60.4949683946819,58.8694460700434,59.6931517797674,61.0595371095358,60.6484033714884,57.6926903810349,57.1340657358713,58.3609179344318,57.4816760006546,56.61950400188,56.2787531062111,53.0080951336053,54.1506322722435,54.1334503067182,53.0360152883001,52.2709881240393,52.3501618584132,7.97306563694621
1404,43.9865986110468,41.1587805259345,40.9241001358533,40.5184384185446,39.2197625770599,41.2807662474544,54.8615812517981,55.6963806530971,55.9600159218601,55.5629148275573,55.984129042715,53.3212734836697,60.8375649860295,60.5719756731208,59.8041793552747,61.6648877400404,60.2958333069161,59.0548129083922,52.328381471418,51.8267491029466,52.882226489697,52.6248779225225,51.4313625233228,84.0825917701864,84.9941858668851,84.7839715732761,84.0192297890888,83.2195339153993,78.9977918789555,79.3887876334123,79.9828463521789,79.0782144036718,77.4922104772028,78.7272368112299,97.9826046972707,98.51133913252,98.711923833527,97.9434472657173,97.0203975454335,91.6839743937757,92.5939034955226,90.951535248751,90.870300660467,91.1077254468969,98.593362812956,99.1363933086647,98.9817399959896,98.5030232498873,97.6777398177021,98.3246543878404,79.0564084790909,78.3420367895994,77.8688842261877,78.4098691266559,79.6768254530947,79.3871411320001,34.9043000290796,35.0706152215186,33.9405408334284,33.8207812538914,35.5914871161296,43.6101726652748,43.9581813863842,43.9865770757374,43.0657953198601,42.9043598518952,43.3961347538933,24.4831442300958,26.0652864832137,24.8724570615532,23.5258223948987,24.2279909913213,inf,inf,inf,inf,inf,inf,30.5865499485271,30.2335866233378,31.0283248869602,30.7464356662303,59.5626159777158,60.4444808755074,58.2430259406767,60.3764333115773,60.374226575299,60.6061828921434,56.5058323055916,56.7639047718683,58.3916731377574,57.3918766404956,55.420773316626,55.8708061313133,52.4567518017214,51.8636663932962,53.7665206680295,52.3545393430106,51.6377228727615,50.8431440484435,8.92165687050521
1405,44.5290951236017,41.5016125169146,42.0278653729527,41.0658330351307,40.6528496528445,41.7625522723429,53.8273155906447,54.3987948815214,56.0844810151988,55.8926305505047,55.6813514054538,53.38929851148,61.1048951376524,60.633329948037,62.1386637311437,63.4854663591809,60.692184898887,61.572384097306,52.55636090374,51.2370221367924,52.9377317357865,52.7542758649206,51.5769358096395,84.4529009023032,85.777293413911,85.1382414094821,84.2508029796492,83.6740548481218,79.4863791165932,79.965922761812,80.4532246024311,79.6835240358882,78.6797480127265,79.3133586925101,98.5674305439936,99.0930981762022,99.2598984718759,98.4298702197216,97.5850887912653,92.1434748941774,93.038491969193,92.8805725307826,91.2829416672038,91.6419604131259,99.1476748302883,98.7008007977492,99.5118167761638,98.9695062176414,98.2269517074213,97.7795234204772,79.422312981948,79.5838820953625,77.8855764053286,79.1393848713067,80.162176805949,79.741593317968,34.7782867786838,35.1278629903681,33.8936774844034,34.1564136275553,35.5363380680652,44.1846858775618,44.5272202251553,44.4932943385598,43.5757386594861,44.0668811857265,44.5584963937877,25.617752992769,25.8346720792036,26.3060953890145,24.1125267757604,25.8175711575413,inf,inf,inf,inf,inf,inf,30.6861139074797,30.536304869128,31.3316490291855,31.0343304907567,59.7351960396419,60.559261584467,59.043136207851,60.7369491167294,60.6269872681019,60.7217615575838,56.8975062214182,57.3051879985392,57.8640389218497,57.9957598309324,55.8459028114684,56.4300906616204,54.0220319291777,52.2549294620967,54.3070347022413,52.5977859707358,51.9518570554537,51.3511794814921,8.54346579115033
1501,19.845790205711,22.5090503869412,22.402241565318,22.0069329506186,21.6953668895652,23.317694171023,34.9310360683321,34.8955151245164,35.4163656249956,35.6341168965377,35.8451092887367,33.9254854775933,28.5781918916522,28.435151454131,29.6289152696323,29.542874100626,29.7788487778591,29.1310283642808,30.9661325954883,30.1442499670724,32.6897514161701,31.7757699180809,30.298417932991,59.3897609843962,59.2988998445683,60.3420494513385,58.5153204815557,59.6736111225428,55.7298636913667,55.6516513821125,55.9853113049101,54.8378917414902,53.8150142630772,54.5461515978674,73.6818680955104,75.3341839642241,74.5776616188208,73.6498387382555,72.9360336837902,67.6397687485555,68.3419037781508,67.2491091540871,67.1002340792245,67.0331459853318,68.9600164482563,69.6694440153076,69.1413936173248,68.4062499816124,67.7700973815042,69.199313891685,54.6052112856935,54.1864485033771,53.6754606089924,55.8741502164801,56.4036164306464,54.7047204271607,53.651842249133,54.3521295772448,52.714219284328,53.0702157304686,55.0526531905688,35.7566454846858,36.0076663851339,34.8624247508027,34.4868695680487,36.112242352796,35.9328166917265,14.1995749899484,13.3183987064178,15.3439733547207,14.6433025350073,13.5986549230797,inf,inf,inf,inf,inf,inf,0.713136632234895,0.825420169964803,0.763729028986874,0.781102445499442,28.6987379262563,29.300622048344,27.9845986554823,28.9353220105524,30.4283055936409,29.4632392790844,24.6436111048746,25.5711410482388,25.498817513802,24.6364041789312,23.6642831714104,24.5029259388434,22.2543494623574,23.2511552747577,22.4043224903538,21.3293975815451,21.5642386693501,22.7159825054351,7.25794692502545
1502,20.6346540930365,22.5705480411622,22.5997806417543,22.2656040881381,21.6416521616533,23.3730811454426,34.8257536673181,34.9433634533065,35.466901733185,35.499506119031,35.7876267828145,33.8006478874375,29.3501379951931,28.8849363497625,30.3768627388454,30.3506354366221,30.7901743125692,29.8120040292393,32.3588213365987,30.8750328854273,33.442707408886,32.5123155154055,31.3461825701066,59.6457346045417,60.1723380135364,60.6131778653855,58.8111824386473,59.7336579373632,55.7291901929249,55.8934455161104,56.1543743002486,54.9470938456068,54.0683151702316,55.3481230766757,74.4666230320663,75.386338693709,75.5694790944581,74.7273392815064,73.2838500668739,67.8033539131477,69.4565684176264,67.5553968793476,67.1339542912062,68.0147596234088,69.3220378875882,69.9837650972347,69.5944623020064,68.9314896418577,68.4441847206502,69.3451275541426,55.6715825280203,55.1410125791121,53.9427933914857,55.2277818902909,56.4248637057194,55.6597152398113,53.0113003130856,53.664904572726,52.1067922822645,52.3797895497682,54.35065119215,36.0359304994325,36.3375029112424,34.9970040590191,34.480436375048,35.5636651103775,36.0396100973524,13.6027369848001,13.2956515105954,14.3987845279459,13.9752274758283,12.9381540011905,31.2585194624894,31.3681962209755,31.3705222258921,31.371927239381,31.4672597736575,0.789981867224372,inf,inf,inf,inf,inf,inf,28.6687554750482,29.5693313496649,30.0651299966057,30.1162154186708,25.3124481663822,25.9736019460073,26.2010058752375,25.5423620050996,24.2941836170454,25.2383713077699,22.6177100771517,24.2232707170615,23.0717429230338,21.7589455377142,21.8160690300783,22.934014918613,7.70900278174892
1503,20.6775851983494,23.1801312701545,23.1511943322794,22.7814213424932,22.2654192337958,23.9886288762062,34.1402874218795,34.254267936085,34.7787955594696,34.8170612698944,35.0925288188652,32.9917171032892,28.6037599916789,27.9160199705997,29.5485666867175,29.7163685967371,29.0560656022122,28.8944794377036,31.263244154231,30.6245370539603,32.9393847362157,32.0618667798467,30.4419634346329,60.3242285323406,60.2820638689518,62.247572483579,59.4595954585226,60.5049193839476,55.5716911429589,56.3993178352385,56.7498313888511,55.5573982241612,54.5928011647978,55.9160599587982,75.0813673623536,76.026212016134,75.4060524253167,74.4692973428312,73.7693889771205,68.3659934890563,70.1042305663051,68.0350583420555,67.7450344248697,67.8183085291921,69.8826519166331,70.5833036602236,70.1052651668775,69.3662040049703,69.0415529789492,70.0001227959145,56.3493480024865,55.8104511132027,54.4637075980889,56.7027353800161,56.3285444371684,56.3268326918143,54.0585348404671,54.0624527159177,52.7119304778632,52.8545040062747,54.6568533438725,36.5351965386564,36.8052744077725,36.4506517402181,35.6723296005712,36.166749808694,36.6272895312439,14.1277716079975,13.6000141893619,15.9132739195941,14.3731540917664,13.3753146586978,31.3777104328934,31.5782512059088,31.5155359332018,30.8468260885666,31.1334803834434,0.83467949716008,inf,inf,inf,inf,inf,inf,28.0638114289344,28.8911797245103,30.2618001296679,29.7237148879352,25.6113020287391,26.4712360451319,26.2791039236671,25.4036022628142,24.495867909455,25.86102687625,23.0844646644379,24.893007435529,23.6101890034188,22.1744133932953,22.3479657073313,23.486138995007,6.68764695628616
1504,20.3042466724982,23.2215264719464,23.0642046479187,22.6467995893636,22.4268652170765,24.3717268968047,34.3032230257749,34.1753441379114,34.6841812296607,34.9979017962605,35.1515090859128,32.8332753827289,28.8944980749708,27.7876725197789,28.642359709866,29.5215266594597,28.2082688399754,28.026964879462,30.4164546648173,29.7420068186219,31.4847308859345,30.8317530903361,29.6570293375268,60.1667794188892,59.9205146408957,61.4365010930119,59.2896724101815,60.076693174857,55.3239674428235,56.2697112267586,55.8903477325206,55.5579142799014,53.8973513625348,55.0275875196014,74.1778237076498,76.074451612079,75.1850583776237,73.7373788349992,73.5180654352066,67.5078088637468,68.3763164621882,67.8198760476008,66.7314882927932,67.5841318951535,69.6069204552548,70.3354734707856,69.7158980487105,68.9302936503286,68.2154308142269,69.945569036346,56.1453555765598,54.7393148998201,54.2910687377108,56.3245920346163,56.0376347055091,55.2646604245504,54.8798006205759,54.8242311365622,53.4269703076353,53.6695180682688,55.4589375611434,36.3702977834331,36.5785964802804,36.0644549222448,35.4478447866565,36.6268153335654,36.6284448207547,15.2841751980556,13.9679251153027,16.1011336120031,15.1290215535032,14.1067863725125,32.170720696604,32.3196607473414,32.2987319529041,31.6480363691348,31.9352184892271,0.807725393910242,inf,inf,inf,inf,inf,inf,27.2638579115179,28.1204314492246,29.5069506025981,29.9051820658912,24.8818742661255,26.225146391655,25.6646774986678,24.6554821592409,23.9182729392202,24.9410072024782,22.7981590464467,23.8094388562986,22.7969410483657,21.842970899615,22.2029063198037,22.7023150969837,5.58793804580676
1505,20.5104102901579,23.2824043527963,23.1714715371903,22.7683690028837,22.4359296531626,24.5564063233971,34.1173633959527,34.0733451159094,34.5943163568429,34.813414660498,35.0092286284757,32.773940919892,29.1381654249598,28.1458591440755,28.9787237885679,29.8265460103049,28.4919212730086,28.3267442590532,30.6838462130205,30.0458575067498,31.7610923980593,31.0665059460437,29.8812233692039,60.3013603687524,60.1242254825571,61.2444487823711,59.4232321009535,60.3672939476143,55.477842992733,56.3901667795615,56.1184663089026,55.6331267398065,54.5642628346754,55.9986863401512,75.1704594960671,76.1335535055227,75.3363323718283,74.430733289963,73.6841913104265,67.737332831957,68.6224479763251,67.9751233976586,67.8631076490985,67.738426683968,69.7770653857776,70.5002284578162,69.9259534519852,69.1503950261843,69.0341138117848,70.0387357318042,55.352602933786,54.9118478114918,54.4309615245113,56.5331225522321,56.2070592465196,56.4647060817553,54.5823068526384,54.5769899659066,53.2128623047821,53.4006633222486,55.1848049064368,36.5044743134683,36.7358776125557,36.273396661246,35.5951875168302,36.2759973448667,36.7037987683518,15.3278507771057,14.1173499864242,16.0914300758405,14.8846869047845,13.8760550552031,31.8997478291905,32.0858797542044,32.0366034683828,31.3669264204954,31.6392963006901,0.815278656184034,inf,inf,inf,inf,inf,inf,27.5359863508225,28.3710929739455,29.7465084518659,30.0952788475281,25.4363771260044,26.3844580376246,25.9438618952393,24.988890138423,24.1865939445992,25.1678860725456,22.9776210307751,25.0308851583581,23.6076890172114,22.0330236867965,22.3298792503416,22.9491018284357,6.42445610755626
10101,16.564232991539,30.1533686610784,29.617035848649,29.305898287341,30.1754692660463,31.0018208609403,48.1145880518673,47.8080868418907,48.2566302751701,48.7806695506341,48.832907676945,46.2208129353645,21.4586459696782,23.9116853052222,22.7454335175806,20.760856028149,20.7849401614275,23.3944849045096,37.8979088798438,36.8148511305572,37.2998771513319,38.64283011686,38.3622791838935,33.5691106605727,34.2183300123628,35.1718423922929,32.94073038325,33.7192804072302,41.6073590977905,42.5807149098843,41.851271164888,40.6259694246217,41.2826082631926,42.4960005093705,49.2435540329151,49.5877635785382,49.5778634756055,48.6424292438394,48.7631871327549,41.96178142557,42.9266732433648,42.5025442053084,41.1101860339157,41.8629526189809,42.9781321768264,44.7022320422024,43.9289492109053,42.4322631880878,42.1402549135785,43.0912758073956,47.4844224029218,46.4440887236022,46.1332379721867,47.8784314902135,48.3749446028373,46.9675720213193,74.817550721633,74.1802946561778,73.3776202969939,75.1747787481199,75.5547921526436,44.8839337608541,44.7025898213687,44.8710221868552,44.548448025172,45.6146021322757,45.6003425265101,37.7575047587807,37.327730342419,38.2585610179501,38.7439308621002,37.6644356735034,60.7636910631972,61.148416409034,60.9498565002697,60.181140758483,60.3232544446386,28.2727397637582,inf,inf,inf,inf,inf,inf,0.945665888995923,1.18286779858979,0.929139459155443,1.05979836871863,4.4642596567366,5.0434236937839,3.72111887312039,3.70906506709993,4.87503738284462,5.40932472967082,7.68505750035576,8.13828976254644,6.70249563485711,8.13644910361673,8.54844312804536,8.56288232554991,7.13976090817171
10102,16.7966122927691,31.6616061849446,31.1028719999266,30.2005227460496,32.0430272527899,31.8573003117191,46.8542658829062,46.7164248138836,48.0875193886486,48.5453241463043,47.7109839536874,45.8976073305569,21.1431493575851,22.3437933656715,21.391805039946,20.1773206276718,20.6658816803553,21.9584234416116,37.3974097915746,35.8930002832642,36.9535279912695,38.1259838294649,38.1079057963239,34.0081999688908,34.7956975731225,35.5371792852417,32.7586262529674,33.9457647646581,42.4337867376612,43.3908528066991,42.3518634367013,41.455911545068,42.1920548712193,43.3659173315173,49.764557867414,49.7769964494706,49.9134875460076,49.0229467570143,48.2522091886145,42.0872330330511,43.3274975277204,41.953319938727,41.3369306087273,42.1871846493032,43.2639175211925,43.5181047437376,43.3711456119502,42.5831917966369,42.547757644007,42.7718964229808,47.8308071933291,47.3557161611105,47.1473914531627,48.444446201434,48.6536778517651,47.881343407312,75.7104608261299,75.021546657327,74.0998880686054,75.0746551988224,76.4675447006036,45.7915285824611,45.6167788978613,44.8319839739058,45.399727893192,47.453092890436,47.2495148577333,38.4713515105688,37.5034312566826,40.0073578044504,39.54956533718,38.5122315877176,61.6704641790173,60.6908833479138,60.7075164008102,61.0812987555945,61.1705354641203,29.088360522975,inf,inf,inf,inf,inf,inf,1.59752702543229,2.0043983825928,0.867721144930226,0.173515001999818,5.37587828952889,6.4766417247358,4.64717362551824,4.58834710148871,5.73883106033487,7.07366875012942,8.56202851637043,9.01891210731415,7.54127767722029,8.5948534451385,9.25407157508196,9.46968804657271,7.47523060620367
10103,15.789302924157,29.6911763050389,29.5291328272966,29.3197376232155,29.5279795085634,31.1981657890244,47.3370494333778,47.1769428467893,47.6829704701467,48.0289582514654,48.1693491260086,45.7454475620869,20.9661030446923,22.9172216728707,22.318463794463,20.6434171978276,20.1539033691709,23.1692730131212,36.8418792967761,36.0406020935395,36.7920812429976,37.5808486722729,37.8447067708727,35.0949257190879,34.8005355584914,35.9435564695372,34.2225566985024,34.9018654901325,41.8941037164227,42.9375552235629,42.4838804996298,40.7769128172808,41.1330717125252,42.5611511268365,49.8490994167042,50.7316149360647,50.8727745416352,49.3776567381934,49.2173447738896,42.8076617908426,43.6615065552466,42.9369623896642,41.9264033066306,42.9389844024632,44.4005927683883,45.1270550111112,44.4740364551711,43.6893689034614,42.8705976880548,44.8010393104989,48.2623280513293,46.9638464279273,46.5292524533001,48.476905080334,48.2796253942252,47.4945255970304,73.4978192070685,73.4497065162999,73.413687366499,73.6428617538244,74.0897988231648,44.9474040664298,44.6731954153376,44.0648183623915,44.8710072768225,45.0635177519273,45.6659357164579,36.9228447747892,36.8354141232346,37.5174584007608,38.0127133891768,36.9934912569388,59.3049007192497,59.432499260493,59.4252800665345,58.796654115918,59.661547283235,27.6037784644423,28.2457758303916,27.8776709343766,27.0838607136341,27.3527992718881,0.917235265002979,1.53315593110855,inf,inf,inf,inf,inf,4.67732782373947,3.31806111108118,3.08976275638723,4.23048882051834,4.92351207231726,7.05464666593931,8.37340509130487,5.90732740086543,6.92097791648602,7.66375455231478,8.22915526517659,6.93376162033837
10104,15.0975891982974,29.4151495997838,28.8561551062517,28.6250909771492,29.6307685432595,29.7368263315428,46.4402409557425,46.2535211584041,46.7357108123071,46.4432295236535,47.2599468933658,45.5249316073239,22.9250015600954,24.16470703501,23.087694355392,22.9932875892752,22.6260655813293,23.6911666328887,36.3867969956821,38.339004309935,37.3751376789051,38.6154325223633,36.6047367917803,33.3743164913882,33.5334838787438,34.7920953162172,32.9557806940455,32.8074089244163,40.3780618834201,41.3618504257253,40.3264439232388,39.3997607592494,40.0373998490846,41.3113521518245,47.9980643163576,48.8899412293493,48.4904718486453,48.2712761019733,46.8565250252447,41.2083064345752,42.7636614937662,41.6362903530872,40.5011988509206,41.0094551974966,42.3818431219909,43.0381781077506,42.6537389290084,42.2626086239121,41.4974851458549,42.3698421039971,45.71049164841,45.2111353711843,44.8601422592557,46.7826039782438,46.5081525321286,45.7364552279395,75.1299602985775,73.8184589000895,73.3246770055715,74.3706265769475,74.9314644534108,44.0394780165458,43.7889816636378,42.5581088711264,43.0232424839997,44.8767904818812,44.7623855703577,37.6715135690872,36.7174569215126,37.9458407774684,38.5649109754366,37.236999913915,59.8925321880093,60.1710941626264,60.0505970673069,59.3788176018589,59.6715557529642,28.5098359241582,29.0920047198683,28.6719362775325,27.9102223074577,28.1558636424356,1.03742347595618,1.83934919717787,inf,inf,inf,inf,inf,4.16483411244163,2.8874512710345,3.14031985526133,4.32768077887817,4.65045561117476,7.14941885423229,7.15848532906446,6.79126834638499,8.59570353894755,8.55974024531089,7.90321285729618,11.4196961861701
10105,16.5685064347926,31.8544737872381,30.3276738497366,30.067940190396,30.4493793194235,31.8501851879342,48.6901583814744,48.4808483925839,48.8593286263687,48.3832903855572,48.5364494893302,46.7102269150984,22.0933180191822,24.1990136887797,23.4612873197815,21.0926175202451,21.5993590796159,24.234947442492,38.2329123494372,37.4474934118315,38.2272730293103,38.9599374736033,38.9189369319697,32.7716086951576,33.1390840821404,34.1894411808431,32.0606577148145,33.1185116838667,41.9223464098995,42.7722900324442,41.6165156428593,40.9090399756719,41.4919018303249,42.8976351738677,48.9725611283822,48.9544029442484,49.087069488686,48.2034478542044,47.4252521244077,41.2793380120322,42.1365531887269,41.1336394541164,40.5118923127168,41.361344555982,42.4304619298444,43.158372039009,42.5415386967682,41.7551761908212,41.7302784464174,42.7417126427505,47.2051286096322,46.2861452541991,46.1502648921762,47.8726953692654,47.8282790851872,47.0560263205344,75.6463633499527,75.7472963312802,74.668974481689,75.9137662784627,76.3049046383738,45.5985866975506,45.3626023733157,44.6671265897095,45.3948036019978,46.4007825769734,46.3234976480093,39.0293539142348,38.0762322337998,39.7339569081626,39.6498882094078,38.6235731803075,61.526096877043,61.778105038627,61.6815980850185,60.9701639500154,61.1864868926024,29.9219887129219,29.8208107158779,30.0872761850559,29.3291393077183,29.5699400738254,0.923810536747924,0.826119397446069,inf,inf,inf,inf,inf,5.64368234291957,4.37341584870872,4.50633687838096,5.67878414321355,6.23143442652958,8.60914621549105,8.64899264358518,7.5508064273715,9.02901296664646,9.48751907547509,9.340362869873,10.4447655917137
10106,16.9531551611178,31.8197611384237,31.2603356856026,30.3612445922535,32.1864409976105,32.01970886935,46.8553812931008,46.6937864506653,48.138046451928,48.4798367609144,47.6939379146102,45.9137008638607,21.1775120338165,22.3981385734056,21.3639159261649,20.1533836761662,20.7463366886503,21.9645137422733,37.3862289717101,35.8001834686011,36.9637592222455,38.1039720895983,38.1410429768067,33.9755604238793,34.8724751507081,35.5825706537965,32.7061734585372,33.959602258003,42.5618139508851,43.5002283982041,42.4355199012739,41.5869037841526,42.3468967789925,43.5904890559581,48.9171047566009,49.7877073950364,49.9425206431991,49.0653801103606,47.8370369949283,42.0803089734749,43.3758091992015,41.9108943174694,41.3534078981715,42.2151500218894,43.2839312619873,43.4707003502416,43.3726051509443,42.5830592228728,42.593584552898,42.7555714294238,47.8733068338882,47.3784934721618,47.2151467026615,48.5207834684766,48.6767246164667,47.9043651278146,75.8743222928282,76.2022084745988,74.2597250452397,75.2376515698335,76.6291146487339,46.7085932120063,46.4022412105894,44.9909153103399,45.5619435147653,47.6039069883106,47.4072297211321,39.3549086088889,37.6595536236378,40.1615596066308,39.7117424412031,38.6750529023645,60.7678696502362,60.8622003240765,60.8715991741811,61.2442658715268,61.3342267233249,29.2502573230741,29.8945734924869,29.5850283593029,29.7259626478096,29.9177258076508,1.10307356777665,0.181444251202226,inf,inf,inf,inf,inf,6.63795382245078,4.82355614379948,4.76881405411561,5.9178363699813,7.23451837661608,8.72512084395546,9.16129106925153,7.70272903876523,8.74085600398751,9.41288382458817,9.63001940053288,11.8480784326656
10201,11.3637830119371,25.6798824706777,25.1195722680114,24.9046844816753,25.9343520392367,25.9919133891789,46.4852165086528,46.3623819106773,46.8607808922553,47.1816156006506,47.666954164099,45.5252785886482,26.6342301618921,26.958827581122,27.6544518807921,23.9378808270257,25.8491203456184,27.5032829340587,38.0245495625973,37.0739465920731,37.6118194260938,40.5858120247787,40.5443134980537,34.5557433121109,35.5386491096361,36.062740881859,33.7676808963315,34.4915284354962,38.5318526026862,39.5378944629895,38.4814755354598,37.8714270928043,37.6391205903147,39.390967963196,49.3813794820496,50.2208470716245,49.9707066538314,49.0704481605617,48.6876537490317,42.8360895948704,43.7697347681014,43.2582178482644,41.9453251012632,42.4541660846039,43.8803292709033,44.9962586126224,44.378885681636,43.5700013266827,42.9696031358001,43.7621174413226,44.3459034521421,43.7899324666738,44.0838060349282,45.27243397574,44.7402830201094,44.1355576261547,71.3829145023639,70.2033620746325,69.5675445352627,70.6235311010837,71.2467034422645,40.1419955403254,39.8832799642329,39.2140844954275,39.3084771390002,40.994752583957,40.8629723338044,33.9817657111368,33.023171652963,34.6297468817676,35.1716638988839,33.5795525886457,56.5310450824803,55.6980096097066,56.3236552408521,55.695094075251,56.042157534147,24.5486952983596,25.1483357394203,25.4411017837572,24.7747493832054,25.2811251103624,4.37603668448803,5.25273564408015,inf,inf,inf,inf,inf,1.0348661698087,0.984024199394464,0.987050333275785,0.988589872666532,0.966658913948117,3.50321978794656,3.45368329031106,2.57441403841317,3.75364946734535,4.30939064404995,4.1719891018383,13.183783126091
10202,11.8776880326417,25.5800276828817,24.2315461341043,23.9370452291365,24.8280141067382,25.6506859409295,47.4143649280715,47.4219248825792,47.8204495975596,48.165264946809,48.3809881573175,46.4309926333873,27.3796906405734,27.8654459495535,26.6668604035019,27.4701094339838,26.5271789249179,27.4115741933249,40.8152454723331,39.9639363668909,38.5509859285068,41.5555661588867,41.4283428832828,33.9319162790226,34.5688383583143,35.1050961166614,33.0548228083668,33.5763801728958,37.5924213220399,38.4934187497647,38.2212592850754,36.2716004949505,36.6773836526862,38.0698396572796,48.816410814489,49.319391942901,49.0272235817644,48.1141949310262,47.4073120793014,42.4120764361899,43.3173874895876,41.75782012782,41.5894133387538,41.8387344076504,43.2321627378702,43.7639367716086,43.6239197384619,43.1429509793393,42.3184666457663,42.933017868672,43.6893419870333,42.9435294730834,42.1177369352161,44.6216930563773,43.8677035558559,43.398917460861,70.963120375803,71.1972020543159,69.5346113000269,71.3340861325838,71.6767908198131,39.2781883997966,39.0755231404989,38.3252714809935,38.9812546834861,40.0338015751432,39.9995300038038,34.433035216923,32.9304607738985,35.2059011298971,34.9386157488026,34.7673137016292,56.2397961839484,56.580119723101,56.271546085964,55.9221446267207,56.4508075982866,25.472665655648,25.8341149824106,26.2878151258478,26.0678080836174,26.2163914341047,4.90039617886882,6.26288661102468,4.56324740407085,4.13331403528086,5.50665797964248,6.42535347002819,0.97821259072069,inf,inf,inf,inf,inf,3.70055643956719,3.3874710033671,2.93383881833586,4.14926782401356,4.55924810200143,4.17760392212007,11.9899860440567
10203,12.2553097934567,26.5549291945859,25.9941388042972,25.7967880685408,26.0049268876051,26.8085442140218,47.3402972543426,48.0424931917063,48.5023868699316,48.0159941970544,48.2923729076591,47.4489225975417,24.7187725566203,25.3719053880523,25.6488930066604,24.8211956743612,23.7003149098192,25.6651089858573,36.2585113829445,35.3436930839229,38.6820063833163,39.3606375221486,36.7625168070571,34.2206943058566,34.2135239979744,35.1850745220353,33.3609766947376,34.3881874109696,38.5522339973391,39.9344561266406,38.9193477859803,37.7237215949033,38.1680328544377,40.076888438636,49.1460731467786,50.0895378699808,49.4952285610824,49.2916860414394,47.8951941046739,42.1407778252428,43.2277614291408,42.36748765173,41.2557219666053,41.9475258739062,43.5055230526096,44.1985915086145,43.748562550939,43.0276091310804,42.6473852880702,43.5972918670601,44.9969621654044,44.1632175362005,43.6146951769477,45.8846427014649,45.2310408269498,44.747861996286,72.3062534263416,71.4961099671885,71.3760768441552,71.6015779944157,72.1459397672568,41.1137888327632,40.8353435875752,39.5946682963646,40.1397811838667,41.9777257931355,41.8301057137694,35.6985567398649,33.8952972972785,35.4840046614324,36.015306960823,34.9928135481756,57.477983853915,56.9032077895115,57.3715405306854,57.4542778636534,57.1806602788869,25.3201761241793,25.9731015478248,26.1032563140152,25.5095143766962,25.7812439897523,3.57392112377318,4.4646134723317,3.20054571437713,2.85417404041589,4.23333844827979,4.63305333387639,0.924758451074449,inf,inf,inf,inf,inf,4.42426131152787,4.35798210581574,3.48318166057998,4.64195328873347,5.22401400976796,5.09279145643554,13.2008258739469
10204,12.8393756824325,26.3697214138961,25.8309773254345,25.52599399114,26.4159095786263,27.2399900953273,47.3265042922883,47.0862424444624,47.5605216415488,48.0088436863342,48.103336842137,45.5789415846852,23.3147384452441,24.6484581013976,24.1048189440516,22.6531865639998,22.5963223486461,25.2306277845557,38.1128440418356,37.3622602133713,37.9604140835517,36.180050552242,35.8266311373598,36.0847205806754,35.6408100408996,36.9412958225062,34.3308706322646,34.7856792394039,39.5272204494003,40.5096108014732,39.8839738825966,38.6445280926148,38.5787554979431,40.3868236049542,50.0642946358621,50.9807196408718,50.4671922194161,49.5286883947771,49.5231281371007,43.3719322218624,44.1837014833094,43.2623787096849,42.2136229769098,42.9198036332686,44.5019388056257,46.0260656001687,45.2879975833369,44.0131737063167,43.628445367102,44.5462882240012,45.3043771430642,44.7442207543832,44.8946550718894,46.3081566785878,45.8074526522677,45.1295607700451,71.1890382110945,70.5716644027412,70.221428138398,71.4653960035638,71.9147901405828,40.9342344571333,40.7389089192625,39.9662567208782,40.6272299604703,41.6766557954186,41.652280890453,34.5882382299247,33.6720266849044,34.6216373227413,35.9390963152641,34.0339901031936,56.5768385743423,56.2615616994965,56.5354395075817,56.4635636589518,57.0610653473988,24.5092154388747,25.3160215752469,25.2395390635448,24.5239440659374,24.8364913675726,3.63880383760148,4.48316667831933,3.04780399954484,3.17979673615418,4.44160219312069,4.65584214313847,1.00492619073253,inf,inf,inf,inf,inf,3.98356425015473,4.13853495685131,2.97809261777169,4.02626718138737,4.70182109149591,4.77701999071791,13.318350550435
10205,10.8767034203456,25.2459326780216,25.3708090270093,25.2450491092683,25.242190065262,26.0569531515468,45.7129354513289,45.7097640801534,46.2279337358084,46.4027910458415,46.6308017967032,44.7083703716158,23.9352066004921,26.8811901630059,24.6273692675236,23.5789837822839,23.5990841685019,24.8852406387475,37.0867902433493,36.296710810293,36.7805522902077,37.7459179155066,35.7949131016599,35.8735793481352,35.8409662657442,36.8313957584141,35.005674954817,36.1232225703707,38.8403045257635,40.1670869432671,39.1216733731446,37.9597340199594,38.3854631546196,39.7708884332556,50.2863637339821,51.8518193609778,51.1517378618339,49.8318543639044,49.5132726557274,43.8141962682304,44.7318007184553,44.1302561286038,42.9204208999868,43.5988901051585,45.0801145206581,45.7775475571385,45.3003769288357,44.6009664161597,43.9291136159489,45.2779195112979,44.5175835112565,43.9447939000784,43.9104814866374,45.3497581841277,45.1673839325357,44.4238439740856,69.9511956751739,69.4353098653211,68.9941868452385,69.3833048757575,70.1555101538291,39.7242046223159,39.6183787025399,38.6816353603869,39.3370053358682,40.4225324045449,40.4178228821555,33.4379645854004,32.5440812474439,34.1845536943362,33.9139684083249,32.8721371734839,55.4475647860185,54.7288060289671,55.2952633266209,54.5849112883894,55.0088495941948,23.5833776577729,24.1937742940121,24.3819477956501,23.8223800935816,24.085123508631,4.85728380847232,5.68671560122729,4.24067997984575,4.41987542782792,5.66628093232316,5.85806464913654,1.06681554083756,inf,inf,inf,inf,inf,2.78349715511092,2.98005866243528,1.7767921780807,2.87445675549966,3.51228264831445,3.57760214615221,14.522955487268
10206,10.4909925469589,24.8173778666033,23.774839884299,23.423104737001,24.1970609367886,25.0342693971708,46.9187151119571,46.7392969853739,47.1970627012919,47.7058800854588,47.7630109219977,45.9061773175457,27.6028834647805,27.8502906052692,26.6862137295629,24.6770750395519,26.8154291990562,26.5788897258275,38.1977995480604,37.4953438811993,38.0129148885722,38.9061894775741,40.8479164224588,35.4135693879628,34.9666924041482,35.6997736513296,33.6234590081324,34.2509554211877,38.2098302653994,39.0331915760219,37.9227702283622,36.7246065520656,37.2424327589717,38.5215746499953,49.2619115363462,50.0157614915719,49.6241650520136,48.6872502507643,48.7332596491727,43.3413638066413,44.1499495924995,42.678496985437,42.4110348221752,42.6784737602756,44.1169213389243,44.7071689363975,44.5184055612206,44.0049833854655,43.1781608937148,43.7140431375398,43.3810480409533,42.7850712079888,42.8512263976777,44.2856572227415,43.9336374181945,43.2294791069354,69.7210325517419,69.6457398194293,68.7302361111589,69.774084008647,70.3026193297385,38.8253297896868,38.9606681250175,38.369385452887,38.3580666810372,39.4748550918664,39.5204188995468,33.1576577725936,32.1482129057896,33.7351332651991,34.2399444483438,32.8705955774381,55.4131978637342,54.9275714388838,55.478141390828,55.0837359201246,55.634630863865,24.4346903903697,25.1399495484936,25.7074187390363,24.8530891849856,25.0751846646694,5.3267435942752,6.89618638453515,4.86914796171306,4.67734934486523,6.37236048502905,7.0581974092217,0.972004700503781,inf,inf,inf,inf,inf,2.86803145615167,2.64233123754438,2.08447034551373,3.29905646768734,3.71536694728635,3.39525815185218,15.4053236809947
10301,8.3241012014294,22.5177893828346,22.5124264059728,21.6573156374876,22.4842879504125,23.2418272600175,47.0179898484989,46.906648307567,47.4188784027063,47.7150052787365,47.88528383448,45.0611031856416,25.4115984192089,25.3909727072791,25.2297398691735,24.1147207393822,23.8958713325424,25.1649117721007,40.0674116422896,39.2314656842311,40.651530231242,41.6934572633162,37.0586653110034,37.3115692796669,37.0612946505461,38.2322140211246,36.437395696772,36.657366472279,39.0469608445009,39.0370545485835,38.0366894785598,37.4216219902789,37.2074665671168,39.1595366521447,51.3358383455022,52.1988463747971,52.3633291694754,50.9252435470513,50.6714320407401,45.1399882039435,46.027387665997,45.2216686451467,44.1145986182224,45.5127261221763,47.0045846216435,47.3235070542075,47.5080357708465,47.3986332571776,46.0489269680985,46.3532057511139,43.5499038131581,43.0866022015512,42.6349061951352,44.6332112758545,45.3944814854805,43.616642827796,66.7759755486534,66.5746325141848,66.3275605487363,66.673343638187,67.2757518372202,37.587948066416,37.284375326369,36.7712699568531,36.5789522542956,37.6673051242206,37.692205326832,30.6910672313414,29.8034035290587,30.7064702378633,31.1322794327501,30.0940458875748,52.6556022337473,52.5733030340058,52.6487906002265,52.1001149212239,53.3452676027893,22.2325855592326,22.5916200038328,23.0518258517369,22.7764893901013,22.9529807494651,7.87139447428519,8.72198442793634,7.20258721527716,7.44181815296794,8.76201684201704,8.883382768671,3.80499854157531,4.07931712848894,4.78401008224257,4.25239492358844,3.00118299424991,3.18415802693509,inf,inf,inf,inf,inf,inf,14.5107134554312
10302,7.94716822641908,22.2630299125051,21.7021836376917,21.494543557873,22.5307665133372,22.5653628457351,47.5991862528955,47.4788144109899,47.9775966759026,48.2956058889503,52.8436693475306,46.6372830745897,26.1608947448298,27.3445191638023,26.4919043779246,25.4883237965121,25.6568492591926,27.0047924634974,41.9689036364519,39.9108169536087,41.5627405048992,40.7533136842282,40.7046413383404,35.6102999540732,36.9604163792584,37.1088289364112,35.4343201697712,35.5402043243585,37.0490227303103,38.8161194259441,37.0391718982263,36.3923740540838,36.1549363076679,38.1984268360237,50.357390382933,51.1933942130549,51.3208561856254,50.4197936203963,49.6585843214516,44.0304845809241,44.9593419928216,44.4725192366397,43.1408531261418,43.6396614555186,46.1099470301612,46.4945222994906,47.0250813644903,46.3743876864004,45.3998829229505,45.4286005101776,42.4992473862159,42.0404100660943,41.5999422925685,43.0681679027517,43.3360379009069,42.5648096549633,67.9983193235988,67.2040931460877,66.197490908711,67.2478519751835,67.8155254472717,36.7318368514364,36.4677530602626,35.8269844097517,35.8827449458321,37.5904524139527,37.4514644716108,30.5687892540537,29.60856114308,31.2111268886172,31.6562938912646,30.1765180369746,53.17003623369,52.3244669675557,52.9584049373898,52.516265704115,52.8751298317762,23.2181102350484,24.1873179294025,24.8247759493185,23.7789441862068,24.9669234347389,8.44707148724474,9.31926094653632,8.69446046590494,7.57430614950722,8.94633566655207,9.45938250992483,3.73403120839295,3.75350016467643,4.69715511949055,4.38617010128415,3.17420253978788,2.94226334440042,inf,inf,inf,inf,inf,inf,inf
10303,9.26674688562589,24.1494374264766,22.9833794756749,22.653876711356,23.4786927472386,24.3046262064163,45.7494500402421,46.7895516043266,47.2207099551212,47.7904345092083,47.8149593772826,44.7466433869336,26.9902391823036,27.33278535856,25.5676917867676,23.3973437747953,26.1697315558957,25.1049100563077,39.9804341488057,39.3192670770361,39.7355244630353,37.0438986270673,36.789637129044,36.7009561127524,37.2360337740182,37.9476374232979,35.8315234545576,36.4721310075852,38.915805325872,39.771935297782,38.7502224241487,37.579887317459,37.962833366147,39.2927857166357,51.4777843124545,52.1049586777289,51.7824279453128,50.851329946955,51.0131591932073,45.2742128385867,46.173663438699,44.8944758044213,44.4387254971557,44.7066733074624,46.234141983661,46.9174649248459,46.6538294621561,46.1448317076188,45.3233269767123,45.8923962481729,44.345047858112,43.3544065166222,43.0503490809104,44.7788713536965,45.2281278794359,44.4813102950181,68.2696586721842,67.5816026516299,66.7073855970714,68.6861167749156,69.0339884008336,37.973328816736,38.256283887379,37.6890886632931,37.5754397178873,38.6694444946697,38.6823092782638,31.1192898281482,30.8006300426751,31.6692827896718,32.1665494687096,31.0840948070285,53.3090933942049,53.8864566895312,53.3608908450554,52.9779003645494,53.5144503460555,22.3757984973222,23.0359456207183,23.550668555766,22.7593121497172,23.5560058813007,6.88527181032,7.71523621052949,6.00807890025275,7.26611130874827,7.76647394199402,7.87779321543492,2.74870279920311,3.17420316317383,3.71686410574276,3.12742258319407,1.87209122755601,2.25989976307715,inf,inf,inf,inf,inf,inf,inf
10304,9.0422062136251,24.1825406048918,22.5947387172251,22.345693156205,22.700602933029,24.1587784424679,44.7775807225648,48.3772133311535,46.0703469946526,46.4139771227244,46.5475456070279,43.7561144633491,24.2083268652082,25.5398622787637,25.0985704254558,23.1734174341824,23.7369724375847,25.8801057275011,38.2322251085357,37.4686629671556,38.1857664723537,38.9534724798754,38.9399317973939,38.3239821199568,38.0558421818255,38.9929822898257,37.4473281115111,37.9497706431025,39.050563743838,39.9992958288273,39.5818732143437,37.8897729075935,38.952878820503,40.1243239519263,52.2951067357297,53.3071296129632,53.3594241143211,52.4911147354407,51.6520065347436,46.4409987730132,47.2855300482776,46.0223853002024,45.6631497931768,45.8339747374966,47.4743351840851,48.0196009973231,47.8679796549458,47.4183136281664,46.5606553070795,47.2258569128441,45.3718386138816,44.0286517324314,43.5887024866303,45.5977931793444,45.3327752013543,44.5603716521801,66.7051083258515,66.7674465526123,65.7228251399301,66.9336841946921,67.3463427835136,37.6459275690502,37.4007005105402,36.7232950347945,37.4690356263083,38.0701286708221,38.3704989315812,30.0794547884473,29.114228766422,30.7614254899912,30.7279622644949,30.3006485658739,52.578094471079,52.8041221604964,52.7271807089441,52.0289605370949,52.2604735302022,21.3143681798783,21.7377330347799,22.1460950512974,21.8288540094538,22.0153515780398,8.24312922119875,8.64894082146589,7.01076056862297,8.86394947829165,9.12875641143384,8.79065501224665,4.00846821892651,4.46895028761188,4.95640219306559,4.25621429530179,3.050533408075,3.55369336006069,inf,inf,inf,inf,inf,inf,inf
10305,8.39088433411602,22.3776392728253,21.8177796781359,21.5990202779995,21.8809905910377,22.660629624264,46.0181207324287,48.4540867162707,48.8996510000941,46.7021363727763,46.9589150375968,45.9111819227733,25.2263212224391,26.4174849283208,25.2265403067418,24.0848403475173,23.7888665287607,25.9072435669059,38.6045941065302,37.7082018338418,38.5069191656959,40.0145040739668,39.1442388488531,37.9618520169316,37.8966956889697,38.9214040412358,37.0929823142748,38.1717838392112,38.7664360707908,39.6118561476341,38.5751027130685,37.3918691958683,37.8039303740842,39.1485380807498,52.7630909074777,53.7150077799705,53.0542170537138,52.1202303144636,51.3799482540944,46.0509595275285,47.2205396064135,46.2070752707615,45.1833856233366,46.2868201073337,47.87539635618,48.2492280229105,48.3365805333314,48.0623446529038,47.0717904896724,47.3197808009053,43.7913700026499,43.7707383764068,43.2433867267249,45.4597761859774,45.0919054389035,43.7553343526461,65.9995725911661,65.9561680392502,65.9137888053968,66.0996454310708,66.5751860429438,36.8742329898115,36.6097291092558,35.9844022983785,36.797574989708,37.7204039168811,37.5953271432404,30.2145180061715,28.350555334276,29.9693108674979,30.4974435697757,29.4868495314176,51.8177155956116,51.9866910574505,51.94765452103,51.2965870301228,51.5985490698749,21.5573135129882,21.803884465137,22.3365835079763,22.2004587480899,22.3256126762219,8.60655333381528,9.28747266707419,7.75782965359963,8.77372224558539,9.54258797131515,9.443620191796,4.59161239504219,4.90804328116001,5.56555049048428,4.95876249354435,3.71542294101452,3.999016428335,inf,inf,inf,inf,inf,inf,inf
10306,7.2420800885247,21.5830409236414,21.8472197262324,20.7072165548224,21.6912337765786,22.4614298205954,47.1090308800355,47.1284640695426,51.4841277011876,47.7943358542648,52.0882996500917,46.0972285788831,25.7527924040462,26.5728229665642,25.6740849841422,24.454491521929,25.3767591462714,26.4816571472793,41.2497644650718,39.4181907270387,41.0142254280809,41.9362285286252,40.0844515042235,36.6692476677952,37.3187685498312,37.6334189830359,36.9001880395074,36.8687696209902,37.6064121680352,38.4574580245409,37.4049375752746,37.0793770203886,36.6522587337103,38.9230374357426,51.0839684704306,51.824018015727,52.7608641010093,50.9324697797091,50.2731026556233,44.9157402304652,45.8248624140612,45.3530806933509,44.0268839941471,44.5708809487426,47.3017976934974,47.3828453925701,47.7871354874689,47.8276013175744,46.250832578476,46.4595647140189,43.0329610906742,42.6590658280161,42.0945920162944,43.4348147918875,43.3798260098771,43.1638306275934,66.3945681080597,66.5311930933782,65.4192453854429,65.8973752515948,67.0865107525011,36.9450004320609,36.6090617116016,35.0913063805686,35.7904972135975,36.8163825484077,37.6040336488935,29.822048364678,28.8966384989573,30.5362635099339,30.3711124890264,29.3319475132918,51.8231302203126,51.4386892503132,51.5997055420446,51.4490928599414,51.9800745713132,22.6891435678231,22.9021853731178,23.4549881771787,22.6866593305437,22.9316655475215,8.86125202575005,9.76032804008227,8.53866846395962,8.3663182982663,9.65199717137211,9.91970054713046,4.43350010640383,4.5091434231619,5.41354261225672,5.01295482590517,3.75946272817666,3.66048103319898,inf,inf,inf,inf,inf,inf,inf
