,0,101,102,103,104,105,201,202,203,204,205,206,301,302,303,304,305,306,401,402,403,404,405,501,502,503,504,505,601,602,603,604,605,606,701,702,703,704,705,801,802,803,804,805,806,901,902,903,904,905,906,1001,1002,1003,1004,1005,1006,1101,1102,1103,1104,1105,1106,1201,1202,1203,1204,1205,1206,1301,1302,1303,1304,1305,1401,1402,1403,1404,1405,10101,10102,10103,10104,10105,10106,10201,10202,10203,10204,10205,10301,10302,10303,10304,10305,10306,10401,10402,10403,10404,10405
0,inf,2.00192808911048,1.93366155675393,1.85661892324916,2.26873888983124,2.26543286694552,8.98516905052429,8.9039458346875,8.98150214971819,9.10938091438032,9.10580027177616,8.86383090821307,6.2214219397065,6.29360089315182,5.94541423627257,5.96328593028764,6.3633341113308,6.11706124908126,7.62389404258921,7.642602691617,7.43004077544332,7.71936225555246,7.92694434988782,9.09919370128178,8.85898288207586,9.1358835575556,8.73170559065992,9.06684344312706,3.69404518589237,3.63917608103121,3.68048370405799,3.83914084005009,3.73869462039926,3.8736933423637,5.02235405532064,5.1523594097759,5.09103680385708,5.00167013656803,4.97513573100683,11.0406815205613,11.2428394878022,11.4349989923069,11.3042372372479,11.0723044902769,11.0367435699986,11.4002959539238,11.3879723052346,11.2061501713453,11.101734145456,11.4044269761556,11.5385962363824,6.23176024572766,5.86011338867539,5.92827265892878,6.18923625595359,6.19260038966611,6.16776936942531,8.37041367383875,8.38454252620503,8.66048193081806,8.55858158775359,8.28389994927091,8.19795873202757,3.15544724538931,3.34587825376599,3.29088203787803,3.00172814163033,3.11173796701928,3.28596606347084,6.54535411535248,6.72799096006082,6.62441811507013,6.40765022531343,6.51644854878635,7.21912650448958,7.45776116348943,7.29737738693039,7.08708915965986,7.04645504317718,6.08350320188243,6.16260396758186,6.26160911660775,6.16565736688029,5.96351741221992,5.77995036967812,7.40052848197217,7.3926826083747,7.58629657453925,7.62668880767821,7.28490191002818,7.8174138146521,7.84355138605834,7.99330537248384,8.03967142415888,7.87059914156128,7.78770261634091,5.82426901235062,5.88652200612317,5.69067346963687,5.6441698213172,5.79577082452638
101,2.00214555084724,inf,inf,inf,inf,inf,10.9564938835255,10.8102766872307,10.8418980747998,11.0240775741812,10.9763111828988,10.6259997775462,6.61991149133325,6.98939082515267,6.5328722796794,6.47090146768513,6.71109462353374,6.62047512860901,8.62391357047902,8.45986520591994,8.63285310652393,8.76876964978675,8.74610976353405,6.83414154393197,6.79509861165908,7.21584664035447,6.66064171875032,6.98935590577041,5.62655645295763,5.32121694721987,5.4782785901306,5.79166604564713,5.53594652630271,5.7701865418399,6.14255427967784,6.27630366832705,6.31593781040066,6.00463797906077,6.11153045039474,12.8762332554237,12.9995534414232,13.0604574885628,12.9971315073604,12.9390471590734,12.9136547901896,10.2483985294641,10.2475136552607,10.054493214175,10.0305018500807,10.4325054113457,10.3900236736306,5.19059371250896,5.0008613523879,5.16549921752096,5.31990667713805,5.19965676559734,5.20462217848812,10.2653906454449,10.2276479492996,10.3239715136955,10.4254493156695,10.2223303374135,10.0824550161984,3.6129685997291,3.62453624410601,3.88194330629088,3.63638413297383,3.44100645696801,3.46604122589813,4.74007795457634,4.92285124328886,4.95299523985941,4.58920663103714,4.5791116952529,6.97111528796958,7.04599661313084,7.15329858535122,7.12899813072035,6.9899725498369,7.18896052789792,7.05714538115543,7.2998647245345,7.36249544322699,7.09667690538563,7.05745079749312,8.6071978415061,8.43192121589077,8.68509849863258,8.79833739410996,8.58021357576059,9.11745556927808,8.87672362125097,9.1183364740436,9.17620165954241,9.00933508388,8.77654057505137,6.85592206625964,6.85957749357179,6.82651229638983,6.485905631873,6.5586817223642
102,1.93311865891642,inf,inf,inf,inf,inf,10.8727856635525,11.0049353672335,10.9921197561614,11.1825681027303,11.1163434117559,10.7389708970935,6.79771547521868,6.98300616645964,6.62467766699167,6.65689884997957,6.89666522657261,6.80765763586911,8.62126520510751,8.49681072987141,8.57854416630521,8.75538853290802,8.86902617495403,6.98096495134653,6.80021635723861,7.17211877486097,6.71806079904023,7.15767234690735,5.59947636888665,5.59696524274145,5.62014742693379,5.75507050374493,5.67519194929615,5.77245708211268,5.95145590713574,6.08845480540628,6.00338024321153,5.81661678673957,5.92368828565575,13.0047846279426,13.000085840317,13.1072389428596,13.2626366995606,12.9209046218786,12.8898451495451,10.4280685222591,10.4326426497903,10.238242904605,10.2165993817343,10.4580744381465,10.5754157752544,5.2587199672701,5.18644520385924,5.35090803366174,5.50679874278149,5.37777156693373,5.20391240382253,10.1083415930924,10.0448432604515,10.2421927890464,10.2846609119347,10.1000825382512,9.93992626635625,3.48760475527115,3.46123341462484,3.63796400431985,3.38367051327761,3.34329988035553,3.31532778997291,4.62508231719477,4.96893384031767,4.80528405462442,4.60202336333601,4.57069321759718,6.7805237450452,6.72395337590832,6.96398043045093,6.94719135322819,6.60447122685104,7.0386502524834,6.94051092295321,7.17722677922523,7.10902554239647,6.90782271615044,6.87924487751387,8.34082221368254,8.31169192267864,8.56267537861911,8.5826750446797,8.21396675404174,8.74816903571961,8.79192915932158,8.93011449950181,8.99460168174189,8.72082011649762,8.59320428005852,6.48245054156988,6.85006362640251,6.6416285310864,6.29686961003007,6.47070250930596
103,1.85683076865564,inf,inf,inf,inf,inf,10.5885677460617,10.6857504683237,10.6924241314182,10.9168240027046,10.8377882790848,10.4558729856432,6.55735002436476,6.65263446672574,6.54950519099341,6.32001085294691,6.68634080274511,6.60832342285483,8.43936719226666,8.26712347575332,8.25818001920267,8.58611593997382,8.55260197237107,7.21864671653037,6.86862229518641,7.20920632548025,6.84845980346737,7.18277891915934,5.30060478916651,5.24501643872261,5.28715797107829,5.4465820777964,5.34743397153247,5.58448811392522,6.06897568580229,6.19032142032999,6.19874808192849,6.01944389021184,5.99971513222548,12.8887662208157,12.815395719716,12.8667639115832,12.9087798536014,12.7588954493694,12.7366306667261,10.2080125105697,10.3495750308112,10.1828582737313,10.0340488678665,10.364848597729,10.3845829685498,5.00975313075986,4.82560657834808,5.14640466259731,5.16541399564924,5.14490592622506,5.1505310457506,10.2093123903658,9.85440868924009,10.1301181565281,10.3624366119061,10.1141963328729,10.0101708572371,3.52225924943095,3.58739489054895,3.75795597814221,3.5766484911234,3.33696993769561,3.42245629355296,4.93121387677305,5.1139159959775,5.01131280051327,4.944830542859,4.90705057975985,7.02778652206927,6.91987742667452,7.20531120686012,7.01111260611394,6.71010582946209,7.06072617692423,6.9895227606606,7.2086702747857,7.23014037524335,7.109726046818,6.93938730679143,8.4687364990186,8.34028000178441,8.6249118626326,8.64968518383904,8.46537775785616,8.86287356139316,8.8686159579573,9.1714117127509,9.06686863184295,8.89875946327017,8.80369514792844,6.59411789776238,6.89219218941337,6.9007637731453,6.51961770612816,6.54694118070047
104,2.27173576819209,inf,inf,inf,inf,inf,10.8052544661103,10.6976307192709,10.7496358315905,10.9174377308008,10.9126248951512,10.7297946180904,6.54411226374752,6.60746279250598,6.34041439407725,6.47266420003828,6.52659541856731,6.43153796745627,8.69884535297965,8.51057145632605,8.37897398606222,8.66029969822755,8.77979713963826,6.80385129381084,6.81633962366525,6.88049143207124,6.63758292790278,6.82226121770325,5.50544769443668,5.3188667627471,5.67542745638308,5.86356987150924,5.44799352742639,5.84287306980789,6.33504903656786,6.46543843079713,6.49776415009214,6.32904109913945,6.1975954659171,12.9154288691672,13.0714763722004,13.0829195699612,12.9803526114575,12.8195159611841,12.7892086842416,9.93346020638203,10.056126322188,9.86753255184726,9.84025687221095,10.0732572953706,10.2030956415281,4.99989948317061,4.71928450742693,4.98176150088398,5.13152633860462,5.1397407527703,4.83155170154528,10.4489486500128,10.2130652260795,10.3471194653558,10.5983439511943,10.3760747480478,10.2748113352195,3.90676071229909,3.86740935123556,4.06395826515459,3.82510956762893,3.59295797121178,3.64341304152346,4.86322202838187,5.04214761337983,4.89746423699362,4.69354807902427,4.66386752488105,7.15643291389098,7.22041477031693,7.33702246534016,7.19686747763788,6.98307713411514,7.32836860736173,7.22566136658728,7.59392168860079,7.48740756785884,7.37989479989249,7.2106228927007,8.73545624637936,8.60212437091124,8.85495621318364,8.91998325341631,8.75505366968367,9.13221844032341,9.16507764876521,9.308444770841,9.3607296843492,9.19397002537465,9.12214555241096,6.8628887784283,7.04636898343583,7.01052364594869,6.84192214213207,6.84055539723271
105,2.26453593005526,inf,inf,inf,inf,inf,11.0890648364237,10.9729185632429,11.0181060740776,11.1847460772655,11.1525788152395,10.8399209985662,6.9774644864477,6.99193468760014,6.58527325743749,6.666942334752,6.90460613077058,6.8255755857989,8.80385537806362,8.64743511429997,8.64897151968695,8.86360519490139,9.08300123239374,6.66305175242005,6.60653294794137,6.84275368059918,6.64086511836088,6.80323518336747,5.79533177432155,5.60560569813268,5.84579539827817,5.95882262884354,5.72104200312744,5.95095383663264,6.22631145620923,6.37262354834044,6.2521647242725,6.06892750578047,6.05221351080155,13.0650410951573,13.1793739410162,13.392675235722,13.2701003722806,13.1131792855052,13.0855227922935,10.1478555717721,10.3053279599253,9.97494557705909,10.0946446935994,10.2246733619076,10.4691426980805,5.23241602491888,5.05248042245152,5.36385716765139,5.53255394582147,5.3652007513008,5.21048608411921,10.3405717972761,10.2707105408002,10.4545282422191,10.5189554839013,10.3603068087622,10.1837623377713,3.64058736777014,3.78664945467444,3.81333609008073,3.73683103775408,3.57034228156624,3.54835394637918,4.55994129158637,4.65159357456049,4.6148772902036,4.40326470301028,4.38890986009653,7.067440582191,6.97665621303104,7.13067387702343,7.06756251870183,6.88818287738128,7.14595104283158,7.17184086950179,7.32783821470153,7.40916201730611,7.05015275858591,6.97389230804794,8.6298525965819,8.57938933225498,8.79709000002313,8.69241489911081,8.48390129598279,9.0190359495526,9.10305607047847,9.20761432901424,9.12163480027122,8.96042622770277,8.85442488499343,6.75843815824723,6.94020840875678,6.78299716613782,6.47430494826284,6.60403187936576
201,8.98641127999458,10.9548984384703,10.8675964728791,10.5839182861781,10.802598954936,11.0879785848274,inf,inf,inf,inf,inf,inf,5.36254233732053,4.99307341409873,5.26166850421517,5.48304406022241,5.3004526172435,5.04544208471376,2.22369203827558,2.37944897625023,2.39186703298569,2.24744379476674,2.00655890069328,14.9075781274946,14.8789445284785,15.0934015264825,14.7340777923506,14.8000071079548,7.00680603059815,6.99249841466431,7.10941891197861,6.93592875977551,6.86361167414242,6.94486429682797,12.4532613630616,12.5975765129235,12.4856401471975,12.3012460732391,12.4608564103433,2.04277032977833,2.1707184803134,2.22470038008514,2.26936769944736,1.98716940533879,1.95290809643332,12.2500973689778,12.43814652578,12.3220115488354,12.0636502711995,12.2784490916605,12.4876446923398,8.63826526708653,8.61311717868469,8.4548347726269,8.40199808933184,8.7029769106892,8.77900144286372,12.7418454162848,12.7962437680861,12.922982150483,12.7009285875689,12.6221721015957,12.5862192680444,12.0705174377868,12.2070004034266,12.2456334469837,11.8842484327127,11.9082507936546,12.0631233170729,15.5452956955795,15.9667375296964,15.7858703339578,15.5066681115706,15.428563188716,16.0575244818588,16.2172216055775,16.2429906110793,15.973760092019,15.9139319282622,14.2014459228156,14.3806320660189,14.3893998429445,14.1834440625927,13.9897692118871,14.028812948861,15.1309627272368,15.3334737308991,15.3594329521227,15.200999452528,14.989546669957,16.3535644499234,16.4265425179554,16.5408930673891,16.4615300766283,16.3018189785295,16.1908525052447,14.6397996456384,14.8222562213724,14.6720540262638,14.4522664065461,14.6568793416849
202,8.90210505787895,10.8082163001948,11.0009581257518,10.683241547581,10.6942021206391,10.9701512875946,inf,inf,inf,inf,inf,inf,5.15058482543467,4.97355528743959,5.26068138822195,5.48804000676624,5.15803196888304,4.99643033808381,2.19100786157507,2.37331022901155,2.38514930338906,1.99626869576097,1.94374844870486,14.7584893761356,14.829906388864,15.0789840142071,14.5933898748095,14.7681836877786,6.88146299211961,6.86148072743541,7.05995152120148,6.96001819930585,6.73498378283579,6.83215785100015,12.3233088373463,12.4666300123215,12.3651608889405,12.0832015893688,12.4410211600722,2.08882932043041,2.19562701574815,2.39484872811218,2.28405620675928,2.06041027136649,2.02467726704035,12.2616417898623,12.549891706844,12.2983826186176,12.1836367435219,12.2533446346893,12.4642493162152,8.63167892595565,8.56427985446831,8.30847935124447,8.35897254363721,8.51218305229692,8.76292163479238,12.6172665542339,12.6648713435095,12.7956714215043,12.7433475860763,12.346620060131,12.4569959735375,11.8621968558196,12.0774832492813,12.1255087399353,11.754805971454,11.7514118956412,11.9336489645633,15.4577305691171,15.7871262565535,15.5884342270714,15.3923752505556,15.5637742461446,15.9435782027346,16.1163777475102,16.0875047843663,15.8475305467932,15.8161774730477,14.0742677972117,14.266781634333,14.1788680499049,14.0515570713378,13.9904357794854,13.9011872004491,14.9986097435519,15.0346040436511,15.2307002981106,15.0739937372766,14.8598159446166,16.2180396520618,16.2890200226893,16.4048110384313,16.3353312250921,16.1120823884279,16.1656021502306,14.5095538541095,14.6937017847315,14.5548308088567,14.3210725370653,14.5253131706908
203,8.98009470989081,10.8390470852229,10.9886691067642,10.6903412898789,10.7465516097291,11.0157220581816,inf,inf,inf,inf,inf,inf,5.15426275882028,5.07349641777543,5.36375863533586,5.4039024193114,5.24066196150121,5.08780690789489,2.29054561165162,2.47585247731089,2.32821529581495,2.06175123003928,2.03006662418225,15.0094185606674,14.9250268962257,15.0383122958743,14.6776375866981,14.7660962316134,6.8352965528421,6.84305492234612,7.01372885604271,6.89538619813113,6.7008861336496,6.76294223345639,12.4513413267839,12.4413732744005,12.3075934224148,12.1296677464411,12.3869214844391,2.00973005960107,2.1054535113921,2.29522194752561,2.19402297431887,1.99943016735097,1.96320281725137,12.4505398239665,12.6380926437125,12.3964012745928,12.1743475155035,12.5210934693678,12.5645429001486,8.73433881365326,8.65864123889022,8.39188666234548,8.45314084719552,8.60430899081119,8.86402007678354,12.5658414192497,12.6398237787302,12.7496843048167,12.6730970778246,12.3272466698946,12.5973179557663,11.9009326248384,12.061356729406,12.0713579922707,11.7367343785297,11.777265554419,11.9456920944265,15.7122536390792,15.8011142854225,15.6434565454693,15.4344953857951,15.5488629949195,15.9868379666885,16.1892454833474,16.1153921509793,15.8667892715436,15.8823510663435,14.0306904379421,14.1990553160961,14.4082773720583,14.1302044405704,13.9292500725745,13.8599599493546,14.9773169974912,15.0777300371322,15.2681546915989,15.0281402954237,14.8248889008978,16.1860918428506,16.2875790442048,16.3750909645884,16.2779440423028,16.1149131654216,16.0206416091608,14.4775294013755,14.6560549764948,14.4898383486078,14.4520179241882,14.585471436023
204,9.10738900049816,11.0204084957482,11.1783719712036,10.9126642400713,10.9144889118279,11.1815952627063,inf,inf,inf,inf,inf,inf,5.48999489274174,5.13110905164321,5.39878315009343,5.51570199026955,5.43794567015037,5.31125854171085,2.36123976395008,2.51778848073314,2.53026091037651,2.37905648100038,2.24172056273146,15.043994038635,15.0140174844841,15.2307204564343,14.8706219873574,15.1048537581551,7.01646080073276,7.12202198643019,7.36620627046854,7.06065760168472,6.88844058189807,6.9252461290319,12.482903376737,12.6314245375941,12.4846514829806,12.3134078756168,12.561247444459,1.9049788447714,2.03419593578025,2.08727620106793,2.014230165195,1.85520114057912,1.82021611318717,12.3896294890779,12.7422056805846,12.4639113292684,12.2046324820338,12.3349377397839,12.6280223848126,8.77235213578534,8.74531108281912,8.58883920321838,8.68561735231226,8.83205328576781,8.9137280384015,12.7455238508827,12.8297797536338,12.9312257818534,12.8332656241277,12.6019893275772,12.61208837919,12.0904192990602,12.2545594659805,12.2495148951719,12.0172773087069,11.9630881402599,12.1300240784763,15.6665836604711,16.0105877916309,15.9206837234595,15.6030816678293,15.7426799978712,16.1565893730315,16.3245669192878,16.2994617993015,16.0490090447012,16.0268037466427,14.3761864495737,14.3639053450732,14.4067198261973,14.3060310998497,14.0980046312354,14.043449669891,15.2884376630544,15.4587027472805,15.438375120032,15.2292720947979,15.0117064200271,16.3710205834598,16.5287960428885,16.6459534383517,16.4485873458205,16.2822349483185,16.2058136839369,14.6609353899973,14.9897989687035,14.6538144073308,14.6002895211041,14.9686420669627
205,9.10445809821488,10.9735217285299,11.1129870449807,10.8343822395416,10.9102530093121,11.1502635683131,inf,inf,inf,inf,inf,inf,5.34935789891691,5.16737499142761,5.44391910954252,5.52090967747936,5.48283054065563,5.37076242573881,2.38771885877666,2.55966052833456,2.45072814515919,2.24848794120167,2.14731870378389,15.0871292850835,15.0309316308215,15.164713566036,14.9144932272584,14.9561658561561,6.93057642385985,7.0291017731342,7.27026380611985,6.96757494344935,6.8096177881082,6.83171568714837,12.5116644037658,12.5550850166145,12.3958273513084,12.3809019003888,12.4720709287225,1.88530963329211,1.99508741928165,2.07105625591437,2.01786452417969,1.86538318459147,1.82921956796123,12.5702553973361,12.7532639378375,12.4953441262916,12.2512181516249,12.4558191021439,12.6589981329832,8.81655369196531,8.76567313834072,8.63415376657438,8.74903469103083,8.71508762143855,8.9535412730972,12.6590419196887,12.7539073986817,12.8445398362624,12.7392183613786,12.5103147992312,12.6521946034544,12.0092384044243,12.1838313353827,12.1622402173733,11.8545477924167,11.9112633445795,12.0785760261709,15.8325441514601,15.9377962133908,15.9785143594905,15.5692973779729,15.6725905257966,16.1402569009107,16.3154042815089,16.2486196169414,16.0008680204993,16.0125176594268,14.2800587432864,14.273083553883,14.454156168397,14.208537219111,14.0064667438602,13.9604741997927,15.2878839146948,15.1907460617496,15.4029854280929,15.1224228537916,14.9328685688082,16.2975944536091,16.4142769009754,16.4846892458377,16.3633872030697,16.196150201293,16.1346112624264,14.5889592314715,14.759599095821,14.5676104783526,14.5057602509923,14.6684665836479
206,8.86384404870236,10.6211318586051,10.7332213636357,10.450615239753,10.7269536030852,10.8347906600347,inf,inf,inf,inf,inf,inf,4.99399431829455,4.8010020517927,5.06384052089624,5.28201114618111,5.10352909406899,4.96825804299815,2.19367805138914,2.18294842674,2.19334870660679,1.97969075942107,1.8548958818428,14.7081094234819,14.8274297180752,14.8967324153426,14.5461621305974,14.6110804445633,6.92784900128091,7.02845776769872,7.10348331348797,6.96975024434264,6.92949629910652,6.83495297058261,12.517279891606,12.6464988492923,12.5866489227096,12.2165037535806,12.4671836529927,2.23795920299289,2.53072490205804,2.41914617517315,2.47168814798419,2.16738659385208,2.13486496875884,12.048940703,12.2375582381842,12.1349866062422,11.8617305486141,12.0880423081162,12.1916060102895,8.44070641508758,8.44765885380626,8.22588660747477,8.2232179463064,8.372028343733,8.58375972370297,12.6557115148085,12.8455730711819,12.8412003006784,12.7436435925873,12.5115227284055,12.6601249772382,11.9894085205031,12.2462362352171,12.3412322473905,11.9216998473332,11.8422475518967,12.0835450603127,15.4407734848551,15.5636686685707,15.6054156867888,15.2521852033188,15.2905308807399,16.1974402673586,16.1617085362694,16.2788729324346,16.051391687966,15.828773926582,14.1277081612172,14.2791918031772,14.3064522749916,14.212945571551,14.010845619112,13.9626595890482,15.1704588826096,15.1595148684466,15.4927331626239,15.1280475490721,15.0561569342428,16.4182996925726,16.4418805315756,16.5934860880043,16.3658903385064,16.1444466189341,16.2736340708176,14.7035789526768,14.7510434739829,14.5602772077592,14.5239537497077,14.6727265004416
301,6.2194901366046,6.61759406857418,6.79592624331883,6.55634438736689,6.54616290654791,6.97729361771706,5.36065374450021,5.14795641032034,5.15100033055987,5.48861503096249,5.34834511455259,4.99213138411362,inf,inf,inf,inf,inf,inf,2.95918753437661,2.81657179023725,2.79970295924941,3.10101131634946,3.10169562615254,9.62428092893303,9.69653445364803,9.94047786676342,9.57850809735329,9.61999445600769,5.90966823464706,5.75016366365094,6.08744039154861,6.12488003679635,5.66778052426621,5.99362905869242,9.98860948184889,10.0016126429245,10.0077484948727,9.82873246962661,9.80910431227307,7.38502252106468,7.34356950528218,7.54602345236273,7.43239732957301,7.27475209622309,7.24759278525409,7.76697926613167,7.84935063738933,7.70196209208556,7.60837750743988,7.660184717578,7.86340451324146,3.34876750695773,3.61219713672465,3.28259041688244,3.21175903081406,3.36469225651499,3.61011302162471,13.2862564936515,13.233654060883,13.4793816458986,13.5371313921381,13.1513526023392,13.1393518228502,9.32749979206084,9.59575034847864,9.49634663358141,9.27373113629837,9.17491001239664,9.33026407230363,10.848688042316,10.8366021749497,10.9998118982871,10.9894482648027,10.556951125869,13.4408698077259,13.4818085174244,13.4971205644767,13.2984750927758,13.2752093908424,11.4556779719353,11.6161183596833,11.6357764944008,11.5539696944585,11.3540356235569,11.4648701218218,12.5214104880235,12.4954748772568,12.7014738690152,12.4550876393351,12.422846841154,13.6014342480002,13.77633579149,13.9403329342979,13.6276059363679,13.5309074994452,13.4368188488837,12.0674201627732,12.2468472468462,11.8995917872739,11.7003690474971,12.0155331537967
302,6.29216588568329,6.99012745455138,6.98054844412069,6.6503963995089,6.60854477437655,6.99064100104493,4.99159270103242,4.9711202827787,5.07102934917977,5.12978954532462,5.16475872901537,4.79946505719085,inf,inf,inf,inf,inf,inf,2.69147697416975,2.61347851712634,2.60684834319348,2.92757312365539,2.90595598936345,9.92766781201181,10.0458707890719,10.1108857977367,9.66469956614899,9.80505914130052,5.84523981078555,5.81387757674745,6.19076491222105,6.02866861246029,5.69560550418335,5.80040283876849,9.91090991983591,10.0505365195382,9.96000468584461,9.92600603221211,9.89742006554786,7.03557458884661,7.15981504712089,7.38367923692759,7.25522493337954,6.98226754119008,6.947967076956,7.82268764236166,8.00940317070226,7.88676565800291,7.63402374183488,7.84341411392737,7.97209529972739,3.64406672823434,3.61251039745493,3.37812379540158,3.40349788998672,3.71687379769613,3.78308598856168,13.2454619985149,13.282896365719,13.4218280049538,13.4516171217261,13.2199737040577,13.0807825356517,9.53299408619047,9.65021131240934,9.712744827868,9.33498427431109,9.36474268747229,9.66934357119724,10.9066356531967,10.9459496055784,11.0727960389826,11.0090401653797,10.7452254488254,13.4926321127072,13.7104693588524,13.880258301057,13.5131068047595,13.3154568780654,11.567567278202,11.8662950087388,11.8473675066454,11.6226786416228,11.4239100963873,11.4895796660856,12.5819096046521,12.7058853271546,12.9434276562226,12.666924232769,12.4500585629018,13.8032690295454,13.8585354241427,13.9872479599819,13.9264364105112,13.7734999052219,13.6462454750385,12.0970682098291,12.281264727774,12.1508116565411,11.9104607216292,12.0964295437872
303,5.94431460502135,6.53218862710448,6.62433146018968,6.54995531967321,6.3419184525153,6.584847375804,5.26080260472274,5.25873721026114,5.36173163619181,5.39821818221944,5.44190249483334,5.06294964729306,inf,inf,inf,inf,inf,inf,2.95090960026429,2.8848273663725,2.87057017757239,3.06896386945138,3.1345045181145,9.65318163218275,9.63352993345829,9.84149949583359,9.48045247570035,9.70590994469442,5.71619871489767,5.54707831393001,5.79217872501358,5.76260012694927,5.58612206202849,5.62733758682162,9.80854251045146,9.80043549201124,9.81396920479419,9.64073199685819,9.61371461209407,7.29919456033339,7.43436508374952,7.47933059311603,7.39951111219422,7.23912589477362,7.20489648838266,7.81643723294033,8.18706712587486,7.89798184257411,7.63375185605874,7.75472712205268,8.06600637543025,3.37398381312737,3.35621874196692,3.19103856949562,3.27989102222943,3.42814428143561,3.51655023208799,13.0953749101604,13.0260186008924,13.1927417400192,13.18537162596,12.9535758294093,12.9589578320738,9.13902657515854,9.29962717163629,9.300416656251,9.07031706791945,9.11492811141044,9.23165425109612,10.547178646402,10.6527807958326,10.7994687373012,10.6074688615348,10.3831299107181,13.2453461855199,13.2957236838489,13.4246701741465,13.1086657087209,12.9477792370334,11.4334167596089,11.4197652569813,11.451546753986,11.3550837829982,11.155504225231,11.0983791953014,12.3210196859811,12.312065840785,12.503716150941,12.4435696211154,12.0645869850775,13.4172485494466,13.5778093142321,13.7367214155309,13.4985021621898,13.3324397965826,13.2518127346338,11.6988423553473,12.0431759559892,11.6959285024213,11.5165288112527,11.8163204116973
304,5.96684794965567,6.46862412168778,6.6552323033816,6.31845065424991,6.4743372991111,6.66617140174383,5.4834901237474,5.48698102297304,5.4077987130186,5.5198068531501,5.52477124169509,5.28249388767476,inf,inf,inf,inf,inf,inf,3.13138982334365,3.01051815108021,3.08650233955689,3.26465994596045,3.3770668637921,9.44251454983861,9.54067520585251,9.63356750014893,9.45843260182737,9.47910007916169,5.96159540829542,5.76302874066232,6.13105619411379,5.97656955786453,5.64690191294844,5.84071791762287,9.85741988334177,9.99624870123657,9.90486381465788,9.71834141970295,9.83650258207803,7.51715288492548,7.51844680948643,7.69182778588909,7.59571634897244,7.4345460607173,7.40325913359145,7.60066216523976,7.78981676669319,7.70473173587054,7.3291641749724,7.65433083991925,7.72352774111851,3.16625347445411,3.25835862581619,3.15925907166885,3.2341124531981,3.20565286342508,3.31073713568526,13.1801742376102,13.2173727292469,13.5217590988815,13.3933577319333,13.070692182097,13.0162075455868,9.21378103804137,9.32965134428994,9.39291763740421,9.00851514962005,9.03864638233335,9.17453498784908,10.5805649860168,10.7249215798633,10.9176343673277,10.6849210011309,10.4202688588374,13.1672272554773,13.3801378466335,13.3493858360551,13.0663626534027,12.9904128092422,11.2300758173519,11.3615343016117,11.5217464986647,11.2950404798754,11.094690347504,11.1637462571596,12.2507434786223,12.3762087499099,12.445677123149,12.4991233056956,12.1205764059533,13.477058372404,13.5267753843396,13.6604842239069,13.458556105861,13.4437779028879,13.3199931906787,11.769896841994,11.8776677627251,11.6634491557544,11.5834010758399,11.763900136505
305,6.36131876954857,6.70975501194272,6.89598817482666,6.68628692824556,6.52795065197026,6.90283483972653,5.30053180181954,5.1551301581598,5.23797014169602,5.43818504815472,5.48189727945327,5.10199527721758,inf,inf,inf,inf,inf,inf,3.09128475971775,2.91874466710305,2.90958857174705,3.23775542760096,3.20304194416471,9.61693265622764,9.5882831532494,9.80192014358783,9.44390601212254,9.50588758128192,6.0327675623986,6.00955698088615,6.210424602469,6.21904091352086,5.88295674118357,6.08343264244461,10.0987111369976,10.2419610472731,10.2912916280091,9.95162582516125,9.94560048535623,7.34156487809273,7.47538046825787,7.52375003938462,7.5661979393879,7.41522348386793,7.39202688452664,7.67972609728377,7.6992437517201,7.48152067084758,7.32154677904848,7.54219895287264,7.74521227959098,3.33380392029295,3.30737318461537,3.15051841165608,3.23963272035748,3.26688540930374,3.68567294869067,13.577482812923,13.4677466024655,13.6022405437354,13.6340827671668,13.4172858073774,13.2527495871498,9.44649663094896,9.74585630711234,9.51349423219298,9.2607721225962,9.27708805769541,9.4163152159056,10.9955658152519,10.9544947347111,11.1650228023698,10.9497960966367,10.6586305496796,13.4115879971189,13.5040106300629,13.5939095423091,13.4303644396747,13.2323874307104,11.5740747168134,11.6028179929216,11.7540952015499,11.6950335960129,11.501812937536,11.400868671203,12.498939694374,12.6119425890828,12.6900841996764,12.5776475340993,12.3608113704747,13.7115634198759,13.9121735380138,13.897209344152,13.6989398726602,13.5333705545118,13.5514346740952,12.0020754277469,12.1867843080992,11.8974564714939,11.8104544267491,12.1532383992825
306,6.1144380090973,6.61898859567598,6.80828642585097,6.60783521756099,6.43242295056753,6.8247944330161,5.04795078638334,4.99858736276313,5.09004041987381,5.31096039716439,5.36872723372676,4.9648761415152,inf,inf,inf,inf,inf,inf,2.82283755972086,2.74864899267967,2.67999418398719,2.95104240747234,2.99968155042262,9.7566944342965,9.85353343737221,10.1204152254462,9.58786280361176,9.78296156040782,5.67973702977436,5.63856132616387,5.85600494594604,5.77572742758074,5.52585266150763,5.71697065329138,9.74430134021879,9.88053777575143,9.91723462233498,9.75479794922523,9.87300904815484,7.20651295418452,7.35968344564213,7.37721229252244,7.28133947556057,7.11994774121662,7.28575612232105,7.91390646486982,8.10639250826343,7.87079771469999,7.73928380524785,7.82901579250746,8.18584861159513,3.48012682851315,3.57329582872674,3.30065758243935,3.36574055684548,3.51804730346781,3.78983300342055,13.0825566163043,13.1069032208167,13.25255193838,13.2729914469938,13.0488739623416,13.0782759014293,9.25492468242612,9.47212269631673,9.40509865031625,9.16002708536241,9.19368246791072,9.32527521621788,10.7318045776589,10.7750602728062,10.8974300915186,10.8429360142798,10.5087468344186,13.3283993237499,13.4034635917934,13.510852307342,13.3592845794321,13.1512726180135,11.4994362330159,11.5137521760329,11.5684516840043,11.4506517216875,11.4337152414429,11.32669915715,12.4098376372768,12.4305707200241,12.5990960955911,12.5034533845048,12.2837295023581,13.6340395515566,13.6834341529297,13.8153307929629,13.7713484806763,13.4322982344267,13.3710949842077,11.927714534916,12.1128590359497,11.7917576638939,11.6391303844137,11.922160558159
401,7.61999748583586,8.62318832706397,8.62019543470742,8.43843358859728,8.69462781592749,8.80264430481659,2.2239227713681,2.19044903585293,2.2898871630607,2.36092575986168,2.38714278225485,2.19288281866142,2.96045336642499,2.69192050761982,2.95079984603324,3.1310836197079,3.09243561339338,2.82223595776135,inf,inf,inf,inf,inf,12.7059840995544,12.6509959231278,12.7831984030448,12.5330121178959,12.5787355101877,5.68230900405325,5.95515816508683,5.98509398083916,5.70409061809045,5.65072123836849,5.56812624454311,11.2414051270954,11.591968126333,11.1524148072631,11.1005872233057,11.2172242545924,4.27517676462655,4.38287955782081,4.46118239235116,4.47233144610497,4.31479036979692,4.28743393984828,10.4497675837816,10.63385277974,10.5856015313084,10.1305476390004,10.337296140145,10.5405952019681,6.42616411393445,6.37611760140381,6.2432726265815,6.35422636456106,6.33068827561131,6.46774530396408,12.5130005991693,12.3413778407808,12.5520690495278,12.5751594655127,12.3543848436171,12.1995717575526,10.8639250132253,10.980187967059,11.0709818527601,10.8496770043144,10.6896101125738,10.8236904778786,13.2635720464862,13.544433375037,13.4183683818853,13.1710720735695,13.1830821909269,14.8254178346915,15.0395114026103,15.0079736995996,14.7088258059774,14.6514241192404,13.0059725451715,13.0221756944608,13.1840579082876,13.138679687043,12.7560561178149,12.725810704404,13.9136398448094,14.0366501943413,14.1042327790516,14.0078389940309,13.7837235640809,15.1369568002606,15.3484670527377,15.4512478837272,15.2158354275072,15.1246239011776,14.9794768744435,13.4183940385692,13.6093119978658,13.3064290586981,13.2322547814649,13.5751762530082
402,7.6405634669554,8.45886874081672,8.49583625653276,8.26592883467362,8.50623609690085,8.64634258968862,2.37966275093876,2.37251984483622,2.4749603513507,2.5174126885332,2.55886036845315,2.18319167393022,2.8181792976112,2.6143339670262,2.88554897498249,3.01108262790357,2.92002671861306,2.74891137776238,inf,inf,inf,inf,inf,12.5302705730635,12.5080131000918,12.7178998707822,12.357162945877,12.5890712998223,5.76749449758456,5.88681007959778,6.14219991889706,5.7198530150745,5.63236429201875,5.68806397725326,11.2305664419986,11.3779405964446,11.2456519989485,11.0673350057748,11.3189674113328,4.4211651670382,4.55348212815927,4.60203288816291,4.52318554649494,4.36280454929613,4.328575769689,10.1397292744621,10.5061633414899,10.2183092003298,9.95575921131827,10.0837953277829,10.3851618193943,6.25365192890384,6.23378623910286,6.07039744268408,6.16434987967725,6.31112541922961,6.39575585239556,12.6006414818888,12.6726610959905,12.7852044245416,12.6999340953282,12.4659322701102,12.4570195341052,10.9540048687168,11.1401005534219,11.0036770493529,10.7742054616481,10.8273461472056,10.936232903321,13.1705831563596,13.37776955569,13.3139879401877,13.1211586909856,13.0571834017401,14.9600044467176,14.9969825638401,15.1363657312362,14.8040328287854,14.6340015330702,13.160846199818,13.1343619748544,13.1582826014925,13.0760138357876,12.8677767812128,12.8020206814099,14.0360373767167,14.0098141582935,14.2137073398926,13.9668188651448,13.762952877965,15.2094029833784,15.4188606063771,15.3599072976702,15.1754904037139,15.0381820614932,15.0994003603166,13.405527626535,13.5840999572603,13.4151802398431,13.2206480438115,13.4397516569716
403,7.42789208334789,8.63227585496016,8.57716520291293,8.25721763320819,8.37591153766814,8.64625274606183,2.39290464563907,2.38513945352918,2.32931430913653,2.5303054266048,2.45183149733472,2.19459671032961,2.80160302929703,2.60868521915093,2.8711273886401,3.08758126182493,2.91081242111141,2.68013930253022,inf,inf,inf,inf,inf,12.5222759220268,12.6223553464894,12.7114556928862,12.3415813389677,12.4180046207561,5.48934963659246,5.57533895964261,5.66075817743154,5.51264605148743,5.46560308745259,5.37652907293883,11.0565080297225,11.1919153594139,11.1136612191024,10.9269725317182,11.0249421667116,4.43076012117797,4.44935067260213,4.80790030305099,4.67102486737799,4.35949768334336,4.32693766792725,10.4039639752946,10.5929551544948,10.4920911778978,10.2218088432901,10.4490869560475,10.5412584636735,6.24519572635969,6.35107483151179,6.06128358905379,6.02715552345634,6.30085067749239,6.38849570953135,12.1871853512681,12.2143216652567,12.5062652478711,12.3873723257212,12.15966179913,12.0188701306621,10.6822023904023,10.7863346906911,10.8629315060476,10.4638190514476,10.4064755009593,10.6279854402486,13.1868797386289,13.3689800272665,13.2713599231399,13.0545553902032,13.1481659783267,14.6371061860119,14.8627288992212,14.814889247963,14.5162075163612,14.4617218931327,12.6891596843129,12.8257217405297,13.0020036399466,12.7605831784011,12.55909611202,12.6402376195246,13.7195907518095,13.8560298580298,13.9108184469009,13.6859396697172,13.5953475189337,14.9540636227128,14.9942421675477,15.1346576364624,15.1031710507407,14.9343522262241,14.8015552718717,13.2291851030994,13.4135285601539,13.1138587959353,13.0447659492816,13.2139649729206
404,7.71890382832433,8.76823862156699,8.75430773011625,8.58537269454868,8.65699112111616,8.86044662356352,2.24661043664743,1.99584962952222,2.06132121940591,2.37719463897745,2.24802180827204,1.98020258968876,3.1021618070848,2.9288402224191,3.06831473564143,3.26396074316256,3.23882636260233,2.94990122490665,inf,inf,inf,inf,inf,12.7167629600462,12.7902571535698,12.9075721007891,12.6798538742506,12.7218020495107,5.74813679542831,5.87373046487458,5.9266210169153,5.68224397038312,5.60884527600777,5.55032167278575,11.2016303793597,11.4995504290634,11.2244972915698,11.0438896214808,11.3020117419154,4.27421697605774,4.24445586467286,4.43953861182328,4.33084892230362,4.17162461934618,4.14305173244182,10.5807759865458,10.7680002729248,10.5181235784966,10.4180255855808,10.4814140518368,10.6835936580834,6.44548516022321,6.51499798429718,6.3897800467195,6.31407409758589,6.46715426349329,6.58975557279704,12.3051722739878,12.2488628200716,12.4917803900217,12.5501303487864,12.1734786492282,12.1557770744311,10.812314907645,11.0962874487933,10.9830128312432,10.765097064016,10.6565991992522,10.8104887328408,13.5107260866027,13.6903478236139,13.5524735074129,13.3438044385624,13.3188670480932,14.9453267108085,14.9803381299009,14.9829084881666,14.7898763420913,14.7828893355101,12.9526714551926,13.1171002287151,13.1332157400829,13.057146628804,12.7410626663631,12.9739619453003,14.0207908112181,13.9879657691085,14.1984583529972,13.9478026939295,13.7409923714852,15.0971093815421,15.2735096467553,15.4422985821318,15.1948569752592,15.0312595463154,14.9330035127688,13.3779742532211,13.7347670649394,13.3960635077207,13.1913315460102,13.497164333884
405,7.92604063292139,8.74540838235541,8.86805093277731,8.55169847737562,8.77622188387772,9.08214583334734,2.00679615407557,1.94334554586192,2.02970434196368,2.24139904467657,2.14692724943901,1.85514732124927,3.10321805952898,2.90743395810035,3.13530968015849,3.3780960127468,3.20423300093609,3.00001876845248,inf,inf,inf,inf,inf,12.8113527148992,12.9136682632866,12.9997047076734,12.6397134307802,12.716992153754,5.9543112650873,5.95656918782093,6.13307811522313,6.02405380021843,5.81607979818557,5.74552639287403,11.5851521702022,11.5685593739442,11.3442169730246,11.2505512388956,11.5095214133038,4.06260753318366,4.1438604326597,4.3170823146285,4.37698229242377,4.23243818288756,4.21266937495002,10.614446474498,10.6050800470182,10.376904228551,10.237664891459,10.4704313742013,10.6717373487653,6.53653194779122,6.64314107252724,6.35439661174372,6.43139371127743,6.48635562679291,6.68384061999094,12.5166417505617,12.5837895400249,12.6987231823469,12.6357959174624,12.5420265772375,12.2850450320825,11.0180534946416,11.3003379390714,11.1930087921766,10.9713086750547,10.8568816829259,11.1352119341821,13.4834046273729,13.6640613298447,13.5854766797509,13.3715135457373,13.4384479692971,15.002258704502,15.1084060717573,15.1826346077414,14.9991047780021,14.9857305214886,13.1580737122145,13.2056532149957,13.3388542720147,13.2639799057476,13.0647052708922,12.9862672991637,14.0976781689033,14.1932408592564,14.2886142734982,14.1539369087895,13.9469828033761,15.4815930602098,15.4811098860338,15.6198913122976,15.4159442936775,15.2998944235093,15.1376603707454,13.7574711359585,13.7711493459014,13.4911945529751,13.3946990929622,13.7048162121744
501,9.09863611545735,6.83384298194004,6.98141898666004,7.21849732442596,6.80349864364782,6.6634030958478,14.9219152574248,14.7570059620015,15.0270915710615,15.0588117786103,15.1047188911818,14.7224787600342,9.62447565562638,9.92809329235133,9.65566798866247,9.44480663168904,9.61424007964618,9.75984408631553,12.7099285700228,12.5343777466758,12.5221511012642,12.715464859089,12.815833640279,inf,inf,inf,inf,inf,12.1971789546346,12.1193995422029,12.3035012784004,12.4602849162667,12.0910496004995,12.329395043367,12.6088069202542,12.6500361996555,12.7098021498391,12.5483690890842,12.4729937057149,16.9589987483955,17.0973123610875,17.1376733140699,17.0538836966686,16.8929421635918,16.8592621084217,6.90399969791331,6.76600252357149,6.74830890702285,6.83085625164079,7.05668001750504,6.92387451789061,6.27885906671164,6.35333349384555,6.46228244548224,6.39816634412884,6.24610255775839,6.13906789024618,17.0347001749736,16.8826309956726,17.0572605490766,17.2066492609193,17.1251524824576,16.9417071233921,9.32652111823871,9.35981893332313,9.49444076229813,9.43951819184172,9.15457460479402,9.17574294963277,6.93669183769189,6.65313192626723,6.91908454866449,7.00034478847962,6.7723034360438,12.6488097110507,12.6964303630571,12.8277279979311,12.7878722106291,12.624072293627,12.902051383194,12.7712758335315,13.0142729541826,13.0998939303835,12.7634310655489,12.7040536068778,14.2018239469453,14.1885129676753,14.3836453886787,14.325782593871,14.1071562477368,14.7525208065534,14.6412280223965,14.8024631587762,14.8367539550264,14.6710002484468,14.5870374260427,12.4870254358946,12.7132113495104,12.4876320046575,12.3036657534705,12.477992445779
502,8.85919880000915,6.79386351067197,6.80014415406011,6.8681439088078,6.81521342287605,6.60602588867208,14.8927367330395,14.8469613750383,14.9421358537303,15.0283272913699,15.048010310493,14.8252907218098,9.6916565179884,10.0465120944229,9.63569968801188,9.53581101181975,9.58378265933905,9.85475562058887,12.6524973874288,12.509274154356,12.6288811968764,12.7919665293428,12.9228093858257,inf,inf,inf,inf,inf,12.1142032717927,11.9260148636606,12.1558324062825,12.2755044668777,12.0572190935324,12.2776977367089,12.4179401963911,12.5191231194837,12.5451649036782,12.3933033820269,12.2783211694286,16.9430965755807,17.0413297505103,17.1290820573766,17.1242146169776,16.964744566508,16.9356416769847,6.97993028263341,6.96356822098137,6.9491048200336,7.02651501615477,7.25873203312803,7.11412445137987,6.25987343104379,6.27797634957642,6.43420009344886,6.48393679095742,6.33111516288554,6.25321384122701,16.9920831888775,16.8227657431053,16.9606318201228,17.1412069774646,17.12222488222,16.7595561982441,9.1674874425331,9.14438797280341,9.32259409365422,9.28770821565712,9.0153097036882,8.99822524549404,6.56022613488402,6.45362807668295,6.72182349160518,6.81137387969375,6.40556078156471,12.624250657167,12.5006837761174,12.6217002404495,12.5951177200573,12.2685437226085,12.681593585811,12.6174340920541,12.8577589356309,12.7653726265397,12.5632434994478,12.5156156018242,14.0037545639472,13.8688568852333,14.1873607578394,14.1319710273986,13.915217717214,14.4425099388121,14.3733432776969,14.7652534925421,14.6443857292063,14.47722796982,14.3647502071501,12.1466365269085,12.4840009525117,12.2933961352355,11.9635630742854,12.122155785544
503,9.13588512569756,7.21434780281218,7.17174063068084,7.20824772220899,6.87902399367912,6.84180313383747,15.1074337592414,15.0961436000849,15.0531167243387,15.245233796307,15.179590590846,14.9108651805942,9.94026352721376,10.1115711268418,9.84276195654816,9.63439331806504,9.80217047542793,10.1208261889649,12.7799499274214,12.7218982131136,12.7092965628569,12.9045488246589,13.0125640050392,inf,inf,inf,inf,inf,12.3671961173972,12.1790234939767,12.4920504162175,12.6505474333831,12.2743469136893,12.6893323763169,12.7009882697327,12.7720852550116,12.8295051857934,12.7017690241214,12.5548234563588,17.1463336136598,17.1712541658523,17.5103289518469,17.3746401279548,17.0820520892312,17.048679767566,6.92678232421259,6.94171955956647,6.74195501942419,6.90153795533648,7.24533798571988,7.08063358684504,6.46672228668008,6.39438851448796,6.65013402258286,6.74338106534592,6.43701495664724,6.32502788061406,17.2157003932974,17.0603450196477,17.332996687514,17.53716644117,17.3119483904109,17.1282995133576,9.46873993961012,9.42313846221479,9.6079810388675,9.61177051558623,9.34773302465636,9.28633751959946,6.8679632753548,6.90430644684695,7.03383219952679,6.97027470555859,6.70675224961929,12.7455942505642,12.6750916711061,12.9223415373293,12.9253324251046,12.5684438309842,13.019405661176,12.9009205217856,13.1598282427123,13.0776213926259,12.8783577906989,12.6693856340426,14.2361417602757,14.156941875271,14.3924614315877,14.4102148154479,14.1924081127576,14.7059571923953,14.7600396026104,14.8899685254785,14.8278072413894,14.6734993325155,14.5485135906567,12.4426654367313,12.6268344654283,12.4938995656367,12.2559570599199,12.4408860184759
504,8.73020885982061,6.65994165024159,6.71860698732328,6.84811668365557,6.63683143125246,6.64036838754999,14.7484433322527,14.5918848431199,14.6761408310285,14.8854690891816,14.9321149047448,14.5426675514904,9.57503114683071,9.66532727789099,9.48266977196689,9.45558061943433,9.44091844091477,9.59074711974304,12.5368694834654,12.361181475758,12.350868538582,12.6837147329092,12.6441101304206,inf,inf,inf,inf,inf,12.1330332075136,11.9559042957484,12.1297105775949,12.2836161502198,12.1034650409756,12.1560528416495,12.4883610533314,12.489554672495,12.6012384214774,12.4094712798753,12.1868470066187,16.7863832436756,16.9243786226435,16.9671344722379,17.0121361054747,16.8625587165265,16.8401055929403,6.78001080360663,6.6716059386654,6.53207944481363,6.85890727810974,6.95753112406948,6.93769040551064,6.10599402348411,6.02261743815463,6.28923939383339,6.23283178035207,6.23000281029611,5.89171331080101,16.8612706650336,16.714504222567,16.8961625923144,17.03450537462,16.9552865909033,16.6728245187461,9.19673818401854,9.23561542932633,9.39430000230922,9.27460882386099,9.01533191411452,9.07179099222526,6.63835023092246,6.59892477418715,6.91665205424901,6.84000476925332,6.5783436156021,12.6177152419716,12.7099326532447,12.8000134283124,12.635301436742,12.4384894345567,12.7512624900129,12.649422176952,12.8841833802357,12.9237162183216,12.814220007249,12.643444791751,14.182997339809,14.0196802460112,14.3741393910553,14.2608477156602,14.044468651623,14.5794000539627,14.4976470777878,14.7658450465232,14.8366605143278,14.67104571907,14.3974597931649,12.4708730748874,12.5515245482773,12.4788001840658,12.1231037917198,12.2778386845049
505,9.06599399780082,6.98816933344444,7.15727565237487,7.18195589626454,6.820839852783,6.80221551728285,14.7963968974486,14.7670429244752,14.7667164128964,15.1117496439233,14.9714265322663,14.6075687066325,9.61907870834052,9.80514659279984,9.70702250730565,9.4800207868652,9.50557117574639,9.78485463531628,12.5778029994297,12.5997763613361,12.4164489876792,12.7208719957308,12.7166185712426,inf,inf,inf,inf,inf,12.5013361215081,12.1269389881413,12.4618085758516,12.6358149262252,12.2423835441848,12.4752903828062,12.7059611424685,12.6468017967537,12.8795944176307,12.7006337630566,12.5345119482467,17.0089915741208,16.9607048091745,17.167007648189,17.050492694357,16.8939928287522,16.8677641466695,6.70813464257391,6.55219217151671,6.49649128517261,6.63897482778494,6.86070037750255,6.88549595703241,6.33554178206983,6.112383738755,6.35309536948697,6.41362526624534,6.26270797179279,6.02201975743137,17.1099970634143,16.9917753523069,17.1869012232227,17.3426375289079,17.1567950021395,16.9734927535035,9.49130049332232,9.55482662651919,9.66963727378409,9.55601568443078,9.30686431151096,9.39010205775142,6.96251518523,6.95819620385796,7.11660766661913,7.09812625926272,6.95442015811489,12.8399487399926,12.8863703445397,13.1816293489005,12.9773838340105,12.6717772927389,13.0383923813146,12.9340611245052,13.1784279788583,13.2107733220991,13.111760852475,12.916417478773,14.3983182186815,14.3790155865512,14.5803919495964,14.6142595193761,14.2941960148583,14.8257412923209,14.834813276837,14.9942091686137,15.0312826759134,14.8660445364827,14.7762021952626,12.71722104709,12.8324389929296,12.6832897600219,12.4897821770912,12.5658660621778
601,3.69308633134969,5.62638820194934,5.60041551170502,5.30088394946057,5.50319494261256,5.79514945883505,7.00804419259947,6.88303421123188,6.83670673642576,7.01798464441224,6.93194128644324,6.92986417060512,5.91185083690476,5.85052367817487,5.71768515418671,5.96175132990161,6.03462480534137,5.68326121422956,5.68295115156593,5.76948139761393,5.48886399216621,5.74873256020867,5.9556911264225,12.2008466510768,12.1191947563508,12.3725841092305,12.1350864753075,12.5035986003272,inf,inf,inf,inf,inf,inf,5.4539218999926,5.60100180654012,5.47822123299463,5.29319318377745,5.55223393011179,7.85352992071191,7.74087592259438,8.06077176201686,8.20635556385867,7.9149840565297,7.88507281152627,12.3120023610421,12.4671335745622,12.138659973306,12.3189752291544,12.516954328175,12.6293569319093,7.28606859199139,7.21315914972672,7.10950768464807,7.24726691907043,7.37579763560841,7.416330701931,7.38775791839282,7.45267660340299,7.57011195701963,7.50195308330919,7.41139918427934,7.1483743452115,5.67686826621539,5.8373584153932,5.77480481486797,5.51075622866366,5.63923477913673,5.86552015343007,10.3641699519551,10.4213039124706,10.4046443451494,10.198732251758,10.1718531488259,9.04818526545025,9.31106010192325,9.25766996508023,9.04641360612985,8.86915889847925,7.19839901058466,7.37492804006361,7.5890724415417,7.19276271570437,7.10297117087354,7.02651462007118,8.13514973977651,8.43998346381982,8.45215822695096,8.19462795629195,7.98701584065997,9.34705529516869,9.52489706709863,9.53591053794025,9.44826242698277,9.17228818749797,9.38294448562578,7.63317566372649,7.81421250255138,7.65728823129868,7.6276543785375,7.75365734328461
602,3.64108265124887,5.32246077081177,5.59843765774712,5.24385028397108,5.31769877718492,5.60699334855417,6.99409753397673,6.86346578014459,6.84467305551789,7.12423489163064,7.03030343964487,7.030926524663,5.7507732007169,5.81495431929234,5.54705285820009,5.76145049311943,6.01066114851828,5.63887700606142,5.95302878402512,5.88885475902302,5.57369659567118,5.87094625265117,5.95773036957814,12.1201395382733,11.9296046647446,12.1825538937944,11.9570975605694,12.1284173910355,inf,inf,inf,inf,inf,inf,5.48801578725172,5.61862153434887,5.37012463941444,5.20027461848875,5.44803840602847,7.97954914265453,7.83792203425528,8.01761910275991,8.14032576039337,8.14628257422232,8.13643145048375,12.3273803230963,12.2920065116407,12.1041446116918,12.1380818078427,12.3403849795396,12.5238620057542,7.09965950932556,7.02510610240094,6.92962929693038,7.08353110023265,7.19880667157503,7.22698498126784,7.45595974260903,7.46894143930965,7.62247882480869,7.6418033797066,7.41071167601918,7.42387157062365,5.48959430906335,5.79768733305066,5.45167745896001,5.3212457250176,5.46538509298221,5.67756198937443,10.1745987709131,10.3551465513254,10.2179250647956,10.009699556149,9.97795217523845,9.06140561389828,9.12415357567775,9.24195461773527,9.10119816986517,8.8880577678799,7.11880434633763,7.24895051120138,7.29326026618171,7.18881177514163,6.98696273870406,7.07351363254619,8.14324795719757,8.14605033157677,8.33011515996401,8.24701491590917,8.02594830411441,9.38721370846956,9.4191427288681,9.56363072850525,9.5299096891933,9.1694189068755,9.09533791653212,7.66439972228747,7.84796955680145,7.53438230874894,7.36262531483558,7.64121087403932
603,3.6794785773214,5.47772900619635,5.62001345271987,5.28652863055345,5.67176231844711,5.84459605428119,7.11124491127632,7.06171992667509,7.01533630658567,7.36814220905567,7.27058050955827,7.10596745522938,6.08964906899946,6.19365876426136,5.79602982110441,6.13135456416978,6.21230660968181,5.86049992633722,5.9869801280533,6.14495871674826,5.66086021890322,5.92784724639143,6.13509060033095,12.3044465705258,12.1601079024499,12.495181341324,12.1311569304011,12.4636614419452,inf,inf,inf,inf,inf,inf,5.45291390634573,5.56978097101898,5.21454981305923,5.11433043820194,5.37391456781948,8.03235133077671,8.07808496190414,8.2366493553233,8.21450004026529,8.18697669006329,8.17128792720869,12.6207669718991,12.642778958242,12.4825218413851,12.4111088691966,12.6217350093183,12.7805966857074,7.36605304752055,7.24959595960693,7.20826706032903,7.36652257904155,7.48536301524112,7.54204053061115,7.2084190882883,7.14708311114383,7.39073737287467,7.44536761786825,7.24184535144093,7.05519247513474,5.56205274200611,5.8314736767058,5.62239420516445,5.38375919130046,5.62843587006269,5.74071689947301,10.2203254021934,10.4031254279186,10.2985582296296,10.2401255010674,10.0547224244335,8.87291046829972,9.04622897026405,9.05223483506133,8.86604832112941,8.84597845239191,7.01991796970158,7.07233555721626,7.20066565065172,7.12570968439148,6.92692610601574,6.84851906606209,8.08915950064682,8.05521279046479,8.15587551657446,8.01599582947534,7.99260089288131,9.35013115521261,9.34652011245274,9.36163040469767,9.26997103398924,9.10047666973768,9.0002318166278,7.6308717886741,7.63587919637246,7.36112874645269,7.26155711070261,7.57534526951547
604,3.83830692763419,5.79128266863561,5.75546245192315,5.446573627315,5.85996749472182,5.95809331897658,6.93783646887087,6.96181474692172,6.89703578452646,7.0625743724171,6.96919010498113,6.97231103123739,6.12271713964392,6.03097209708577,5.76417781058194,5.97592406847783,6.21648689238735,5.77927266427822,5.70581554866916,5.72179612535513,5.513097365826,5.68299481510502,6.02615537408505,12.4625397067389,12.2799305887598,12.6537259641028,12.2851432479022,12.6376445371448,inf,inf,inf,inf,inf,inf,5.54041347539686,5.67520004240901,5.59719232357935,5.41043448512209,5.50501622824461,7.79432019482422,7.777780697333,8.1592578721638,8.08281763002963,7.92219500861309,7.89774056665195,12.5124879947876,12.508236998426,12.3197187070747,12.2941402569592,12.6816071258867,12.654689218781,7.56043435164627,7.37320300568898,7.27368276828099,7.44429362216505,7.59517453720017,7.7049670077916,7.35379614439836,7.25311024214014,7.53871741837352,7.42617597902265,7.12557101001907,7.05843621446536,5.83710481085054,5.98444297888783,5.9396924703369,5.56291919726881,5.95539854164138,6.02725178106885,10.3862306836157,10.5657989012384,10.5599072939635,10.3605231210962,10.3293637461356,9.0467212606746,9.34544231521683,9.33938510518778,9.00644579873595,8.94443021664383,7.16900168178327,7.31028282000159,7.48916532061849,7.24542861780632,7.04359275698016,7.00667800676189,8.20397294398772,8.34149049082969,8.39128015350781,8.16294585261629,8.08095342137644,9.438255425634,9.47528196576658,9.53460913954661,9.40127666938402,9.41743270623967,9.28585688922488,7.72097247398704,7.79868044282689,7.59747470165516,7.53671058901113,7.70279945101075
605,3.74059821378239,5.53732211285092,5.67689572030114,5.34669080452811,5.44682468419366,5.72280560478754,6.86528186293802,6.73698576402513,6.70252250195154,6.89023127285091,6.81118253509234,6.93194242757934,5.6681277279082,5.69631014815243,5.58268619698547,5.64467015613018,5.88348614635058,5.52578329792927,5.6512472366098,5.63503433634307,5.46420115124845,5.60825925861045,5.81743839521326,12.0931757253164,12.0608637582208,12.2778273222201,12.104619489244,12.2437776987405,inf,inf,inf,inf,inf,inf,5.59184281275798,5.73400172506624,5.63277884952302,5.4467051361324,5.58887862033665,7.71421947708354,7.61921784924512,7.90574057760811,8.0477331436955,7.85940976437702,7.83901729080667,12.1677604243304,12.1908446836677,11.9871006772753,12.1317863161401,12.3642964007992,12.515453778561,7.18545116271722,7.15734463896968,7.00208461473247,7.11379884651502,7.25406225152419,7.32541402694737,7.53893069931431,7.58478684443125,7.71784674525325,7.79160086476536,7.42691634651687,7.37841278191912,5.77166448386211,5.89050025751655,5.6812246924932,5.43922594282838,5.68905739899891,5.80518382090516,10.278972034131,10.4618034209716,10.3471352859457,10.1318995570833,10.2545748904269,9.17709716326632,9.32307150546362,9.36387108554304,9.19048937793046,8.99918034587869,7.26884329108044,7.5333215754143,7.57299241959222,7.31649652339657,7.11999346073968,7.17184527703077,8.26478121777122,8.38022258241623,8.61106077224498,8.34248639160941,8.12803730773697,9.49078170021008,9.55494639589442,9.67665858050881,9.60664496980894,9.45013117445952,9.3305613830232,7.76886338781278,7.95243095881951,7.81211952235746,7.58137311374107,7.77705212854454
606,3.87313259445947,5.77135420383788,5.77449167722748,5.58531949997019,5.84054541256625,5.95221396113955,6.94644047977187,6.83396015961419,6.76449275413986,6.92704970290164,6.83318511998732,6.83745188387642,5.99232899403402,5.80198313028976,5.63011178012172,5.84134880823264,6.08185083901856,5.72020763732596,5.56901268195335,5.69010748940674,5.3761214140083,5.55037377694155,5.74646012044108,12.3307158546213,12.2801478241268,12.6903606643384,12.1575641233364,12.4763416195405,inf,inf,inf,inf,inf,inf,5.67424118672705,5.73312208164172,5.56971442196158,5.5395365589495,5.63975208139109,7.78017287025129,7.64158191950722,7.81943450623688,7.85686678864903,7.78687186820601,7.76181070620242,12.3758584281921,12.3694876115727,12.0947821410733,12.154640641583,12.5602860468979,12.5150673920279,7.42200280746613,7.37618484892348,7.23887161012863,7.3486171049896,7.60241118166015,7.56033939297861,7.48721950022546,7.58605672379055,7.67296624823817,7.56170680713321,7.334934575114,7.18993783525614,5.84512307934333,6.01640778871448,5.91802867911334,5.87389728248322,5.9255555373363,6.02708086966586,10.4299168109052,10.6913940291017,10.7381370405299,10.3588596627105,10.3429865134528,9.31464399046785,9.48972920354978,9.42521485858826,9.14000849908316,8.99982901267926,7.44518303423789,7.44635543126495,7.6208297136794,7.58458941146632,7.17864397655864,7.1372361980612,8.33915598604449,8.47046180257178,8.52718005923292,8.29806411849849,8.11139819474877,9.56938610448047,9.7965854561056,9.75572530396062,9.53282341844749,9.36588290739889,9.41501178309071,7.7588569221569,8.04842668905318,7.73150926221989,7.67084417363959,7.8385209653425
701,5.02260298558589,6.14068090935852,5.95274374574662,6.06607735070124,6.33537973774719,6.22533113212499,12.4524469793497,12.323517098994,12.4464620573511,12.4823527608557,12.5067028400029,12.5171125947298,9.98855060366929,9.91209347826616,9.80474476107011,9.861039767544,10.0981165787162,9.74106395578322,11.2416699588836,11.2285734946213,11.0542040455321,11.2010022847199,11.5844401195651,12.6083557273492,12.4197451540945,12.703137890427,12.4885370467785,12.707155885495,5.44958474510245,5.48254633851078,5.452307127982,5.53973548904932,5.58623718516259,5.67441648319244,inf,inf,inf,inf,inf,inf,13.3162730529741,13.3985544909819,13.6321162819807,13.4445110825366,13.423689548508,16.3433288794366,16.479868705125,16.2805046945556,16.2013648818798,16.4306438657775,16.5315791261636,11.1961042679386,10.8817863773773,11.0358979551467,11.2010815805061,11.3225493806709,11.1573951701244,4.51531046637562,4.45365559116335,4.59873257263643,4.80049151003489,4.51115728368399,4.34774978271354,3.27894583771265,3.28151248498084,3.10294595565727,3.14288588848507,3.46419563184705,3.42082085669087,8.25019429558236,8.34882786190177,8.17457414919948,8.11513740529458,8.21088373651678,4.35795219965286,4.48362192841098,4.49826683635108,4.15316127404674,4.20203059400058,1.66417762755313,1.79257975546016,1.93768330289341,1.71904215588988,1.52077001230444,1.51426387163476,2.67287774524406,2.79914070595453,2.87629330336006,2.65863733563575,2.53815243055256,3.89760801031776,3.95660125163816,4.08281614122317,4.01461228439771,3.85777948033005,3.73814404845253,2.526895063271,2.54733630312736,2.33571252454632,2.53341650109367,2.69193924675737
702,5.15432054300092,6.27643166780822,6.09005391362143,6.18755816614535,6.46558847408505,6.37141787454046,12.5969255739556,12.4669055713335,12.4414643506813,12.6309595939425,12.5551026989926,12.6465144184757,10.0024856761382,10.0518516016058,9.79695922226035,10.0001876836451,10.2411634225007,9.87731541634707,11.5913804417158,11.3759697300825,11.1897493302358,11.4983952030576,11.5570935320093,12.6503820302588,12.5204888121095,12.7740494036858,12.4901863203616,12.6481137234146,5.59657080856565,5.61314379867025,5.56907471968343,5.67444001754976,5.72839422571141,5.72951566240959,inf,inf,inf,inf,inf,inf,13.3615924340691,13.6250683975863,13.7564816364708,13.7774111566336,13.5638976869575,16.4396517165675,16.5455196429335,16.329306155417,16.3149782910153,16.5530563403866,16.6802877483838,11.3432138202504,11.1771294945467,11.177407267986,11.3334327290361,11.3558924932965,11.2978525545284,4.4699395690007,4.37163969984113,4.56105386683169,4.89428521370449,4.50665705540896,4.32519708850657,3.25167744917241,3.34610859749921,3.20293626021491,3.07974887756097,3.51238721662585,3.43826464885258,8.20206172569225,8.3841534927144,8.25630806545593,8.04433838593291,8.19565664849078,4.21331875746357,4.46052225074911,4.37089341641707,4.14125008803917,4.06657214258521,1.51570396823067,1.62317595400732,1.68706548281405,1.57386440955753,1.37401826547097,1.36821395439641,2.52963122091544,2.54492305876712,2.72765159875832,2.62090587307387,2.40214294062428,3.76074000047872,3.809419295709,3.94266751716347,3.89120508318418,3.58176071348295,3.61808033747781,2.48255352243241,2.46366404984534,2.28894964632504,2.33201625843838,2.64879215757971
703,5.09047694461688,6.31453987332943,6.00773468455302,6.20044111346263,6.49574679798526,6.25378977152952,12.4848599280884,12.3652733889715,12.3076030002194,12.483945165176,12.3957406866692,12.5863746521214,10.0149165336933,9.96514539317038,9.81596643235537,9.91588530492122,10.2954989586677,9.91966095776575,11.1476463530111,11.2415091232978,11.1098066633206,11.2228346174989,11.3394511187159,12.7121981990234,12.5495512086758,12.8345783812737,12.6037997859225,12.8829955570707,5.4733556546768,5.36391658358453,5.21104868303883,5.59698537571995,5.62668004866131,5.56581342284151,inf,inf,inf,inf,inf,inf,13.2022004375717,13.3864969096758,13.4976074598544,13.4810409154317,13.4655293750908,16.4564459566456,16.630254971426,16.4181516386798,16.289725303967,16.5257629310785,16.6433834402073,11.2197436650133,11.0352683608553,11.2269198488931,11.3669394218979,11.3556898351177,11.2116670422951,4.39827450993545,4.36842889046258,4.540683268752,4.56726233023506,4.37403089171378,4.22428734150013,3.38375934586606,3.41233207741255,3.21894870209454,3.34561940049054,3.52418825620938,3.64736351013936,8.38975718318723,8.57352517392101,8.31813321358075,8.24713281625333,8.35498419430576,4.46998993830261,4.62578478073666,4.46818991670994,4.32763778704406,4.28641794658567,1.73353683580641,1.83262481895017,1.91143773456073,1.82596022816088,1.54068366148489,1.57318956964999,2.75194219527644,2.91041224825272,2.91681428005865,2.72396876636242,2.5211185542743,3.87557324584019,4.17699398425107,4.11839668124968,3.96461178672124,3.79972204441103,3.71018046822241,2.66555025742528,2.67239757153705,2.47264888292244,2.67618672305892,2.831353310256
704,5.00062474017645,6.0026842480842,5.81808809265667,6.01761094398015,6.32484665365192,6.06906940778346,12.3012994142217,12.0833525370586,12.1269271355569,12.3136993115986,12.3779162141345,12.2162257463692,9.8317021734251,9.92958276689064,9.63999786460268,9.72540732696943,9.95423049543418,9.75446834766307,11.1002439121941,11.0615719851545,10.923897820805,11.0428543242542,11.2501952904587,12.5499520672896,12.3968757456583,12.7056319927955,12.4115257741927,12.702924246945,5.2913110390632,5.19507933695948,5.1126140425226,5.40937369269938,5.4426765300847,5.53946959714339,inf,inf,inf,inf,inf,inf,13.1847760600561,13.22679449877,13.3245255824197,13.2980721390587,13.2815384377386,16.3061764082071,16.4777539976435,16.0688964768761,16.1230151471271,16.3486469735118,16.4832947468283,11.0380982935808,10.7644009697884,10.89477322144,11.1956468659322,11.1707386483488,11.0213099132308,4.57685961207981,4.31142078699526,4.68766338252229,4.69299013590411,4.52805825156505,4.40032819436874,3.21918241324231,3.2851542929985,3.07582830734584,3.16079585034149,3.39359704456623,3.39230828386638,8.20900749309537,8.38880588854386,8.25213122585493,8.04276086675455,8.2948781940479,4.40945172556386,4.58239088075393,4.55130948220242,4.4245186839154,4.39568147306522,1.90466677027136,1.96485594641234,2.08535634413977,2.01169046520368,1.68979799557803,1.73392540087457,2.86221687688413,2.96295878222384,3.0499018472459,2.90186957086299,2.6932439774977,4.04910867730586,4.20593456339577,4.25083747621532,4.06320305450519,3.9854778421747,3.88533922608329,2.63747710613878,2.73437765808189,2.45798692895707,2.60532090528546,2.93361322459941
705,4.97485843599471,6.10952793825605,5.92485096130194,5.99694144714597,6.19465051274773,6.05372338537606,12.4594433541636,12.4360305789987,12.3817647502809,12.5568171232528,12.4668240138146,12.4664469152373,9.81029109613457,9.89920651600979,9.61288992720541,9.84099129026541,9.94650441851725,9.87387473923694,11.216410624647,11.319343429367,11.0215675733879,11.2998405070386,11.5080720581613,12.4731882660402,12.2801936159236,12.5570479419236,12.1881443619942,12.5358580769244,5.55155223293632,5.44224142499455,5.37335983079498,5.5044216780021,5.58297798392138,5.63999645809822,inf,inf,inf,inf,inf,inf,13.2769284722276,13.6217168507802,13.5739008985977,13.4341744884468,13.4070270226638,16.2311639004607,16.328210540706,16.1135972172157,16.22661188338,16.3662672697774,16.4136194507759,11.0168008972766,10.8313627653238,10.8807094870965,11.0505566510292,11.1562037036303,11.1469396435356,4.83744800018944,4.58949699261186,4.77627850770298,4.97134934338173,4.76092890186864,4.51796296088498,3.1552577766958,3.12881636158929,2.82527785028528,2.97487625312581,3.2034245425829,3.28409832016184,8.07458925747747,8.25528792357333,8.1712318355615,7.79019900989495,8.02708058757077,4.13817893270198,4.30193966933963,4.31638601277846,3.97002831963965,4.13619436960157,1.65349122332286,1.81257879927224,1.83339763000021,1.74617457072674,1.54449817493979,1.48519686921798,2.61224014864656,2.68864466455077,2.89212879438282,2.64848864723574,2.59739939331681,3.95599359840862,3.97225432164602,4.00039527555552,3.88908310815949,3.65348619903732,3.81401834751862,2.35071933749019,2.39621021742594,2.16595937767617,2.34949348166606,2.5135527193863
801,11.0482416339551,12.8798349996622,13.0094593207487,12.8916815629351,12.9210472943512,13.0683680577222,2.04320727388592,2.08916435563991,2.00995554616738,1.90491708206537,1.88559346884377,2.23841636511171,7.38899786176112,7.03845157487811,7.30462189480757,7.52150434768476,7.34110546882057,7.21191088190578,4.27523783839155,4.42109578592488,4.43109822521249,4.27401545030126,4.06284794522218,16.9488649172251,16.9348835624935,17.1374795269814,16.7763321153765,17.0034553232386,7.85284660683825,7.98011810055055,8.03247157190692,7.79374395282357,7.71416151619542,7.77975554028265,inf,inf,inf,inf,inf,inf,0.178418614435359,0.186071243951192,0.19104374835049,0.169790660610115,0.168566559239076,14.2842277227395,14.473301273736,14.367795980335,14.1018098730228,14.22502039799,14.5364823919366,10.6787839598333,10.6663335008573,10.4962612986746,10.5855181284854,10.7330101891264,10.8214784401064,13.5853263941177,13.649377204787,13.7685983780342,13.5588928747969,13.4562030859803,13.4362147444385,12.9947295791061,13.1834246285657,13.0583031600717,12.817695690894,13.0269105495286,13.1547643075728,17.6157194571942,17.8101836161287,17.7613780785742,17.5767989440715,17.4956529334732,16.9266006708236,17.0763454638082,17.0943189321803,16.8351692977364,16.778675523809,15.0480008928541,15.1277220071365,15.3190279658676,15.0344644675685,14.8437673963045,14.8745145513148,16.1239019202548,16.0874459940365,16.298696915569,16.0013114947332,15.8743850450923,17.2035313414345,17.2849674007982,17.5568970412591,17.3016198022449,17.1385698229191,17.0389818328703,15.5362090662871,15.6602941542344,15.4233881336251,15.4282568244179,15.6624496209569
802,11.2428530164239,13.0025063215481,13.002975681046,12.818194418542,13.0758084531464,13.1821698002704,2.17012351646229,2.19531268538036,2.10500428193104,2.03337364447542,1.99472977425034,2.5302102189534,7.34433281410454,7.16431308762406,7.4408577654837,7.51749680588946,7.47595492262066,7.36626751948929,4.38255387545933,4.55323950697978,4.44800335889787,4.24413399867449,4.14377787424764,17.079759338723,17.0259135810969,17.1708890650711,16.906909333776,16.9592311450843,7.74014040388841,7.83851246555066,8.07891274232268,7.77705994228001,7.61900346890224,7.64118537467624,13.3156805891995,13.3604495738282,13.2014882374253,13.1845142454027,13.2763534026166,0.178418614778119,inf,inf,inf,inf,inf,inf,14.7457691681955,14.4852770278231,14.2395990122901,14.4462365901583,14.6496933950118,10.8142788956318,10.7655171710099,10.6316462022996,10.7448308867158,10.7108916034422,10.9517350477833,13.4679349708319,13.5625122574633,13.6534342795647,13.5479649274288,13.319176754863,13.4579958696206,13.0742880288413,13.2447756143801,13.0733441560567,12.8992861812491,13.1580344211938,13.2570349084562,17.6572254216409,17.9228515432096,17.8082712229938,17.5782889307886,17.5712659763448,16.9422151081719,17.1172087117516,17.053311306822,16.8090038061032,16.8182499409385,14.9722616726101,15.1209833337646,15.1331185934786,15.0154067598411,14.8133420755298,14.7673405333752,15.9779058932611,15.9949094088391,16.164164603468,15.9742848611147,15.9021294949003,17.1072786619633,17.2435296020167,17.3974429013696,17.1733457121786,17.0061077625872,17.0571795045718,15.575723196039,15.6580725761102,15.4158145723916,15.2208723396696,15.459392389002
803,11.4338456681233,13.0643554029241,13.1106805501596,12.8703032295032,13.0886133910866,13.3950607830144,2.22455943758351,2.39467539119374,2.29495194307398,2.08660437561877,2.07079116198103,2.41901502091338,7.54956489753746,7.38701045086182,7.48452216707364,7.69604463607709,7.52323296147688,7.38219738312358,4.46145077144757,4.60219549076527,4.80540650877876,4.43894796038068,4.31734443106624,17.1237455790647,17.1171008867249,17.5127155216077,16.9532839860716,17.1577107252439,8.06001598537381,8.01737873217544,8.2358957951416,8.15847695177952,7.90547944620558,7.81861119302181,13.3971055031912,13.6239420339151,13.3856546836444,13.2239387472486,13.620709253454,0.186072621089788,inf,inf,inf,inf,inf,inf,14.6495114791311,14.420707215628,14.2836620043545,14.3825855664422,14.7239839527024,10.8587345875724,10.9602608624047,10.6777647125436,10.7502260922514,10.9017182663616,11.1827615596002,13.651960136812,13.8231239644293,13.9699191260456,13.7229853695572,13.4987867279055,13.5294316791406,13.1784776582049,13.4073536360465,13.221560974927,12.9988277287593,13.2103152855821,13.3412877992762,17.8134072919281,17.9835656871324,17.9313933793123,17.7298743596376,17.6715447438819,17.0839844951009,17.2493098373499,17.2260059972977,16.9871410395178,16.9691710654887,15.1513042052958,15.2777636471841,15.5021212238646,15.3342852240189,14.9999328052203,15.0211224428679,16.1548385262611,16.1768390821091,16.3440879351918,16.2497030953716,16.0295936528059,17.3868811014301,17.4301073860477,17.567620847076,17.3531346316195,17.1862337822151,17.1263660511393,15.672947759703,15.8580220771595,15.5716553883937,15.4007516397108,15.6689645163869
804,11.3048991351698,13.0038101714699,13.2626735478237,12.9120924243861,12.9898132063164,13.2758650142939,2.26990692191005,2.28457411795576,2.19443476266582,2.01444705022665,2.01838506688513,2.47217882963284,7.43411974949209,7.2567300619559,7.4030159282699,7.59819193539928,7.56716729886552,7.28441708390815,4.47218213048906,4.52348308786936,4.66967179626854,4.3309543726249,4.37655629584408,17.0484576524616,17.1305181479045,17.3739137679073,17.0147684940387,17.0500998739744,8.20561290040842,8.1401637011874,8.21392475462665,8.08220373445419,8.04755165414928,7.85631301976805,13.6316313413143,13.7560660430266,13.4976892698018,13.3227965583301,13.5735336858988,0.191042528157479,inf,inf,inf,inf,inf,inf,14.4484729496852,14.3000331735157,14.2032633296676,14.2626864235041,14.4656186778879,10.7773351266744,11.0494977558776,10.7196036703296,10.6447936688322,10.7978602237354,11.0478299149302,13.7600924363221,13.9554939239561,13.9505779860975,13.7489059187715,13.6191136043157,13.6196036710174,13.1587978097504,13.353871087303,13.2451073161922,12.9942057060257,13.1428393356314,13.2938540501127,17.7881830576324,17.9392526165884,17.9424208796715,17.7863311226237,17.6532475348479,17.1173161913572,17.2579839875804,17.2853364141913,17.0728935703782,16.9564271548998,15.3836666733792,15.31808685005,15.4779760733691,15.3114387949457,15.2151943683468,15.0712368445447,16.2813504868626,16.26961736317,16.4651628950054,16.4072766071433,16.1732653381028,17.5345149102642,17.5505485060879,17.7054111786434,17.47399074584,17.3080977760294,17.223722467845,15.8137166372831,15.995622409544,15.6122170008185,15.5824812390056,15.7757389584049
805,11.0782756824257,12.942418636733,12.9258663675596,12.7619331066714,12.828813101131,13.1178754748455,1.98805088832236,2.06094277108571,1.99985673455007,1.85536243712704,1.86582799633658,2.16838476822871,7.27646065059022,6.9839619556887,7.24254046857039,7.43694189326002,7.41621875142275,7.12293435770398,4.31474857442499,4.36317634116338,4.36030850068431,4.17184150889155,4.23212028936892,16.8875900910608,16.9711179961616,17.0781875023581,16.8652885031839,16.8937220417036,7.91404382385362,8.14599435211682,8.18634784098911,7.92107824344969,7.85937772704923,7.78617237769605,13.4441096569363,13.776860212126,13.4810471377716,13.2962280778347,13.433837661384,0.169790415792329,inf,inf,inf,inf,inf,inf,14.3918250610874,14.3253905664256,13.9044527335982,14.1076690246205,14.3090413462804,10.6167624716545,10.6897725576677,10.5684857277805,10.4845669955785,10.6376269170395,10.7608461704418,13.7375427929843,13.9759926916203,13.9202540308556,13.6867548388572,13.6172013789504,13.579500067123,13.0283807160605,13.2173520124551,13.1447087533138,12.8881106154874,12.9866405868433,13.1437161341667,17.660788990428,17.7891862737356,17.8367785407711,17.4456610488175,17.5140429354769,17.0404936717262,17.1485117358976,17.221343558482,16.9404105233363,16.8354393430522,15.2284002009741,15.4056346247346,15.3454265815534,15.1911232586298,14.9643778724501,14.9501153611603,16.2893325832369,16.2338401968761,16.485059274199,16.2472046022616,15.9394651808237,17.3462033560434,17.5443850771612,17.7250625301653,17.4917282954055,17.2980462018633,17.1854826631843,15.5931202262742,15.9663409230272,15.6910703226264,15.4433329167995,15.7728179604835
806,11.0424373225257,12.9168984843586,12.8946972108255,12.7395385546922,12.798461857675,13.0900899721754,1.95379140408809,2.02521461723296,1.96363215160329,1.82038534860625,1.82966762232285,2.13586354332812,7.24921302906573,6.94958937661012,7.20821382400697,7.40554690622402,7.39296078188224,7.28703790521808,4.2873722893437,4.328946530716,4.32773606163246,4.14325048706375,4.21233350430799,16.8539305301069,16.9419964716557,17.0448224568928,16.8428059042507,16.8674732941689,7.8841158064153,8.13613970462088,8.17064839131485,7.89660579402379,7.8389231126581,7.76109026984287,13.4232637731482,13.5635539695491,13.4655080695272,13.2796609292068,13.4066704356252,0.168566545311227,inf,inf,inf,inf,inf,inf,14.3607734771136,14.2904686608047,13.8811323037597,14.0823323121729,14.2822171324115,10.5827772994669,10.6603514576253,10.5451252346041,10.4549608885111,10.6077718342245,10.7270704938021,13.7204679821788,13.7632449528546,13.7946773575645,13.6628512424159,13.6050314910269,13.5595341473237,12.9935967919704,13.1820000082394,13.1141931597101,12.8585758850148,12.9508139053769,13.1074488062818,17.6259204393925,17.7529004350948,17.8063120321118,17.4098809914032,17.4781909598479,17.015751027593,17.1165422655941,17.1974652800332,16.9118059550573,16.8014269010711,15.1923672435553,15.3705877596516,15.3103791681204,15.1588971141642,14.9386138191379,14.9189799393641,16.279785653022,16.2153221405431,16.4497445227173,16.1973597732922,15.9063837615433,17.3253972085076,17.5330414937782,17.7178726017772,17.4559112912992,17.2842559084732,17.1664573744535,15.5594086808897,15.885472337377,15.6557609747856,15.4075347080273,15.6520785765052
901,11.4000258418834,10.2502669369829,10.4320180022954,10.2104046168486,9.93514584674022,10.1490119854673,12.2441039636503,12.250286618583,12.4407802642775,12.3797812058541,12.5606144426538,12.0429619347675,7.77148540276914,7.82532364824189,7.81906228258238,7.60202334461074,7.6847937751326,7.91750582315788,10.4553479099186,10.1432608457985,10.4064361815095,10.586436274731,10.6205918763896,6.9032589464681,6.97983019054293,6.92612057957315,6.77989013281241,6.70747054891589,12.3095124839108,12.3331897453614,12.6278230767905,12.5094374641954,12.1662277598641,12.376385622298,16.3311384603177,16.4276955968536,16.4440245612703,16.290925680436,16.2190329988209,14.2862076220873,inf,inf,inf,inf,inf,inf,0.187465312470904,0.1968152270314,0.191731181240856,0.19029530475502,0.187967218486813,5.19815342495331,5.5517051218952,5.35133228644989,5.08461033345282,5.06026331822069,5.2206033263461,19.7052328139239,19.6629632616941,19.8804285762022,19.870530469416,19.6816589874497,19.531950245585,13.7901391777628,13.9247157903706,13.9647352197865,13.7601692668426,13.6275954444072,13.7783394035219,12.1508691270097,12.2747611731385,12.453669083162,12.2393265056774,11.9871284287017,17.0998648289947,17.1195168960069,17.3995785893879,17.2139295454781,16.9478305004696,17.4290044016713,17.2630532869712,17.505855426532,17.5951478556578,17.2302033588779,17.0923737544524,18.6572296017964,18.606973646587,18.8277210474877,18.839490141225,18.5778726211407,19.1656646929904,19.0846222558171,19.2645924176661,19.272039893721,19.1113019008759,19.0031671802536,16.9112869187506,17.093474253582,16.9415419771433,16.7241471660698,16.9239245191957
902,11.3873618919404,10.2486851175909,10.4356148923209,10.3541007772879,10.0551265849037,10.3077994641121,12.4335787573286,12.5407698412394,12.629051538605,12.7350297348453,12.7442794289844,12.2329758184421,7.84929026001707,8.01022123887534,8.18990812387375,7.7907039144032,7.69945334813373,8.10620883524641,10.6454378709957,10.517394484397,10.6018739161909,10.7798789154473,10.6092764050083,6.7658738910675,6.96335093908605,6.94095441127892,6.6713756392156,6.55219315106603,12.4631053909564,12.2885531676401,12.6389622729858,12.5041587630812,12.1871827445121,12.3689323768187,16.4628248787691,16.5286318886547,16.6118682418161,16.4577566340134,16.311129358431,14.4763803595162,14.7552522642853,14.6499759585868,14.448643319631,14.3935683683207,14.3625123676508,0.187463985002966,inf,inf,inf,inf,inf,inf,5.52748196530426,5.52044811238938,5.20044074022212,5.11318346583584,5.24117243478612,19.8510346603113,19.7671223621487,19.9592914135286,20.0311516317722,19.70581061564,19.6807370231832,13.8325787736598,13.92427102061,14.1119679422604,13.8787646216725,13.7990814917897,13.762131754961,12.1498860011229,12.1560518997537,12.308828256438,12.1247610531494,11.9967729956359,17.2173985186304,17.1720843193715,17.4048742620967,17.3041864305645,17.0681513685716,17.3530148907184,17.4404862674319,17.6713850843627,17.5089403628059,17.3534745996735,17.1971891073434,18.740668652249,18.6480189074202,18.971388620996,18.9129353899703,18.7066461922602,19.1889985742433,19.2155271243561,19.3786171159847,19.4337951429944,19.1794836691171,19.0414493877983,16.9316751149503,17.2592997811522,17.0692426701051,16.7502848006696,16.9036210787071
903,11.2055059534791,10.051549580517,10.240763382642,10.1865813238173,9.86593703179079,9.97365549704778,12.3176009454887,12.2886193175117,12.3866256769732,12.455653389206,12.4856810532613,12.1305704263437,7.7026801565172,7.88856418397878,7.90136652141413,7.70650425782453,7.4834660173229,7.87119210170549,10.5969356860987,10.2277123878109,10.5008048316733,10.5221569023331,10.379761250769,6.74759705148855,6.94829720100549,6.74131957953029,6.53202878096406,6.49660473700395,12.1340163747345,12.1007497526847,12.4785542307396,12.3154827843142,11.9834589478285,12.0936552370333,16.2632817198053,16.3122034520021,16.4007753230302,16.0636087225158,16.0963038654643,14.370379955722,14.4873387884579,14.4199083039651,14.299466947012,14.3268679371956,14.2919172212472,0.196816635347011,inf,inf,inf,inf,inf,inf,5.22761937737406,5.16429942521481,5.00970028183497,5.04176620344109,5.03904115299086,19.6414132995864,19.5487831000218,19.737926400602,19.8611933858778,19.429382755022,19.4930603663919,13.7840745311489,13.7333949854693,13.7994679737231,13.68985495497,13.4371999474176,13.477194541094,11.9601573049587,12.0007212923115,12.1262700486782,12.0642520147146,11.79897524479,16.9740094256045,16.9558668433808,17.1289991529434,17.08939125406,16.8566517347007,17.1362974382734,17.2297119524885,17.3065569094381,17.2899847585896,17.1540927763431,16.9971021011772,18.5214678573623,18.4280264117933,18.6762071423429,18.6919392380385,18.4999083899802,18.9852167017134,19.0397649655354,19.1686964799527,19.1111930022751,19.0664327454806,19.004152461064,16.7283756862276,16.9126672661626,16.7868469754796,16.5422009862838,16.7270137454884
904,11.0973627237703,10.0319770098697,10.2198491438131,10.0361263794477,9.84311941438573,10.0969212627895,12.0588773697762,12.1817227295745,12.1645095785026,12.1960155662334,12.2413276399006,11.8610584492061,7.61000653829693,7.63888942783186,7.63403156278944,7.33096475044855,7.32153069036255,7.74026242830408,10.1321486327326,9.95741806864104,10.2253505282145,10.4242189146244,10.2398320306717,6.83023485432138,7.02579350370335,6.90100150453131,6.8581871036144,6.63843114597778,12.3256035117631,12.1438111862324,12.4183170219107,12.2910503454212,12.1298776449706,12.1551311044394,16.1891116992143,16.3214226697144,16.2773680961182,16.107477047014,16.2166134264006,14.1054524509618,14.2425405890269,14.2852857613897,14.2060451212313,13.9070356804774,13.8837339840099,0.191731856632896,inf,inf,inf,inf,inf,inf,5.31415246403724,5.14839674641466,4.98668324791383,5.00902774239413,5.1912645858326,19.5525805555082,19.5456705167229,19.7032975542605,19.7109916098964,19.5019129380076,19.3766325330006,13.7462585757973,13.9143046742553,13.9004680545889,13.6609954439023,13.4298831157646,13.5545679358388,12.2114058789146,12.3661825906979,12.3731384203068,12.1890542751759,12.0541574658166,17.0011180001978,17.0656104576685,17.1825758966395,17.0483694099465,16.8275496436547,17.2151856788934,17.0916593642493,17.3314539136189,17.4068402661635,17.0836345870682,17.1207116764666,18.5616463269991,18.5713137251182,18.7484961734665,18.670699180819,18.4431142365931,19.1341862207503,18.9193178356471,19.1632358146833,19.2042932667149,19.0374018340674,18.8124923307436,16.8816828817138,16.8952830727632,16.8650891299712,16.5359632475735,16.600020531012
905,11.4048819650467,10.4345454323971,10.4621467242385,10.3673308763644,10.0750868396713,10.2192735164337,12.2757204387961,12.2490468730647,12.5166691091451,12.3248835344062,12.4460370437877,12.0853024504662,7.66315307239885,7.84745522800245,7.75612893307601,7.65768239860006,7.54567029787638,7.831199191066,10.3423147066911,10.0874277117838,10.4619563958593,10.4865148788765,10.4760408349972,7.05592670179995,7.25783982157402,7.24461550106869,6.95741545655245,6.86002688755768,12.5238539414111,12.3462069636161,12.6292246104774,12.6888101462977,12.3701479115423,12.5610907982686,16.4393956558982,16.5620661687746,16.5136002388447,16.3335991900017,16.3751156277638,14.2273267088322,14.4497480600903,14.3828289714501,14.2636645847465,14.1084526031884,14.0831277807765,0.190294430096589,inf,inf,inf,inf,inf,inf,5.54292626298604,5.53132176798019,5.22102694550806,5.22259873008717,5.26987621177643,19.785371071731,19.7840319972977,20.0450390998241,19.9639635992957,19.7223149219684,19.6159773301888,13.9566180925665,13.9502733413825,14.1234304167031,13.8962935189947,13.8072564792337,13.7856744998706,12.4467323897294,12.4429115361207,12.601182446107,12.5812474195659,12.1654713261514,17.2327658697458,17.2797506365143,17.5835193839968,17.3797475962435,17.0641559931879,17.4195810052342,17.321273601229,17.5632068124175,17.5910958042797,17.4855536901519,17.2984636150349,18.794810407957,18.7758986642566,18.9771116596422,19.0232484568722,18.6896358592219,19.2230965903906,19.2335353690523,19.3923291956508,19.4347146559489,19.2631424419935,19.1733789373705,16.9507016151159,17.1320681662641,17.0911533784008,16.8977230584145,16.9076785919597
906,11.5382706960987,10.3926163641744,10.5801077605785,10.3877616301976,10.2067631180887,10.4729195621812,12.4825292936016,12.4544763860324,12.5548240898208,12.6201411168613,12.6492975838509,12.1854723652215,7.86705364137835,7.9747320943886,8.06670824206607,7.72418607016996,7.74936696327083,8.18725076316201,10.5459126031253,10.3905497048881,10.5435078753833,10.6889903015357,10.6776445761448,6.92374890456108,7.11390616744432,7.07985392446594,6.93745692684912,6.88472107870139,12.6264707995075,12.530053356621,12.7882274855933,12.6516033113945,12.5135538901642,12.5155605945268,16.5195612284769,16.6829787062982,16.6293474927848,16.4681908387819,16.4016538028261,14.5408634138569,14.6534103015508,14.7265923352878,14.4669207392353,14.3101466317814,14.2833308489117,0.187967057396159,inf,inf,inf,inf,inf,inf,5.67999616463781,5.50440548753978,5.34794566697723,5.23008446894432,5.37661559501952,19.8956740075524,19.9025676254418,20.0536248808726,20.0577138380191,19.8610357365164,19.7195808150706,13.9562993396741,14.0702455999041,14.2736213341352,13.9439896870419,13.7809054798247,13.9127989771391,12.2962065758858,12.4421647734074,12.4657170756421,12.2893750220386,12.1370456379085,17.3642098319322,17.4458345109339,17.5466564296695,17.3955255469502,17.1360597148341,17.5827695978476,17.4438381125675,17.6871408678514,17.755761282682,17.4179201179354,17.2960340190062,18.9335020148038,18.7712923679315,19.1234987481531,19.0319853998601,18.7918446892953,19.3225348190805,19.2653453517594,19.5121739478327,19.4830587096844,19.3705144601948,19.1658111484658,17.068486182882,17.4097052142002,17.2209329320239,16.8826572770808,16.9435554666574
1001,6.23152477031805,5.19119813701268,5.26025401345031,5.01047404258424,5.00074213788621,5.23328562877697,8.63420854478633,8.6297697776907,8.73247395909273,8.77173005854898,8.81459146725138,8.43664428021944,3.34794605883571,3.64534327318278,3.37397999712299,3.16613641841637,3.33443430984971,3.48057236758512,6.4252279415783,6.25285781119994,6.24457384389167,6.44192240218114,6.53579766072482,6.2789552353196,6.26034573808848,6.4671591484416,6.10614443161766,6.33432306483148,7.28488141025837,7.09916703526409,7.36547789460976,7.55971675856615,7.18473420398408,7.42220321391212,11.19661329674,11.3440035693502,11.211253541302,11.03321164287,11.0109435580232,10.6764612262992,10.8107456219909,10.8566026458002,10.7757967154843,10.6151426087163,10.5811460413147,5.20095376343257,inf,inf,inf,inf,inf,inf,0.187652890922258,0.182884048439654,0.179536475497633,0.142051297564286,0.145535573762801,14.4991459134946,14.5714981364562,14.6837809729438,14.5976699318697,14.3638419394072,14.355823850085,8.60777294005951,8.7608322368803,8.77458117965016,8.55382162676295,8.32444555445711,8.43419828037803,9.30686319746794,9.29236954841216,9.45161025625217,9.259265688752,9.19173041444857,11.89774098523,11.93600270555,12.0744991397031,12.0244606669363,11.8547923202275,12.0212347604016,11.9963039910254,12.2934014729525,12.210057996662,12.0136576888824,11.948470554698,13.4492605535566,13.4243299480066,13.6274979324776,13.6602771711811,13.4566178973529,13.9861095684816,13.8882349931541,14.0577270043393,14.0767572396074,13.9121334493269,13.8208055895598,11.729411577205,11.9079072504461,11.7383364192406,11.5445665188954,11.7635456261484
1002,5.86135994502504,5.00008004579545,5.18672294120555,4.82574153939185,4.71915426813309,5.05213866009272,8.61048998525643,8.56373126301244,8.6581872681288,8.74603749454049,8.76515815001131,8.44554110993441,3.61238629424101,3.61237908887709,3.35572458444605,3.25824370223446,3.30836591981473,3.57205680238059,6.3763827687209,6.2338074499131,6.35003644245582,6.5154119546534,6.63969721378229,6.35322908666105,6.27847108402095,6.39424902775017,6.02307232012336,6.11260296319375,7.2118151835918,7.02413837477526,7.24905915210969,7.37246912326784,7.15627769514189,7.37629723993755,10.8779197662932,11.1765366222398,11.0253422257562,10.7566410406049,10.8274927029859,10.6642575491333,10.761999586607,10.9583985266802,11.0518836866036,10.6910224272745,10.6616742117428,5.55324970808756,5.52731992252074,5.22776299537676,5.31625564397081,5.5438889703453,5.68148027868236,0.187653811397614,inf,inf,inf,inf,inf,14.3226036417357,14.4108587571353,14.5079610380963,14.4141568322533,14.1813090289493,14.052896332185,8.31380148814545,8.40427549109323,8.5868957530629,8.54514252330439,8.13024525647852,8.24148517016501,9.02606024803069,9.12515221176186,9.26360648946861,9.16597686295387,8.86536836335122,11.8626346732219,11.7503335473088,11.8814187760253,11.840176197044,11.6867557048243,11.9345737767716,11.8098179890701,12.004507755331,12.0238628910494,11.8218182615466,11.7667016345225,13.4435273431453,13.1307380680823,13.4384489775463,13.4803142519219,13.2856807051551,13.6783399527628,13.7017941508345,14.0115800975629,13.898530526621,13.7321084798085,13.531070815977,11.5632308381456,11.7366508460201,11.5538660799063,11.232012408234,11.3822631655515
1003,5.92801515494455,5.16533379136403,5.35209695765571,5.14693103077346,4.98187055912526,5.36360620121786,8.45078003138134,8.30584221944263,8.38922554698544,8.58838319046595,8.63218365888816,8.22173435345098,3.28255080417774,3.3776228057598,3.19084966404818,3.15870826081562,3.15091783023384,3.30092338571114,6.24235907508899,6.06962412638129,6.06015636142553,6.38881263096662,6.35368824532245,6.46232865190597,6.43470347096506,6.65014782838444,6.2893379097817,6.35326525024036,7.1081186114195,6.92895893357867,7.20750695191013,7.27258426808957,7.00116099845996,7.23903164200694,11.0300703468398,11.1708999021698,11.2181423465956,10.8850175959465,10.8848690836453,10.4938249446211,10.627984660932,10.6756893481612,10.7168051578531,10.5657621774681,10.5424858366358,5.35336549118853,5.52215994577261,5.16696072384478,5.15091695909486,5.53328871689599,5.50633257623007,0.182885249758754,inf,inf,inf,inf,inf,14.5118818252307,14.4022401155895,14.541461134764,14.5725937692732,14.3533939412651,14.1941738727102,8.45589918185322,8.48648670074781,8.78494438108681,8.53388972160241,8.28468543011316,8.42149967044002,9.27996444254066,9.35018521184348,9.44812883999753,9.37979171614065,9.08464921132059,11.863551471509,11.9512552159188,12.0460717892063,11.8877198311982,11.6848213545207,11.9607273631394,11.984333462319,12.1402827407108,12.0847270861176,12.0016967874981,11.787654383995,13.427450878895,13.2678733971266,13.6182705400005,13.5119706674062,13.2935338717018,14.0287176072855,13.7501907229404,14.0167837500844,14.0782908203489,13.9121939534258,13.6660116793861,11.7703309257757,11.744085485761,11.7298748092334,11.3788055204266,11.4330438277093
1004,6.19043380537175,5.31922839498384,5.50690765991873,5.16490977510465,5.13125230700045,5.53231962521631,8.40228373240464,8.36080902181822,8.45489017349925,8.68944699160447,8.75115093414077,8.22353642435104,3.21227653226088,3.40502809727359,3.28104294331589,3.23490673362829,3.24344429379285,3.36752800241389,6.35911930938169,6.1692146906825,6.02606967451475,6.30996457081166,6.43582686321411,6.39840981613497,6.48423994673395,6.74253737901647,6.2331129615431,6.4128872796308,7.24579625515469,7.08280955606609,7.36563893974522,7.44311630695433,7.11308789154643,7.34895519073269,11.1962160290575,11.3287735874579,11.357434675173,11.1900034460328,11.05162584869,10.5831836241012,10.7416941778354,10.7483048473859,10.6428762400582,10.4825036212613,10.452915620651,5.0871187297004,5.20294757424548,5.0124987611176,4.98923595378055,5.22371363287898,5.34989799853177,0.179536026606172,inf,inf,inf,inf,inf,14.5443273251083,14.561055493355,14.7121677240966,14.7272295451944,14.5004500990855,14.5189844932728,8.76509264622365,8.72631709159993,8.92094569147748,8.68036106804622,8.44171883242608,8.49386277713351,9.42863753144717,9.45727136338491,9.59157413104006,9.54707837703369,9.35484956022571,12.0135831516735,12.0805664371809,12.1944723392891,12.0502178845089,11.8392120631205,12.1276122526418,12.1349335683739,12.4563389871556,12.3473315954156,12.065941639344,11.9554371502335,13.5784580414347,13.5873688802409,13.7663030310559,13.6787366159579,13.458038074478,13.9990877930972,14.0370678108023,14.1771854864358,14.1396214044117,14.0635457686887,13.9940398743122,11.7195375257911,11.9034593050546,11.8764152164736,11.7110504661815,11.7020864717993
1005,6.19297317294748,5.19909697558689,5.3784992079801,5.14493059818384,5.13980569210067,5.36540799754945,8.70311234116722,8.51385878319139,8.60801211354149,8.83570590651981,8.71880428517237,8.37234811032226,3.3656875283056,3.722013662493,3.42957456592559,3.20692313451017,3.2684132313626,3.52014421709232,6.32669936167044,6.31575992069202,6.29928955836933,6.46322014030814,6.48281837268009,6.24637110384324,6.33247851230735,6.43753013565532,6.22993552784845,6.26202537674054,7.37445707830048,7.19820126737265,7.48455887181508,7.5941278282822,7.25347472027735,7.60327894981739,11.3222437121565,11.351153388492,11.3461156409003,11.1650175775181,11.1512978592612,10.7308406896466,10.7118544496693,10.8998130812668,10.7961277507314,10.6357505197322,10.6059130821613,5.0631498300815,5.11376793825895,5.04467237830285,5.01161773624214,5.2255522368238,5.23264955051892,0.142050878151276,inf,inf,inf,inf,inf,14.6330667966039,14.5832790194468,14.8196956549944,14.8770872181471,14.5026521660211,14.4830363683237,8.73579068418839,8.87723019302164,8.90702239052149,8.69120663878561,8.57964667623491,8.73379668998784,9.4442882012163,9.42050828399819,9.58999934200576,9.34488956352977,9.22298995775834,12.031555273343,12.0639705568157,12.3478674577147,12.155901910983,11.9748233281375,12.2449864633897,12.1365835481041,12.4256058423959,12.3517592152821,12.3142852448704,11.9977836982353,13.5891017011893,13.5536385491516,13.7656028658016,13.7899195490103,13.5823515271699,14.1219387644655,14.02897681626,14.1999747855765,14.2207127464254,14.057498597978,13.9579397401124,11.8557113329638,11.9368040848922,11.8753809989928,11.6690154944019,11.6961484467896
1006,6.16930883152947,5.20395032635953,5.20413877445801,5.15028741466834,4.8315086534565,5.21025987930261,8.77496996513903,8.76086148412968,8.86193499931319,8.91296697455625,8.95149358221136,8.57978372616736,3.61077903108787,3.78466265870105,3.51607074701305,3.3100594297599,3.68795006431803,3.79009213738956,6.4622746467686,6.39640606280072,6.38594858305707,6.58456697387235,6.68718088974717,6.13921176273709,6.2539560251947,6.32547297410441,5.89214216326556,6.02246510177378,7.41415448357575,7.22560466254357,7.54092619076033,7.70377147629599,7.32404886950058,7.55953759865387,11.1589152173435,11.2995786210291,11.2039256384763,11.0174474291995,11.1484679695019,10.8198433000265,10.9491463238939,11.1773251755414,11.043341556515,10.7597228750805,10.7259471191577,5.22316085282553,5.24147590803464,5.0400119100158,5.19339407084991,5.27130280769967,5.37891866184009,0.14553467885373,inf,inf,inf,inf,inf,14.4933450828114,14.5345945082119,14.6710688610971,14.7101501355522,14.3842739207471,14.3306615054849,8.57825800137953,8.69970358361205,8.75708803382521,8.65256403526878,8.34483569222499,8.5488741269876,9.17727363083285,9.32569964794282,9.32851848257145,9.15561356242481,9.05146701788147,11.9823838781255,11.9160921107846,12.1679855678254,12.1703751920432,11.8048841027828,12.2726789789607,12.0075808473193,12.2744545553486,12.3266753688629,12.128398030251,11.9150676266761,13.5589094971964,13.3989682389953,13.632804566069,13.8191012291769,13.4251494146489,13.9596320982041,14.0177130417197,14.1444254879264,14.0792194479708,13.9240690681162,13.8010600803783,11.6906315131831,11.8746134637397,11.738847381731,11.503539507435,11.6927804213109
1101,8.36829927577522,10.2709242423036,10.1154448705821,10.2153411561877,10.4543285126286,10.3485082233997,12.7404528440737,12.6178226052204,12.5663331742872,12.7458237054288,12.6591546633305,12.6592493577003,13.2964187153539,13.241579214121,13.099433300267,13.1898116369832,13.5818708098394,13.0796982412951,12.5153042206514,12.6038613835609,12.1853204220827,12.3075323366573,12.5166758218306,17.0349726924171,16.9942709444626,17.2189475121298,16.8616384055243,17.1106529182736,7.38846923457769,7.45587555187874,7.20985767570714,7.35475571514693,7.53846054298068,7.48813067172793,4.51252809630215,4.46873899018094,4.39817677641468,4.57542474047135,4.83504265413282,13.5816586881174,13.4658631811331,13.6507535985645,13.7589563536635,13.7366623972385,13.719718063407,19.7002464642131,19.846871020907,19.6397276047283,19.545444321772,19.7929901344596,19.8961840260125,14.4974657055813,14.315112055464,14.5098727776427,14.5398919058143,14.6319069579558,14.4821465800911,inf,inf,inf,inf,inf,0.175029535430174,7.67526165965058,7.7940696628402,7.58424560981524,7.61440151362145,7.8668832688903,7.97625057712072,12.7340723984965,12.9105984956667,12.6737445859234,12.5833125911033,12.8491861926699,7.30190401371209,7.59677042179666,7.42638355453013,7.13946475179081,7.26525667627387,5.03497276316889,5.03780585828023,4.7472375176331,4.70550936308606,4.8676117840833,5.01075085574049,4.46427168821421,4.82646108189811,4.6385514883348,4.30970674842496,4.35244258970096,5.77608896930692,5.94756693712151,5.82062744471606,5.62665242198509,5.6198133739561,5.77071873089375,5.91082800467666,5.90500908588319,5.71624637915659,5.93603176442849,6.0776396376926
1102,8.38764756021964,10.2324216170304,10.052990593957,9.86010973657536,10.2188727618764,10.2799099837004,12.7998128963212,12.6697655891376,12.6445300542395,12.8340565481272,12.7582782172138,12.8490048862661,13.2274735660579,13.2773148644324,13.021970008045,13.2264605608186,13.469252576993,13.1027132904837,12.3450602289237,12.6756763061582,12.2137065450728,12.2524116242668,12.5866920940483,16.8889496750245,16.8248227112383,17.0635339726277,16.7208899147506,16.9968898375999,7.45325276477731,7.46937128612556,7.14444957958717,7.25018725137631,7.58489488785956,7.58639023665479,4.45067396634227,4.36998723350258,4.36792443811421,4.31079182804137,4.58628956951054,13.6463788452794,13.5607058332354,13.8237834820198,13.9549341442248,13.9753868351286,13.7625911604661,19.6566887092389,19.7620147516113,19.5456508627454,19.5527304627087,19.7906727177018,19.909659546766,14.5702631812232,14.4043158623962,14.4018823517759,14.5576899821088,14.5796896066003,14.5246648528836,inf,inf,inf,inf,inf,0.218562621683769,7.6208546524698,7.64028590748649,7.4286285750044,7.44903287903429,7.88246107566055,7.8080220918278,12.5747593077626,12.7568146992597,12.6286577750685,12.4167918408402,12.5687989137616,7.12773395792384,7.45360627276841,7.18369101049993,6.96423120202352,7.10185558954267,4.86233108733794,5.04418154857179,4.68793470374402,4.54114893197205,4.58070178662288,4.84188667500622,4.29898510657586,4.48887728693901,4.48070631910042,4.14197763024052,4.19531614309034,5.61963329620942,5.7864171017704,5.64983997157587,5.46018118933036,5.31372045218371,5.43198357347832,5.75183725279734,5.73245823511282,5.55829612507732,5.8753911499816,5.91804729368941
1103,8.66086298468687,10.330215510832,10.2501057547602,10.1361627085288,10.3523253660109,10.4624242039124,12.9209107129586,12.7956760601102,12.7496390343645,12.9306081758187,12.8441223784684,12.8444320521035,13.4827892113645,13.4181131128495,13.1900294296659,13.526700854429,13.6049639422667,13.2500146166417,12.5525054961147,12.7877926603683,12.5049736988659,12.4916051998513,12.6985770362367,17.0635340406299,16.9632029424372,17.3352954957503,16.902464621302,17.1920749742081,7.5700800915372,7.62144054488346,7.39143002964189,7.53894305715031,7.7164850156856,7.67275894087912,4.59658625378365,4.55781881584137,4.53964779441148,4.68464163831862,4.77432795437643,13.7640946423669,13.6506693245259,13.9700242605542,13.9496421117935,13.9195283988698,13.7930198626293,19.8805592649027,19.9547405798679,19.7344063604671,19.7107612239991,20.052198985257,20.0611062753587,14.6808497589706,14.4996097971518,14.5395347698818,14.7066702478563,14.8185879010797,14.6588482396511,inf,inf,inf,inf,inf,0.340449525139858,7.94439565253137,7.9038426947094,7.59438379486672,7.59443693465412,7.98226771991944,7.95034277293571,12.8574661922424,13.0359528557103,12.7607240642371,12.5605506688622,12.8000232045715,7.25915735519162,7.62534192813484,7.27863342102176,7.09099273631387,7.26295385858687,4.96533651808283,5.15138428962145,5.00843984452354,4.8423098597892,4.8204614048328,4.98402217431672,4.43266681653466,4.53118360717971,4.64964610848953,4.25600529922109,4.35227318707835,5.78555986501222,5.79636062105934,5.78653974589408,5.61553321180969,5.4420714205215,5.474109675341,5.91438027965781,5.86402986947723,5.72566954896296,6.18997698225508,6.19282738913538
1104,8.55854837204984,10.430822481208,10.2926071546273,10.367636829926,10.603053027993,10.5268569206023,12.7043206525745,12.7440255791122,12.673676084405,12.8338524335334,12.7393465776533,12.7475650007599,13.541524177828,13.4551138469959,13.1896086057761,13.3975540476688,13.6375556218365,13.2772358171701,12.5783998065526,12.7043118333326,12.3870825299219,12.5524355714823,12.6365004789741,17.2068723699091,17.1434333444747,17.5390987706636,17.0348152759939,17.3449673403946,7.50240199825941,7.64334564150236,7.44656757996888,7.42673168933205,7.78801889199127,7.56244477868271,4.79818644614195,4.89175130576871,4.56705833602716,4.69114008315068,4.9692103465777,13.5563459269406,13.5456022078286,13.7216740178009,13.7475227288496,13.6858175620806,13.6621065049305,19.871463379328,20.0269087922915,19.857007944957,19.7037138887627,19.9639184066448,20.0580758787235,14.5959788463846,14.4063684829234,14.5703792209558,14.7255914656472,14.8749051466708,14.6989098073049,inf,inf,inf,inf,inf,0.343088396950314,7.9416348632292,8.10443411420979,7.75121106152454,7.77203831362039,8.03661417882392,8.12785167239286,13.0630792070917,13.0790269680633,12.9424585420398,12.737968052448,12.9880425460706,7.62938948683438,7.62957030038849,7.58916644512079,7.28084237542301,7.32656748106004,5.03112311175738,5.206388084949,5.0102747118923,4.86819925906269,5.00876108728705,5.16370588393426,4.81926156460605,4.8116122707134,4.80581096367871,4.44881448159772,4.42218774011669,5.82204266085913,6.11941109956641,6.17243130104246,5.78551799193777,5.79424493505325,5.75890017636855,6.24039122444446,6.05166750834719,5.88239391993575,6.19859291224292,6.39566096309066
1105,8.28030923428055,10.2292627468708,10.1085459813201,10.1210407883423,10.3826412431485,10.3693751808937,12.6185573918363,12.3429915547459,12.3235513956024,12.600486435674,12.5080370135281,12.5074020718153,13.1594374666154,13.227947522468,12.9559875199778,13.0784572260187,13.4217077009463,13.0509560422873,12.3571526822753,12.4695723295335,12.1544576920211,12.1767348178001,12.5437563581472,17.1285813243938,17.1274573645489,17.3190552378429,16.9587916538265,17.1619284395191,7.40854698555571,7.40906961155896,7.24007805020041,7.12304966443442,7.42493339126914,7.33467567988766,4.50741178838559,4.50941978389151,4.37230651946058,4.52532436966995,4.75712235915621,13.4540091715525,13.3186374202956,13.4995597318238,13.6196507339577,13.618081366852,13.6060603930526,19.6758391929561,19.7043501685328,19.433929564205,19.4938572389299,19.7154414425664,19.8567588109132,14.3637736137035,14.1749127489977,14.3528679038126,14.5003124245195,14.5027413855674,14.3741628916267,inf,inf,inf,inf,inf,0.185522422134587,7.74228345949399,7.9858136747293,7.6841026215199,7.5838178602951,7.96810267560737,8.10262530082938,12.7228602611067,13.0221134977248,12.7426795766724,12.5469843656915,12.7894716242231,7.52264673865194,7.68746852719096,7.54474098435047,7.35447761178605,7.53740982087379,4.95183680238572,5.13784200751983,4.81299803898529,4.68420359110837,5.00493989154904,4.97396952525856,4.69769513566208,4.89066078598207,4.74183164757662,4.51917069356067,4.45948388608102,5.87444212733547,6.21199182653027,6.04954663102902,5.74420050860304,5.70342668676153,5.83875033492158,6.00867235354794,5.85067373086304,5.81891744127492,6.00144289242969,6.07484360862764
1106,8.19930447267151,10.0896032942727,9.94959257127405,10.017506919859,10.2821140711936,10.1935424622005,12.5902611398779,12.462353780029,12.5926600056231,12.6173146355277,12.647275411188,12.6640758016006,13.1485543941089,13.0757204238128,12.9633380842457,13.0255412177018,13.261062878841,13.082645175135,12.2039007876502,12.4610970031618,12.0188075038605,12.1592968724205,12.2887265286127,16.9414498846637,16.7617943235888,17.1324451004649,16.674966570448,16.9752238434052,7.1457248941176,7.42687860938658,7.05781417922245,7.05637583871877,7.37923243080009,7.19015109440362,4.34674563630341,4.32554128677979,4.22482882010274,4.40015671621249,4.51681589795005,13.4339831467032,13.4557156825429,13.5293651312149,13.6195299079676,13.5796413350431,13.5597971754619,19.5269849028754,19.6776506578403,19.4918781138621,19.369075968892,19.6099780538892,19.7135570343262,14.3560643082963,14.046780092191,14.1949410163785,14.5196270984513,14.4837644870068,14.3217371164151,0.175029345078056,0.218560937210415,0.340446295735235,0.343088393051337,0.185521246037687,inf,inf,inf,inf,inf,inf,7.74840862274969,12.6549776352007,12.7176497534126,12.5575252427252,12.5301276198802,12.6026105736809,7.33568378826607,7.50150434386039,7.49385402766253,7.16535608046099,7.18448892099571,4.67201714747175,4.95691492573682,4.62783771864902,4.63286662031096,4.61964366829873,4.95858116699883,4.51124896229333,4.70349434885596,4.56261615200596,4.33564762285047,4.27908947866638,5.6877070083003,5.86599915413124,5.86239007820913,5.56541372832722,5.51520169755605,5.6505454020404,5.82801091876293,5.86307762398769,5.64135221860696,5.81683208928504,5.99073135511307
1201,3.15264922337679,3.61177883178776,3.48741666647291,3.52126275951722,3.89993989580336,3.63963111848264,12.0695358842367,11.8600036631028,11.9033863577766,12.0877831816216,12.0115674836642,11.9892241948635,9.32081446567065,9.538378393553,9.13151977897477,9.20802093425233,9.43962825150588,9.24782746917168,10.8648606132646,10.9555649481988,10.6847609121206,10.8124303984584,11.0191050917559,9.32652465278498,9.16836752133633,9.46958775772011,9.19674872332887,9.49129887436838,5.67501365548651,5.48838295574098,5.56002567303761,5.83542493273282,5.77077501314265,5.84290882619249,3.27859476404516,3.25043914564052,3.38264003969531,3.21847079098844,3.15386932796063,12.994590697958,13.0736770779396,13.1778182054943,13.1587925778476,13.0285357350986,12.9937648216437,13.787011568934,13.8301261300912,13.7760327736462,13.7442774671471,13.9532407063736,13.9532038808657,8.60661880071381,8.31707409346924,8.45444705866218,8.76661963484173,8.73745872896032,8.58281354560792,7.67284185519285,7.62054962552516,7.94429191546316,7.94053083648869,7.74036818742958,inf,inf,inf,inf,inf,inf,0.191203914119159,4.97107384289189,5.14840083011211,5.00305807819697,4.99151742454095,5.04562252764532,4.13418419483173,4.16063465389485,4.15997377869599,3.88801378524316,3.79065036437988,3.50616832052524,3.44434140558236,3.68696015824479,3.61974072395782,3.5621491643325,3.33369123499883,4.85880156907049,4.81577366762496,5.03271087044917,5.05340070117267,4.84268026132168,5.37393388462539,5.28817303771591,5.46315921537501,5.47740916615699,5.31539890840892,5.21090850948601,3.03999277525742,3.21344464177736,3.16601351743352,2.88950615638682,2.96798713251013
1202,3.34091634523346,3.62367252897329,3.46100195298345,3.58669701115698,3.86628576017506,3.7843415762133,12.2061702638425,12.0754639694679,12.0639123370847,12.2521756522457,12.186291274616,12.2463200394574,9.60282262343065,9.65770033095276,9.29132837034802,9.32265221012403,9.75296459102617,9.48181184387988,10.9791208616123,11.1423608462822,10.7870315620612,11.0948435032216,11.2999343263707,9.35890761509434,9.14436242032851,9.42315876022846,9.23468799558446,9.55383666687878,5.83535203665891,5.79716283025513,5.83022153631237,5.98289929907389,5.88986000779663,6.01414893631445,3.28115864537001,3.34597013303063,3.41129307107242,3.28451773140124,3.12842126206849,13.1836949203818,13.2444288678716,13.4073302128031,13.3543242256437,13.2180553555497,13.1827136919284,13.919526177941,13.9198158747871,13.728818957244,13.9103049175779,13.9410578286235,14.0650945355731,8.7566599912017,8.40455783242818,8.49120101102967,8.7268440348983,8.8758323591918,8.7012082503141,7.79297999863155,7.63915243123778,7.90330938522838,8.10406152493973,7.98691084966657,inf,inf,inf,inf,inf,inf,0.163242923782005,4.94529030281673,5.12749641820862,5.02877919606457,4.81196549276357,4.90788954508019,3.8412060968408,4.0672837781324,4.02395625727905,3.72839565692222,3.66591607130023,3.54473435076826,3.48200306338647,3.58366579699481,3.61642183076478,3.41489271118307,3.2204314860445,4.84891350804092,4.71073183727214,5.03858970546506,5.0887900921018,4.7250161649464,5.25870805190681,5.29837105866801,5.43912073974828,5.50520919690743,5.23987293678376,5.10651496237778,3.03331513992203,3.18164031408179,3.22671996776237,2.93463403936428,2.91242611859477
1203,3.28550111448971,3.87630325565578,3.63785718269191,3.7568618117964,4.05697497158099,3.81160850986994,12.247031237148,12.1258685584498,12.071417333709,12.2495097896688,12.1622150709114,12.343123826822,9.48793376908701,9.71716698397477,9.28999474127204,9.38479832421949,9.50004602242711,9.39540734767924,11.0735494162597,11.0059570967627,10.8655495638686,10.9830947715556,11.1983396905417,9.49361630338684,9.32258209456502,9.60804023711953,9.39341914795233,9.6687826367594,5.77620134677926,5.45213026622433,5.62324512577037,5.94159009401331,5.68260993365427,5.91897869070074,3.10305365289367,3.20318548321451,3.21849392873288,3.07556303093592,2.82400165726042,13.0592380050162,13.0735376947021,13.2218885277941,13.2462089095965,13.1459564316921,13.1154497886294,13.9618826520027,14.1089924392846,13.7972732709568,13.8988392258432,14.1203316238088,14.2704959970982,8.77343210884187,8.59008136934832,8.78364287337364,8.92240989486195,8.90861128193606,8.76163734024667,7.58369264201753,7.42809942353132,7.59364162476169,7.75062015690683,7.68516240195845,inf,inf,inf,inf,inf,inf,0.322016683554123,5.14920225072682,5.33223134532417,5.08520926561201,5.00341309139516,5.11908647538242,3.95880095871554,3.99318447770425,4.13428538372524,3.80851852635293,3.63752500691419,3.43064351246567,3.28655650370963,3.52148981092878,3.6090069331063,3.23296964031635,3.16637580244946,4.67992582805152,4.6517693341725,4.85657909859299,4.88281555020495,4.67866612839543,5.21365559741714,5.30292013191475,5.40263368879781,5.30627948678149,5.14174299098523,5.04814351212708,2.86625393727217,3.03877132367121,3.0067539306763,2.73273165164352,2.79345908237807
1204,2.99861680621669,3.63152974437909,3.38232333498466,3.57544497112342,3.81828169296929,3.73594108650965,11.8836183223799,11.7529973171804,11.7344323317251,12.0150691581881,11.8521773279287,11.9219094983593,9.26663154271672,9.32834327819696,9.06231851555869,8.99972143474128,9.24600659860038,9.15237013073754,10.8510088091882,10.7756104048616,10.4664539815731,10.7657203430721,10.9728664212756,9.43940739421897,9.28851450581905,9.61246786304681,9.2745841714281,9.55602845320516,5.50896566357803,5.32009655594058,5.38165854864697,5.56063828934067,5.4379775040845,5.87202319638673,3.14154865756482,3.07847578142759,3.34455576363332,3.16014201629494,2.97344436923462,12.8176868642522,12.8987613096978,12.9982473268995,12.9943242941228,12.8884658827969,12.8589583183969,13.7573018382121,13.8710068324861,13.6820847152907,13.6592769197083,13.8931915059119,13.9411361587279,8.5528249232336,8.5493619971613,8.53272452742465,8.68206838197502,8.69306021342971,8.65729412663424,7.61363340488092,7.44854755516549,7.59495785059429,7.77086283659738,7.58218026936303,inf,inf,inf,inf,inf,inf,0.358360257904266,5.12416943384802,5.30594617065805,5.17639359540998,4.96483101634739,5.12238687214938,4.16457983582833,4.22880792809885,4.34533914370813,4.20123770552856,3.99049850180277,3.59426048582641,3.39350828883743,3.76886868736952,3.6637661711173,3.46207811232657,3.35522445783631,4.89683218438835,4.90072774920391,5.08411820310239,4.99782775335736,4.77720529446844,5.30998467481222,5.34501179135567,5.4878346253956,5.44924817555621,5.37196762101852,5.29826746735804,3.04247066372151,3.22638944961103,3.12115874568252,2.861431702327,3.02224283756727
1205,3.10712665150283,3.43973104671459,3.34311576619779,3.33584988996338,3.59240038997796,3.57016917422148,11.909985151141,11.7532361764828,11.7787210922078,11.9652757563808,11.9126574841696,11.8412444098259,9.16832346309103,9.35845875203221,9.10524632303817,9.0328217062904,9.27026126754222,9.18454147836336,10.6895036364874,10.8283878902428,10.4072954006822,10.6556472388431,10.856865465682,9.15458102574428,9.01615002008853,9.34844247273428,9.0153509114302,9.3068780143777,5.63729895324445,5.46275730491325,5.62725315534324,5.95425681043218,5.6867104715109,5.92375056523278,3.46407771036656,3.51173327425052,3.52125324466928,3.39311512143032,3.20216037491621,13.0267906249038,13.1575640852864,13.2096922176712,13.1426906116736,12.9865633799756,12.9507466327021,13.6244714517038,13.7910584366124,13.4465847328147,13.4192668700574,13.8038819511255,13.7778167288269,8.32313958735024,8.13345911601708,8.28324564446077,8.44264608441322,8.58131223338995,8.34933371291828,7.86572457434112,7.88209736308031,7.98205063930093,8.03549429506233,7.9681000158159,inf,inf,inf,inf,inf,inf,0.169857000819025,4.86718394519924,5.04983094504175,4.79702748264391,4.61322993735895,4.98834755534223,4.13435761365994,4.22305951809054,4.31686446479774,4.15859403246201,3.95556965864205,3.67825152808938,3.70223005699087,3.85779182595852,3.80259457322075,3.7104325529196,3.50518901456801,5.14429167531919,4.98550029964107,5.33518431369572,5.22853137895435,5.20685641751985,5.53861619038798,5.46934796151493,5.72522174986013,5.79703514614957,5.63105404774445,5.37935882664605,3.27803163771702,3.46314726067726,3.353799615755,3.07090373216052,3.15009698685706
1206,3.27937746852831,3.46486856270216,3.31484392195789,3.42145545360004,3.64318759023449,3.54801647576506,12.0651587525914,11.9359917289484,11.9475720300824,12.1326251226536,12.0804007515639,12.0829041031483,9.32273977891096,9.66226303539449,9.22003400659299,9.16738473277664,9.40839825065927,9.31443521907897,10.8217499705198,10.9357093068291,10.6277324589718,10.8075909493305,11.1339016849076,9.17490949301899,8.99826026058386,9.28638735211642,9.07089903957068,9.38915137625674,5.86424748025507,5.67526113330976,5.74058272394685,6.02649457929605,5.80258937398869,6.02547904696972,3.42071762478401,3.43710142171849,3.6443367688538,3.39188536715196,3.28391853345983,13.1548838198459,13.2566588786216,13.3409001002866,13.2941342682225,13.1441357570709,13.1078770140938,13.7732050273804,13.7576572822462,13.4675376045674,13.5425199587408,13.7764397155773,13.9076995249954,8.42988683129744,8.2417366217487,8.41705846059496,8.49971803813191,8.73244062487379,8.55033915098697,7.97576583794513,7.80739230899052,7.94967706192984,8.12734454347996,8.10333905708044,7.74735246045446,0.191202862631009,0.163242303381553,0.322016590308339,0.358355064627169,0.169857331643795,inf,inf,inf,inf,inf,4.86064454288887,4.00889485145108,4.06882391306049,4.1885643732662,3.88101373197254,3.82959913039423,3.69224647650028,3.56478206701161,3.74922618982059,3.77544881092067,3.57333485155738,3.52635569064886,5.20726199844656,4.87597508031375,5.19545053255318,5.23671174138251,5.0471913136085,5.42316292686667,5.45458896572333,5.77901525822469,5.65788301928284,5.49068905443183,5.27202396816696,3.17814789064092,3.35889541818937,3.33169736890065,3.05332267039451,3.07111718230103
1301,6.54029819712746,4.7398468249858,4.62520474296643,4.93116629761716,4.86397764845271,4.56017978422326,15.5425686357041,15.4521794667756,15.7129268758523,15.6615475867746,15.8331635734273,15.4386963216888,10.8488274086735,10.9073047821266,10.5467122915697,10.5798855969506,10.9957504923218,10.7313550408747,13.267950418824,13.165409697386,13.1906075699432,13.5136584112598,13.4868409976487,6.9384696320737,6.56240103321469,6.87016154165955,6.63822082919721,6.96111579707964,10.3612772064292,10.1720940530593,10.2166297552387,10.3823277540987,10.2763807998967,10.4249244560392,8.251173114827,8.20305014637554,8.38988708849286,8.21090054248761,8.07553593369589,17.6060246196242,17.6518986244932,17.8125988675753,17.78329658107,17.6512162127697,17.6163709261379,12.1518519032019,12.1511232581353,11.9612364930726,12.2122360493916,12.4477250740588,12.297305492392,9.30629785384918,9.02735594841069,9.28143632747088,9.43089858656711,9.44665747000363,9.17733994076578,12.7332048785101,12.5737605205234,12.8623451828008,13.0681318008609,12.726537134824,12.6529193127727,4.97191007746789,4.94489157713229,5.14910008818824,5.12502438615317,4.86817637441898,inf,inf,inf,inf,inf,0.164916832272349,5.85508891659411,5.82925028660948,6.05718194088417,5.97226471899746,5.73808293619004,7.88542253918063,7.69724831146013,7.90126505129656,8.03043905701803,8.04396121873894,7.73484292278536,8.92664932425384,8.82377912616236,8.9294570582598,9.10602127237389,8.9050049662436,8.34686251214174,8.17174075703393,8.32366806484213,8.49713885167226,8.41930071804395,8.40612206530851,6.82343972565467,6.86056879404949,7.01690120304807,6.85657606938111,6.6580551041034
1302,6.72309450412343,4.9228612751052,4.96969135282499,5.11410666935389,5.04304200018388,4.6515482081449,15.9622436521523,15.7876367452488,15.8011214328275,16.0074122752743,15.9379069596269,15.5610897757244,10.8371389400188,10.9471332387056,10.6523784244999,10.7248603827971,10.95495530633,10.7750919321059,13.5474593613225,13.3810868145045,13.3728276237892,13.6932534555992,13.6674729770034,6.65300007381638,6.45191024308729,6.90636420679553,6.59873107829569,6.95668688436387,10.41730684223,10.3525826592411,10.3997336972662,10.5621809482463,10.4591538609747,10.6935065932362,8.35002559651199,8.38517596677486,8.57647301024794,8.39070096874671,8.25626748029152,17.8048732427416,17.9309499512459,17.990365088419,17.9340853389539,17.7842128181448,17.7479396227976,12.2756321686472,12.1570686344055,12.0015509909235,12.3655256192303,12.4436866789945,12.4431770786433,9.29384876447739,9.12617880247886,9.35140649777861,9.45935550664398,9.42273907377079,9.32545186041207,12.9170604632816,12.7564418925717,13.0408523272041,13.0854019202139,13.0270777000202,12.7208910213385,5.14920307704423,5.12703961584247,5.33201238307706,5.30677353363554,5.05080019487208,inf,inf,inf,inf,inf,0.274224075013441,5.97923253295453,5.91438137796507,6.11728621183299,6.12534773017188,5.88783544332274,8.06769494690481,7.88176285694059,8.07928870826806,8.21299083859661,8.22253293997624,8.08610116799785,9.0498071791518,8.9077038372307,9.18334109835811,9.24637939675905,9.05988567679045,8.53014753695292,8.3552373388071,8.66003600369621,8.68414309627475,8.70994408254593,8.44218231998498,7.00619847469219,7.18705094122021,7.20193397328399,6.88857386482942,6.84064680036278
1303,6.62022313264108,4.95324368131386,4.80567950959367,5.01102374541329,4.89794611921186,4.61495560580819,15.7818163115156,15.583082048733,15.6378774812236,15.9137246918849,15.971233225439,15.6036989821833,11.0003397380547,11.0739071216558,10.7990255995911,10.917702868165,11.1653992334944,10.8974174534229,13.4218075786331,13.3091387630053,13.2750971382956,13.5557895006244,13.5807438754621,6.91881180005535,6.72044529097079,7.03597785043396,6.91625178269024,7.11516808308134,10.4017469777287,10.2153426526215,10.2944288906848,10.5595123815994,10.3445104894879,10.7348867644325,8.17572201956483,8.25728743911561,8.31877524769883,8.25395584300926,8.17222588269645,17.7563103130198,17.8082884124653,17.9306693546211,17.9377600131994,17.8324196942953,17.8019753260476,12.4547042127233,12.3100321691334,12.1273061573095,12.3739325844488,12.6021481721972,12.4657567523245,9.45390914213324,9.2658108637495,9.4502575562422,9.59387396705141,9.59242050624646,9.32864428598492,12.6789519230582,12.6267698201389,12.7600813567549,12.9490621189952,12.7452169131687,12.5594653730294,5.00402854663231,5.02847601323622,5.08506258120034,5.17741884848844,4.79684842583989,inf,inf,inf,inf,inf,0.335467609727376,5.77236560479555,5.70671000839318,5.90033524507138,5.91371805754876,5.69884641245223,7.8059865017234,7.62822038692236,7.93721102346437,8.09219475617433,8.12843621202351,7.78120596508177,8.84594671872098,8.70056757360431,8.9550760414967,9.0329250016537,8.8746675335349,8.27997418051562,8.24349877300191,8.36141657913256,8.45290327275045,8.43309569777003,8.29850222272555,6.8961382329429,6.89583145592298,6.95422445453691,6.74692942152687,6.73887175900328
1304,6.4042474665993,4.58898794963989,4.60239097103423,4.94545868067221,4.69423897574254,4.40337060799347,15.5060797000828,15.3886772517511,15.4304645517583,15.5998701813104,15.5652681580742,15.2509009688591,10.9927932977112,11.0130023723894,10.6099517558707,10.6881892419178,10.9507972114634,10.8449296237776,13.1631460580147,13.1133151191527,13.0574863154819,13.3467039606969,13.3635750605842,7.00165150277681,6.81280144785603,6.97193287527693,6.83999245507331,7.09701249955831,10.19593697855,10.0067803399798,10.2380298570651,10.358153249537,10.128729024331,10.3555590944164,8.11767628282611,8.04688232252768,8.24913963645573,8.04574295985993,7.78582591233525,17.5691328747322,17.569113976355,17.7283145658633,17.7808687813486,17.4456904320373,17.4099278761877,12.2410089447754,12.1253372216189,12.066072970369,12.1902143614699,12.5829521643881,12.289527823654,9.25895997212157,9.16566932016733,9.38242043573233,9.54984769059987,9.34538862190754,9.15606461695698,12.583574631468,12.4169619205103,12.5604696872266,12.738075634479,12.5515848863212,12.5306098791885,4.99090031261134,4.81146501355664,5.00330271415124,4.96535258827067,4.61283512635093,inf,inf,inf,inf,inf,0.279675037957039,5.692308005405,5.69931937962551,5.85785533471769,5.79599406038759,5.56003462702067,7.61568496182678,7.55477855233999,7.93385745247794,7.88002284307523,7.73462527104712,7.57277373391474,8.76567694198801,8.6920047254768,8.78404789112614,8.92632043115695,8.7261569944121,8.20929033869424,7.91840419968126,8.15877992254902,8.34420767320168,8.38779144537024,8.29579629767236,6.68219531823352,6.69478284481025,6.87111623657463,6.53830897073462,6.39295551897631
1305,6.51070803744452,4.57879716760813,4.57100804329804,4.90725114238188,4.66460251744113,4.38889164119138,15.4256150639997,15.564491623711,15.5490524930312,15.7395774615058,15.6727299264802,15.2880871059767,10.5567313635333,10.7454908505595,10.3820606528529,10.4189933601804,10.6581258175608,10.5083262881938,13.1875422376154,13.0520839925395,13.15185720918,13.323453064046,13.4414980664145,6.77413298411184,6.40776761908052,6.70899667579316,6.58048442337433,6.95653957484223,10.1680020400484,9.98011636944765,10.0579226267819,10.3259595249314,10.2520714162491,10.3384031859707,8.21187851845245,8.19669479816824,8.35482707887719,8.29522086833149,8.02803152179919,17.4857297944239,17.5658402302842,17.6687936898416,17.6430443539725,17.5041731268113,17.4683439014986,11.9881393705776,11.9980294829963,11.8000850626488,12.0560405614992,12.1663928859905,12.1381629119661,9.19123862989947,8.86662796337593,9.0861309531694,9.35449000473085,9.2229603566108,9.05147759272871,12.8541000193704,12.568857445482,12.8046554985258,12.9928424222905,12.7875864115488,12.6014014876549,5.04509128720681,4.90744151849175,5.11886853289074,5.12315040882365,4.98786192626118,4.86027208944731,0.164915728905238,0.274225453712045,0.335463129077078,0.279673965843057,inf,inf,inf,inf,inf,inf,8.01089228615716,7.82761644359447,7.98052921248277,8.02147472908915,7.98145025848206,7.82768676645068,8.92728881073683,8.73600400307637,9.04817518700264,9.22633701193499,8.98635192890994,8.31430289086429,8.15406403787912,8.33307727638448,8.60262919955395,8.4731705171225,8.34053849554204,6.79502969953532,6.93973109358192,7.14038205141706,6.78814407104192,6.62996156057502
1401,7.22339514785211,6.97652913323193,6.79139942964351,7.03334416723901,7.1658518194711,7.06970174697525,16.0610856876361,15.9472446205858,15.991043952102,16.1587989462576,16.1394384731564,16.1958329960323,13.4509272338463,13.5025552281161,13.2446592001475,13.1743926628173,13.4133197149484,13.3273418648096,14.8337720249005,14.9684251425516,14.6372630239466,14.9451395768667,15.009357019707,12.6517167725822,12.6207330459221,12.7466095867219,12.6208250329221,12.8473553352175,9.04508766614881,9.0634991014838,8.87157786726285,9.04462750770234,9.17866945636606,9.31421842241014,4.35793684535721,4.2145332344798,4.47023022341151,4.41078095914994,4.13843276945856,16.9270453327053,16.9400451189422,17.0834331993031,17.1179953289657,17.0409857704898,17.0163979833415,17.1107281853066,17.2274881968903,16.9819493402391,17.0056182479445,17.2426581608836,17.3524649322189,11.9028465104782,11.8683064573563,11.86870155839,12.0249495658746,12.04329558687,11.9952644635699,7.30061046412244,7.13080183451073,7.25803255992232,7.62990690107326,7.51955716107761,7.33408903808485,4.14254973810284,3.84867006273922,3.96156592676524,4.17250311211916,4.14113141365763,4.01610475287828,5.85888370537388,5.98253054623759,5.77727714671957,5.69311693873582,inf,inf,inf,inf,inf,inf,2.85245802407339,2.67417795529833,2.85930914165706,2.99651912183788,2.98704605295753,2.83220347450796,3.09836187599183,2.90813878638911,3.07565694959502,3.27268037676466,3.22151902341339,2.65002369897111,2.47093827641907,2.58029200253042,2.77435029486545,2.64915784057267,2.51789208407289,1.67697600050737,1.66918947532877,2.00152683010985,1.79924791689775,1.52376220153264
1402,7.46055830388446,7.04802646628826,6.7294388544793,6.92579283314258,7.22594766882295,6.97883966616783,16.2162794917892,16.1175330435135,16.190335721709,16.3285327511361,16.3163783595229,16.1598593644263,13.4807024368551,13.7100393220322,13.2849966430887,13.3779747249246,13.5015363819384,13.3924491715696,15.037194139871,14.9996540036375,14.8601547769808,14.9771834896773,15.1105162865674,12.6952954929397,12.5040198923925,12.6805987768222,12.7094012511656,12.8898057921718,9.30958203788252,9.12768176022602,9.0471732336298,9.34530143274121,9.32651266052623,9.49082861410069,4.48089596677932,4.45732422321926,4.62286296588578,4.58073753994573,4.29934829638267,17.0768135565651,17.1148351974302,17.2485007808014,17.2585766262715,17.1489067531929,17.1170551272271,17.1242480735454,17.1755384858478,16.9603429268284,17.0641196877022,17.2835681206186,17.4307126442766,11.9350263923788,11.752928401493,11.9507610930289,12.0860758495366,12.0697612341735,11.9227137380821,7.59299613713665,7.44734878803323,7.62311773754348,7.6272003203824,7.6792231389487,7.49463815850747,4.16582428881916,4.07078963536677,3.99315396599024,4.23379294661945,4.22517434643467,4.07148148207668,5.83071443707543,5.91608140115301,5.70923943019436,5.69781676237186,inf,inf,inf,inf,inf,inf,3.01200185234445,2.82928823115973,2.98573664588532,3.14195089132264,3.3415873429401,3.02807744227132,3.26857142298003,3.08100014712628,3.22680440559273,3.43671826042305,3.23793177611546,2.64753508414355,2.64625043413242,2.7495281743831,2.81059616083052,2.8127566638957,2.69082695570014,1.95939085625993,1.8373834238153,2.15351701918151,1.97255870688503,1.69971078244569
1403,7.30316371268342,7.15720103469664,6.96953694421171,7.20933070552004,7.34607614363991,7.13474308459983,16.2391570772265,16.089580757265,16.1144447189869,16.3001672210729,16.2474919131034,16.2786199346656,13.4990063338854,13.8817360331014,13.4232637436336,13.3543736059889,13.5940288993619,13.50908983018,15.015261102858,15.1436808937252,14.8244089528609,14.9901215632455,15.1886501977932,12.8286578503841,12.6267381501296,12.9294551162219,12.8011786737948,13.1850179485665,9.25419684985198,9.24345942481081,9.04914536458483,9.33607853966941,9.36441980113928,9.42340680530595,4.49715422913038,4.3701708568708,4.46793440308303,4.55133353422272,4.31525987306019,17.0932642087348,17.0506278012479,17.2235505505939,17.2863255668001,17.222223967347,17.1985082511138,17.3876552225586,17.3926731736785,17.1357700822507,17.1851614516003,17.5700311337388,17.5330004112797,12.077685468647,11.8878363384289,12.0493580210592,12.2051172682899,12.3546959184457,12.1778137178995,7.42694112594162,7.18609181535679,7.27733948065183,7.58966748972956,7.54146543172389,7.49357131350901,4.16690971668648,4.03113225643055,4.13536909745755,4.35260287440196,4.32183819668982,4.1941313427301,6.05862843572766,6.11864339616564,5.90405472235116,5.856852288256,inf,inf,inf,inf,inf,inf,2.85414576970184,2.66790569795844,2.85670330589333,2.99591515176294,3.05549129418929,3.00663176721083,3.13788750302586,2.77782589778428,3.06182149773007,3.28728244730657,3.07065410332945,2.38993470678023,2.30769038528912,2.61621660695797,2.6328879208931,2.66623690905823,2.38608548289815,1.79637659812663,1.69897431906049,1.98782240779168,1.86583447315483,1.61508423213034
1404,7.09261940091754,7.1329447965649,6.95035576645036,7.01621361893895,7.20647480404005,7.06963169467073,15.9770130260941,15.8508027745495,15.8706234012668,16.0532562564738,16.0041667172676,16.0495765439414,13.3010075802674,13.5233337399401,13.1050106020234,13.0644359681874,13.4315779112671,13.3582286002623,14.7223337683215,14.8178331757434,14.5274483240673,14.7985387794071,15.0066466327847,12.7853355341526,12.5911132305266,12.9204657477436,12.6383424216297,12.9823040754904,9.04298462208516,9.10358504126235,8.8643407445025,9.0037141166169,9.19226847366388,9.1385036264602,4.15344290599265,4.14141827384484,4.32726555299477,4.42452820485898,3.97026575751236,16.8345206689112,16.8061427880545,16.9859176323012,17.0751013905025,16.9429465434031,16.9144724157023,17.2220443958868,17.3143906278775,17.0975941775322,17.0531496010189,17.367851246273,17.4022133733009,12.028962796853,11.8454052856869,11.8928662007815,12.0619348421122,12.1642997136954,12.1735418941351,7.13811883117616,6.96721158025177,7.08986305070706,7.27966406726857,7.35141188196346,7.16615976677355,3.89646344396313,3.73492755276435,3.80930191483605,4.20933686521168,4.16511003168211,3.88574034394802,5.97547277566777,6.12875352189169,5.91873924112836,5.79683544843319,inf,inf,inf,inf,inf,inf,2.68514209762212,2.38318212682194,2.53954826933003,2.84701551431737,2.81903281804941,2.66583973557314,2.93044740741817,2.65549699736638,2.91118492116471,3.10346825172826,3.06029683149,2.31600419205167,2.15070370527427,2.41212299633938,2.60854523876932,2.48006770234212,2.34685936448863,1.51956629874016,1.50141428022196,1.69947102611298,1.61508423213034,1.37529297789885
1405,7.05041534248337,6.99233315740916,6.61061265942701,6.71668647378715,6.98969040443451,6.8887724030373,15.9158709449952,15.818382706168,15.8849321422897,16.0298639896745,16.0146087302285,15.8299181176698,13.2746735091613,13.3147743789312,12.9383579399379,12.989429563078,13.2306961268286,13.1414879808908,14.6504886487911,14.6507569990298,14.461069185105,14.7806545471027,14.9837499826406,12.619896866489,12.2674967643248,12.5668335661635,12.4400914890729,12.6766305001171,8.86919623374567,8.89263775819352,8.84801346524801,8.94575567877641,9.00314130642176,9.00146336281275,4.20275301105048,4.06853175267575,4.28783161282681,4.39383235106661,4.13568152329804,16.7801219025047,16.8171733257605,16.9700027355635,16.9586572405485,16.8377321229269,16.8038335251168,16.9523751313426,17.0721902108835,16.8616854654857,16.8273332555079,17.0694329187615,17.1402476427386,11.855596227468,11.688866423601,11.6864008475609,11.8459620759488,11.9809305894064,11.8131288741653,7.26415270439314,7.10449187243363,7.26313422698832,7.32583577103093,7.53066495399918,7.1861237911699,3.79668212187123,3.67071478337878,3.63729310937834,3.99632077840523,3.95922156755874,3.83382106200355,5.74128493864097,5.89124695853085,5.70299383056111,5.56088920060146,inf,inf,inf,inf,inf,inf,2.86188357735796,2.50173393894657,2.57385322515767,2.83867559627979,3.01172457618074,2.81553246575843,3.08973531203053,2.89853530383969,3.11956511163282,3.2779484022962,3.18017143720243,2.59717592550737,2.42156986742619,2.57346697228688,2.74667231238964,2.77009337976727,2.65975897725296,1.62903216504919,1.66595094531652,1.82231410615592,1.66619072843392,1.46395712877709
10101,6.08264942008061,7.19042743885116,7.03971412341711,7.06200957683212,7.32859545716237,7.14757181795666,14.2073257953992,14.0811902686316,14.0373909840814,14.3837163347016,14.2861755044674,14.1264824622041,11.4593086117266,11.5718180047292,11.4326512377035,11.2324110261805,11.5774422768209,11.4992898420663,13.0000162425223,13.1558714574806,12.685165396335,12.9459618932119,13.1522238691432,12.9003336125977,12.6812478769631,13.0191716957283,12.7494875968833,13.0367382887964,7.19815325693555,7.11386532194698,7.0196864944484,7.1687627962667,7.26383735262823,7.44253111487278,1.66536876468707,1.51690407431572,1.73473105995114,1.9060170821522,1.65443099559861,15.0544621946976,14.9786338990846,15.1587759897922,15.3874819586254,15.2323219130199,15.1963111808328,17.4501878656013,17.3509940940903,17.1159323448225,17.2321208909571,17.4405184533433,17.6038825032487,12.019672083537,11.9392597813469,11.9591027652822,12.1243337683544,12.2416422555126,12.2791667559574,5.03521181549225,4.86406043074145,4.96545038601195,5.02947837568316,4.95051001712049,4.67106637979781,3.50684688939291,3.54557007095542,3.43080994483055,3.59512298431758,3.67876218498375,3.69293195736941,7.88423380206493,8.06641635028479,7.80678813569187,7.61660807937726,8.00676316413629,2.85737822688516,3.0165686759298,2.85828581318026,2.69009914192092,2.8605006645517,inf,inf,inf,inf,inf,0.17370193500455,1.48723888592828,1.30957482566354,1.67825796595703,1.54706640352985,1.33783577027628,2.33465531742669,2.32762992780005,2.33217642245529,2.25011470730761,1.97511879369688,1.94900306720246,1.06075397759692,1.06449913258406,0.867050812990349,1.06571466782829,1.22492199653071
10102,6.1610518483088,7.05845411876902,6.94163592553031,6.99074323806886,7.22594586054252,7.17272754975817,14.3863095280796,14.2729572173179,14.2048932661805,14.3710148155091,14.278517554014,14.2752589368997,11.6223881860528,11.8697163737539,11.4192279215134,11.3660355754762,11.6067081326477,11.5136678950581,13.0155098617924,13.1288202490467,12.8209424326996,13.1084506143583,13.1990466234073,12.7693679177259,12.6152493632243,12.8993557089849,12.6473475526216,12.9324551025665,7.37233330569449,7.24696748273812,7.07210201323123,7.3075643167264,7.52980584847173,7.44367103439717,1.79313606587482,1.62463666391786,1.83377915809337,1.96614243431487,1.81326984015527,15.1340030486314,15.1270184364996,15.2850376482256,15.3249574385973,15.4094369174902,15.3744156274509,17.2812309391199,17.4620986011072,17.2500724838967,17.1083238849548,17.3391839936191,17.4647632374895,11.9946514151844,11.8061030813643,11.9825959292858,12.1314989235916,12.1332726484868,12.0005137544317,5.03578953262748,5.04595837824983,5.15154375654059,5.20430658161905,5.13652451841137,4.95624900417953,3.44611595989846,3.48297251479581,3.28609388592942,3.39514836975071,3.70294955619688,3.56427432566997,7.69749190517059,7.88075483628126,7.62896708078936,7.55137977033773,7.82357893698225,2.67920368154529,2.83383601790545,2.67224978498187,2.38698991557414,2.5053707780478,inf,inf,inf,inf,inf,0.257386050657382,1.44592962840217,1.30712213912222,1.63139424233391,1.56158199700869,1.34021886382476,2.00999353820875,2.3566038581186,2.31058037612477,2.08270733741285,1.91597137010741,1.84520094375998,0.873764283902596,0.877009046501134,0.679567326777728,0.886431925724949,1.03828551050654
10103,6.26305250967952,7.30093531503978,7.17796289647289,7.20960227805398,7.58871834918345,7.32702293795042,14.3855424273293,14.1784830620774,14.4147541708229,14.405455847488,14.4602262465712,14.3057385303034,11.6394988614531,11.8565641118654,11.451044043435,11.5256338106157,11.7575541451562,11.5683014981146,13.1787769786643,13.1517845103204,12.9983931053283,13.127173789145,13.3336743593656,13.0123645753036,12.8550995027022,13.157664520593,12.881857830777,13.1761998002116,7.58650023122798,7.28852979623139,7.2004199905904,7.48642883643751,7.56908301064957,7.61829845677244,1.9380949983162,1.68816502628611,1.91268054412593,2.08670508416236,1.83425123975922,15.3201093832656,15.1390981262509,15.5040775534389,15.4818060743972,15.3494405457164,15.3144185498346,17.5268595980179,17.692860518795,17.30432510379,17.3502753911656,17.5836115214558,17.7079008919743,12.2918044076394,12.0006205346658,12.1385256588038,12.4527494166614,12.4221325497727,12.2666852942632,4.74494397609335,4.68840897418334,5.008672684092,5.00813734017629,4.8104484781069,4.624852506174,3.68755706453067,3.58317058890144,3.52074202888417,3.76965011173207,3.85822102746727,3.74830308019486,7.90081343356821,8.07884708566416,7.93614261457661,7.92804350939001,7.97770522993721,2.8613295533555,2.98233260260863,2.86162205145117,2.54439501671022,2.57419538469396,inf,inf,inf,inf,inf,0.35552198693966,1.17270513524315,1.04253521533683,1.50540151661824,1.36658109485821,1.09005701326423,1.95514359263372,2.14928762364081,2.32454188086397,1.96800281988481,1.80909273890296,1.81145364773108,1.06970797046433,1.04121003245171,0.874830104941304,1.18792719526773,1.24751122759608
10104,6.1664262690241,7.36384331881098,7.11050984862144,7.23130042547834,7.48220593282195,7.40848924260021,14.1821800231102,14.0514472781924,14.1372822797996,14.30507644925,14.2155526416585,14.2124590597259,11.5572754867833,11.6265072254357,11.3541681787876,11.2967802401183,11.69817413322,11.4500373256432,13.1335833951221,13.0700598085561,12.7577253768457,13.0513992171532,13.2590900349734,13.0979907899395,12.7649961363043,13.0773685718626,12.9218049206639,13.208983279964,7.1915377588951,7.18426330386476,7.12546132187518,7.24518014395028,7.311858581009,7.58201692029075,1.71999204437154,1.57482737320289,1.82736626704884,2.01317374288576,1.74694067869926,15.0414863049052,15.0224904795795,15.3363566782257,15.3153868794272,15.1952958706031,15.1631040545397,17.6163169963481,17.5069096383233,17.2883322260906,17.425755263346,17.6119776277273,17.776812562384,12.2086706833493,12.028547334953,12.0830942176392,12.3439094304088,12.3484419678738,12.3331899872706,4.70464610382751,4.54176128706838,4.84246008258512,4.86655279252309,4.68223746004617,4.6323338799443,3.62022568353378,3.61703618480873,3.60965839347431,3.66440201397897,3.8029262904567,3.77592368651974,8.02975165970903,8.21220991717857,8.09032551331488,7.87617273633889,8.02100563461298,2.99703495568825,3.13720594387046,3.0004584037775,2.8521215106074,2.83560518177061,inf,inf,inf,inf,inf,0.3132951807966,1.23440754786879,1.09075563714156,1.42024197769653,1.46606321878901,1.11901732614143,2.19917453355306,2.22625885887185,2.37472084085986,2.34144374509442,1.959254553782,1.97823479824824,1.20576689313285,1.19217421331092,1.01060525458466,1.33676675018327,1.37315917731681
10105,5.96174816290052,7.09525969395749,6.90873345017016,7.11132605168971,7.38022179939505,7.05149178720501,13.987920563949,13.9974353221128,13.9360460355396,14.1053563960239,14.0131992284707,14.0097770667075,11.3572612857339,11.4276543523283,11.1492562893822,11.0961966516973,11.504909575196,11.4328082770626,12.7494875438086,12.8625006380758,12.5555047848257,12.7335582650253,13.0590400208373,12.762300670097,12.5631046060364,12.8783487306528,12.8127220457725,13.1103153715386,7.1027248110176,6.9821681339603,6.92669673253345,7.04335977925165,7.11511075032262,7.17940681612,1.52182726022966,1.3750881752424,1.54189427860761,1.69106080697535,1.54536596383866,14.8507009090458,14.820369891878,15.0075074131332,15.2191378374573,14.9721873006791,14.9464280224145,17.2267301625688,17.3520083378852,17.1529107615941,17.0597608564487,17.5067351850226,17.4143738427442,12.0144524645514,11.8266542369398,12.002479021892,12.0628194429564,12.316000208189,12.1350640500907,4.86775535624199,4.58296012430686,4.82047847142242,5.00887543916832,5.00550348821915,4.62051462011434,3.56302814726622,3.4156383107982,3.23341047223162,3.46281121793624,3.71117120230568,3.57393813128303,8.04169151153556,8.22024223356083,8.126922187119,7.73527749588326,7.98056717559321,2.99149841358803,3.33964743609867,3.05329257556871,2.82352876016052,3.00885770689638,inf,inf,inf,inf,inf,0.170910730683995,1.63769061848636,1.30619017420492,1.69758946425392,1.66350070206553,1.31775771314836,2.39831673540307,2.42795562612295,2.47359932935574,2.34993960948014,2.18273382078552,2.2488763816256,1.21559208575917,1.31941878452282,1.01550709982149,1.19330805792106,1.37524767326227
10106,5.78295254941446,7.05567255195888,6.87977546989451,6.94103458118856,7.2109897527152,6.97501882711249,14.0344024866568,13.9078479528109,13.8663970043923,14.0504508425865,13.9668322637597,13.9608910922506,11.4699184366974,11.4951214015664,11.0919741817531,11.1662397154635,11.4041905855082,11.3255805746978,12.7181347880936,12.7956593898286,12.6323888085844,12.9650894886603,12.9797053690086,12.7029447812626,12.5154635535937,12.6695331839707,12.6420344472446,12.9151264964692,7.02628316375225,7.07156018982644,6.84830397986847,7.00644950076238,7.16987004205977,7.13799662750243,1.51558110963724,1.36954333998922,1.5743759069592,1.73526947357764,1.48624219838435,14.8804040918364,14.7742804497643,15.0284667247527,15.0781720416422,14.9577079454228,14.926590754643,17.0703763232421,17.1956758774259,16.9769282050283,17.1378586328434,17.3166937292612,17.2924384399218,11.9492826457106,11.7715094526086,11.7861503104421,11.9522509080469,11.994699299462,11.9218776372338,5.01087924898694,4.84348857737055,4.98402719068375,5.1638039407388,4.97261930326892,4.96034793144438,3.33446842796958,3.22121454253448,3.16697637769416,3.35715195812296,3.50579768074692,3.52716965838346,7.73562202320698,8.08310943123838,7.78164523849416,7.57316932339034,7.82641394723877,2.83639945243482,3.02591569469168,3.00505012359673,2.67006304019675,2.8200812244066,0.173700950939851,0.257385537149186,0.355517523066575,0.313294597883552,0.170910306520393,inf,inf,inf,inf,inf,1.5084909351277,2.31304538076434,2.39206675960046,2.5009730242485,2.42329242547655,2.13501888977432,2.14984116267609,1.05973439227091,1.16295604887105,0.87334631860893,1.03396656020027,1.23813644077691
10201,7.4007145338811,8.606887176097,8.34536785933262,8.46943904937803,8.73633230007184,8.63256104720861,15.1378728438277,15.0074244514163,14.9854771258399,15.2916049553545,15.2899606405346,15.178808542541,12.5181417162729,12.5785195647366,12.3138802564709,12.2504648015297,12.4949468510049,12.4028325152722,13.9124258891639,14.0359953204332,13.719280803102,14.019247778369,14.0960416830127,14.2019320579268,14.0043672654629,14.2370821363504,14.1826859029466,14.3982257176133,8.13764463525672,8.14508051382171,8.09019024932266,8.20451208722072,8.26608122045761,8.34327799050618,2.67171085574693,2.52869870828874,2.75099107143024,2.86084814127793,2.61166036264926,16.1265261838928,15.9821392217527,16.1600852120883,16.2852484710026,16.2937622947847,16.2842854888651,18.6656624540461,18.7657055539056,18.546405661499,18.5684936840917,18.8027268192774,18.9232933784634,13.4497671466299,13.4367774246694,13.4275021008917,13.578703987097,13.5899025952142,13.5511462654392,4.47057586636173,4.30240659061041,4.43915553621286,4.82330969030648,4.70104109600865,4.51567238685318,4.8635210882024,4.8519651071963,4.68304326287577,4.90119854777479,5.14775726236226,5.21053060972302,8.93139282702261,9.05407168061256,8.85005278258693,8.76719570061273,8.92949447607559,3.10200506501091,3.27199539705816,3.14301147264578,2.9351359460126,3.09527057177238,1.49340125310456,1.45050007047603,1.17350143509228,1.23590506089854,1.64556804003776,inf,inf,inf,inf,inf,0.168603185037982,1.21741979740062,1.39093944069247,1.36967396081054,1.2019480042896,1.04599148639497,1.08954842252491,2.01961479110445,1.97866457074395,1.83079408977193,2.09048964973233,2.18367903982436
10202,7.39146962416522,8.43243822923702,8.3100855593212,8.34140568253033,8.60310672924139,8.57699292359135,15.329272649196,15.0423091822126,15.0754765573871,15.4616325525306,15.1878018923782,15.1665350998901,12.4920591610444,12.701791857332,12.3050596648404,12.3760143050318,12.6086437293406,12.4237368546734,14.0348627059943,14.0085798110701,13.8536808472014,13.9849662196498,14.1911198867681,14.1881450699875,13.8658615653416,14.1532256130987,14.019781415448,14.3781947576161,8.43986743529305,8.14679243352547,8.05567056036445,8.3407946618911,8.38190303956677,8.4729849519919,2.79679786245127,2.54351143340209,2.90955823742578,2.96110791673788,2.68743946208748,16.0884729469034,15.9984621204731,16.1814964198789,16.2726852066239,16.2376039176197,16.2191999461312,18.6147222947694,18.6547848592222,18.4523965970244,18.5775373253643,18.7829778037801,18.7792880062683,13.4243577329274,13.1326581666864,13.2721070179225,13.5867813014797,13.553748056493,13.3966516785242,4.82982792781719,4.4930175620643,4.53416296227742,4.8143515041229,4.89371843353881,4.70824133818508,4.82014927722383,4.7136774652397,4.65460000044804,4.90464158066372,4.98993177092172,4.87882252575244,8.82819580783,8.91243247178627,8.70519747488359,8.69376943046678,8.73893466180652,2.91303990956369,3.08562783087382,2.78080550381723,2.66026970078627,2.90516475406735,1.31143927050044,1.30810836573397,1.04255577503036,1.09078990926496,1.30439512702162,inf,inf,inf,inf,inf,0.317186166810715,1.09318990909644,1.23985258804125,1.29852113942138,1.10976092123994,0.934693646490537,0.947493279871351,1.8319926995289,1.70832771782424,1.64898355994681,1.92578536042904,1.99383409808434
10203,7.58080693298009,8.68525208587664,8.55986995182071,8.62581852224962,8.85608152813146,8.79266369346777,15.3563275034163,15.2324000108351,15.2695047497524,15.4408203651201,15.4042303264024,15.4958921694148,12.7051299014515,12.9438122521687,12.5025031797012,12.4501143524806,12.690703467923,12.5981425819814,14.1033526797276,14.2143058974942,13.9086134429478,14.1949536042746,14.2875646404033,14.3840326391933,14.1848936917389,14.3896550487814,14.3740849215617,14.5804299827622,8.45554451961904,8.33083409685844,8.15775971682163,8.39421490119946,8.61230298784582,8.53024186963289,2.87483112938575,2.72642047610527,2.91538242978135,3.04799837017768,2.89153387816844,16.3003176034229,16.1679083247544,16.3488654699975,16.468395135656,16.4909105480013,16.4556278666832,18.8408051886058,18.9661329949117,18.6881035941452,18.7600632971267,18.9896129402291,19.1181907285779,13.6310336955769,13.4429390509002,13.6213426144855,13.7694003870671,13.7692880400542,13.634188658747,4.63885353208026,4.48283459309043,4.64980732958639,4.80531785098077,4.74366653492202,4.56475153714161,5.03920731650335,5.04179141051066,4.86163503014302,5.09013452416562,5.33864089738518,5.19874287963564,8.9297851046697,9.18901736467974,8.95989869574373,8.78139658576495,9.05137735047288,3.07641531683677,3.22847740732816,3.0634672189516,2.91305238757818,3.12352286307659,1.68175947080926,1.63334848346124,1.50857320279542,1.41947788087499,1.69204391726187,inf,inf,inf,inf,inf,0.351633573829529,1.07016116102552,1.30617172652059,1.21230569565209,1.01405662629942,0.886077861524675,0.941616699499378,2.06064929539796,1.96370901579506,1.89942962115549,2.17641431925861,2.26156960055164
10204,7.6281091181515,8.79691757228504,8.58681882260237,8.64946137667801,8.91997996150924,8.69755467337315,15.2074239239636,15.0822420965803,15.035977301282,15.2320826048346,15.1299769967917,15.1246825748618,12.4554678340959,12.6704620195421,12.4418963198348,12.5030913538961,12.578039735879,12.5023335607835,14.0078391910198,13.9679934490944,13.6841312686371,13.9468187789304,14.1538964319763,14.3266589706668,14.1324086161024,14.4106660486128,14.2614483079572,14.6141063351257,8.19699770239822,8.24840243081097,8.01833072911837,8.16497576851497,8.34352109694067,8.29896329054358,2.65765581528752,2.62009783832743,2.72262586172563,2.90049369844679,2.64766794648633,15.9996022573821,15.9739960137536,16.2549273295849,16.4132154162333,16.253254400307,16.1984167312872,18.856432182023,18.9290821393583,18.7083102693653,18.6829096455788,19.0180468393261,19.0273769071698,13.657329289193,13.4758484583795,13.515632131669,13.6827088857252,13.7937735173114,13.8223189612738,4.31565123486049,4.14443630538048,4.26093492001761,4.45390437574988,4.52090098335902,4.33620874923635,5.05703405970893,5.09238759764696,4.88650606042358,5.0044427537512,5.23218683857278,5.24029352783242,9.11146239797093,9.25092740599248,9.03657428193298,8.9275480844616,9.23205267290051,3.27262738741,3.43701860026686,3.28848443480793,3.10444856994282,3.27987735101051,1.54864899917847,1.56227434370235,1.36779595526259,1.46858840968169,1.66637731207856,inf,inf,inf,inf,inf,0.221173779092846,1.35171698857556,1.53058109079912,1.45093600640986,1.24789822498963,1.1313448503921,1.21058372521265,2.20839216856815,2.15442125901951,2.02073386063419,2.31256033537706,2.47986404383039
10205,7.2837758172033,8.57969962762406,8.21855261517768,8.46494442157541,8.75475469964535,8.48683463957378,14.9968528249731,14.8687886014523,14.8332256612456,15.0205508703013,14.9408815215812,15.0647592662824,12.4196339465389,12.4467147693093,12.0564012152165,12.1200669751699,12.3564893867121,12.2765606230064,13.7822810975689,13.7642316019777,13.5955400592401,13.7384477531177,13.9457333047942,14.1098045942244,13.9158141948822,14.1930986580071,14.0445648794245,14.2945803898814,7.98975150469736,8.0281708588414,7.99387632765487,8.08185970037074,8.1297990289148,8.11248732712089,2.53735473243865,2.40157518687496,2.51979898127609,2.69161826611704,2.59700002027915,15.8754908098455,15.9049210270125,16.0350374446751,16.1774996156451,15.9421764132917,15.9091302449461,18.603433682472,18.7312266154943,18.5241404252855,18.4667018337456,18.698057020293,18.8173387919813,13.4517825090716,13.2792977443823,13.2939292460689,13.4587986955017,13.5804461286489,13.4179509229197,4.35881258226227,4.199250413316,4.35882747933996,4.42514408363561,4.46314569047746,4.28198956958151,4.84623887163153,4.72842777123305,4.68222747430371,4.78186975827138,5.21052870895737,5.05064656075288,8.9090130302075,9.06285951290571,8.87722365601224,8.72701544903644,8.99105823913156,3.22547005033058,3.24160034458061,3.07193920848377,3.06543949179711,3.18424355762726,1.34217413574139,1.34280869296271,1.09062425482555,1.11988200758221,1.31887240923639,1.51411130753049,0.168602823044777,0.317189779666424,0.351629555354252,0.221172814582417,inf,inf,inf,inf,inf,inf,1.26560282991492,2.10275343893035,2.10129851947672,1.90857871671657,2.13007943720227,2.26925187340032
10301,7.81725967837997,9.12395428143506,8.75040716680653,8.86192340267524,9.13372197558214,9.02410882549758,16.3455794425572,16.2168009735917,16.1852091958678,16.3739222881537,16.2969052645826,16.4102911072859,13.6079856252771,13.8078771290206,13.4232465647933,13.4811385371204,13.7181418458009,13.6368215164433,15.1349741518256,15.2099475069051,14.9474911215002,15.0937807272607,15.472965956503,14.7607157538959,14.4504340849897,14.7136900430041,14.5815751354602,14.8293668466724,9.34291979440632,9.37648505311564,9.34151737702994,9.43021738766931,9.48032439138567,9.56492418799321,3.88820968592868,3.75128768305059,3.87458535848057,4.04428868123343,3.94575955503404,17.192976515738,17.1024331919727,17.3838848927254,17.5257345271359,17.3366521840716,17.3159100679393,19.1675997344689,19.1888899935741,18.9857426841403,19.135975876757,19.227374854766,19.3247481530498,13.9858170197613,13.6672684834439,14.0284557276711,13.999019777305,14.1128110085923,13.9481237679309,5.77750939525412,5.62259560597083,5.78834519738168,5.82241816246797,5.87361502619638,5.69003575370718,5.3818536160387,5.26134100349803,5.22006939547536,5.31564775288768,5.5466567695508,5.42539590654388,8.35240470564963,8.53502522641155,8.2852255198221,8.21226601900758,8.31933053474862,2.64977019315848,2.64587132962667,2.39147695690141,2.31632980100172,2.59639521682231,2.32849245866083,2.01395809498303,1.95872416646875,2.19423085419142,2.39352164321356,2.3184631631028,1.21565800849527,1.0912815013309,1.0710623433437,1.35283665115643,inf,inf,inf,inf,inf,inf,0.167528018586047,2.2639881082454,2.08003055523043,2.27484076667212,2.45216453544064,2.2999762460819
10302,7.8443795698804,8.87568816665113,8.7947147760113,8.86852849044118,9.16716739970876,9.10899898748082,16.4184257390834,16.2883092634622,16.2972304429485,16.5379269208269,16.4239051942107,16.4340967575195,13.780885120767,13.8641185036851,13.5815305912257,13.5321848084794,13.9159708717675,13.6879370578442,15.3394912929984,15.4185771029782,14.9873654787447,15.2644709663725,15.4727182177164,14.6431546351693,14.3822162997994,14.7680770099558,14.5014203728839,14.8389906364369,9.5168609820437,9.40869888790962,9.33863195983827,9.46780811547929,9.54459178541576,9.78759623395158,3.94779583150069,3.80059907275807,4.17469969150015,4.20106988504394,3.96274265820523,17.2745679982268,17.2422713561996,17.4316299584915,17.5422843602764,17.5356556692464,17.524210323906,19.089349680845,19.2158111328539,19.0405060491488,18.919291397653,19.2382813569322,19.2694631284173,13.8909465100877,13.6912441249358,13.7555649387244,14.0374013776091,14.0289357616413,14.0064973604019,5.94923218242831,5.78925312523455,5.79651817551111,6.11729074994487,6.21290403406252,5.86825905335939,5.29388186926501,5.30168625520105,5.31026504983508,5.35142101343671,5.4744542692383,5.45753941361678,8.17773871603996,8.36056793031683,8.24995175742771,7.92291070356595,8.1595622746579,2.47145761656933,2.64679246926327,2.30873582419187,2.15149583146237,2.42125398800334,2.32312008371089,2.3503612544216,2.14459072943051,2.22338006782847,2.42526004730914,2.40024530696943,1.38934498198671,1.23803782089539,1.3072724452269,1.53212792258878,inf,inf,inf,inf,inf,inf,0.29305727695038,2.32559814030683,2.0280155631642,2.07173145785381,2.3751798338268,2.31951796000479
10303,7.98697745407107,9.11947832796781,8.93338350721265,9.17384599001995,9.30921026965781,9.21262409071284,16.5286464813034,16.3992244222343,16.3700364737294,16.6463042273239,16.4798810315243,16.5809609641899,13.9405344822233,13.9885054188375,13.7339499592187,13.6615559566966,13.9042897332255,13.8137437542577,15.4419916438117,15.3510894859896,15.1199197385513,15.4314371480114,15.6105219380855,14.8052361150456,14.772747049024,14.9000677853485,14.7701352172657,15.0002781513869,9.52922678364066,9.55026143541108,9.35549367707253,9.52880545804812,9.66359461516878,9.74695583875256,4.07276177942743,3.93248023330142,4.11603342114179,4.24508429328564,4.00307810797784,17.5435413843977,17.3899193649516,17.5614333640546,17.693647908559,17.7127008350325,17.7053979977815,19.26759652447,19.3833484146131,19.1719392220609,19.1572615700001,19.395445684794,19.5133168961433,14.0621816521709,14.0106840031463,14.0228642849113,14.1804590334919,14.2026987366578,14.1389465593451,5.82104845521315,5.65255711418694,5.78683195032483,6.17297054469017,6.05002454937406,5.86499656539067,5.46557892384529,5.44611348182524,5.41306341983383,5.49099782029354,5.73524763672384,5.78465862986504,8.33010889793337,8.66484323995521,8.36826025092915,8.16280582373152,8.33914465627705,2.57991344143473,2.74943341216126,2.61707795095695,2.41273817612304,2.57277886525461,2.33387187260384,2.30914677154671,2.31561535602317,2.36639473705487,2.47749635044808,2.50217726949636,1.3680862733898,1.29663103575765,1.21251510778272,1.45089597506255,inf,inf,inf,inf,inf,inf,0.354683187004119,2.44857042967154,2.26698322313748,2.30170140006582,2.55262484943616,2.47204762870074
10304,8.04293747778464,9.18256142535499,8.99964270714853,9.06814688040951,9.36576861261148,9.12526214128107,16.4489309021001,16.3285775597891,16.2719721153074,16.4472073712869,16.3579438516954,16.359122332261,13.6293712561649,13.9265505569876,13.4990920107891,13.4603414166391,13.700196251057,13.7676950837288,15.2072446124654,15.1669283105913,15.0933395847179,15.1843474537911,15.4068963969222,14.8469776513573,14.6512235582745,14.8374459415741,14.8473663733322,15.0425733030519,9.44035062593105,9.51579719415655,9.26266075214762,9.39479300113001,9.59296941023299,9.52983395846755,4.00364863330802,3.88007984648614,3.9621457486004,4.0656119198316,3.8906109987918,17.2920760481222,17.1689751651913,17.3523138207664,17.4659083170611,17.4932439214658,17.4574545676344,19.27729373242,19.437261670937,19.1140291103402,19.2087231336115,19.4362966622289,19.4868699271397,14.0820471732508,13.8968312879736,14.0841573082504,14.1423021082808,14.2181981219144,14.0732543599894,5.62702572603148,5.4630537370777,5.61577617931256,5.78581944695422,5.74346023542392,5.56903041744264,5.48991810783387,5.51072532843751,5.31546184320172,5.45160337939058,5.80826677169282,5.66249971107682,8.50321817708247,8.68822357339637,8.45906384756172,8.34741284040681,8.60738573682752,2.77343366432071,2.80982925191226,2.63327226006043,2.60864612785863,2.74567214553079,2.24874318604221,2.08157489227561,1.96823498599194,2.33237103112152,2.35082913209366,2.42141997446575,1.20023776002706,1.10859605160085,1.0144382969608,1.24810084669182,inf,inf,inf,inf,inf,inf,0.288473880270986,2.37950627203562,2.19673600606428,2.34903734394398,2.72399428265147,2.52129941582889
10305,7.88379743564009,9.01569259857826,8.72188852852914,8.9039484208529,9.19822138980143,8.96435921778558,16.2967023338655,16.112462179417,16.1162659257249,16.2881231102674,16.1980464276296,16.1433789120887,13.5346020785607,13.7737059622108,13.334704269289,13.4444615022728,13.5359071249127,13.4352281029113,15.1236139353401,15.0372762001727,14.9258808136674,15.0274802592673,15.2991186867666,14.6786603753049,14.4818331844314,14.6805505539936,14.6791874586076,14.8746955855104,9.17231593725854,9.16438800499639,9.09793072164042,9.41031958466759,9.43897425977246,9.36505119281419,3.84861123210821,3.58659323774484,3.79868514684111,3.98172012744511,3.65873249962759,17.1286170236368,17.0015753245094,17.1849473091893,17.2995254948901,17.2897423884212,17.2759347816396,19.1149430295779,19.1801068706141,19.0759518724159,19.0403646465404,19.2665291365825,19.3726069188222,13.9104191706235,13.7237224052709,13.9110457471861,14.0535231282922,14.047905870016,13.9111140016032,5.61824712901314,5.31953522520862,5.44230049808671,5.79354191368452,5.70002231376052,5.51501188419814,5.32089300736558,5.23912212189965,5.14432431109831,5.3773566031268,5.6355082097298,5.48875489814795,8.42583490818102,8.71645962634557,8.44004751693649,8.39280204423707,8.48048187682976,2.64693545444707,2.81013912674587,2.66537599639756,2.47892555364571,2.76979195191774,1.98129307864848,1.91990886978102,1.81361510175835,1.96521294906468,2.18638460127454,2.1424555612487,1.04415299244432,0.934708901048276,0.886069075559824,1.13282708773835,inf,inf,inf,inf,inf,inf,0.165089398303202,2.22642032906393,2.17911360932559,2.18611754952056,2.40839138525866,2.35683268641374
10306,7.79876646484662,8.78151666309983,8.59487788604496,8.80843628566647,9.12591184135411,8.85989545779566,16.1855260330175,16.1657231210533,16.0245627821401,16.2112936390442,16.1386844609745,16.2682721073685,13.4404408777998,13.6470098380274,13.2548966090734,13.3214723207234,13.5551603344173,13.3746287879982,14.9755174842217,15.0984263518078,14.7929099905729,14.9279687914289,15.1336711635985,14.5952492066444,14.3730974004692,14.5562437112307,14.4041072186193,14.7844639706653,9.37570003055586,9.08934125170111,8.99739595261167,9.27929508216362,9.31966154340966,9.4120793887101,3.72943690018194,3.62213105953421,3.70963972355751,3.88116814423517,3.80472549053526,17.0293847895125,17.0554614464844,17.1251409878176,17.2145101897302,17.1768708715176,17.1578924839042,19.0065581340004,19.0427118728264,19.0128953173043,18.8175902691382,19.1762818782081,19.1694048725182,13.8196718562076,13.5190689643012,13.6614133268446,13.9833454187986,13.9480163566563,13.7887090584832,5.77009575257121,5.43866941672062,5.47910986034948,5.75701373467752,5.83588263677148,5.65029276627821,5.21634109559848,5.10655343999926,5.05226288507645,5.30326404871284,5.38487456457874,5.27167077664302,8.4149158256306,8.44885709685195,8.30645436686337,8.30197454987603,8.34877753076153,2.51707533826491,2.68931512731999,2.38782633907094,2.34760193148634,2.66040902405768,1.95490494577727,1.84991474422708,1.81501618189017,1.98285239654387,2.24811006462206,2.1532220909746,1.08769204408621,0.945653503672472,0.94159310223311,1.21325444069441,1.26479345410721,0.167526896989019,0.293057477219581,0.354678115319749,0.288472729306465,0.165089339618262,inf,inf,inf,inf,inf,inf
10401,5.83123283039224,6.85310533295361,6.48350217695416,6.60090221296397,6.87095893933461,6.75491332845101,14.6358974092973,14.5072029851689,14.4748828818786,14.6633021359806,14.5855848720527,14.7005180403521,12.0658849539936,12.0955057268778,11.7057901074429,11.7646031393862,12.0149114532851,11.9243992383584,13.4344524315904,13.4159468744738,13.2469298655154,13.392979185766,13.7747829369421,12.4945698026807,12.1524826450672,12.4483339039439,12.4776847338129,12.7242911703468,7.63353118892311,7.66732552441022,7.63274545974265,7.72237928892667,7.77135104364679,7.76114106384914,2.53043229657942,2.48686413908824,2.66978604369526,2.64206374435071,2.35404670949876,15.538862449212,15.5777016002525,15.6764586284074,15.8178376301173,15.597708086992,15.5640268041084,16.9013746819429,16.9226286396527,16.7196525243889,16.8685141892079,16.9596761428726,17.0586576225538,11.7220111758818,11.5522519876342,11.7628306863601,11.7358109016813,11.8493279249364,11.68489575136,5.90849109309991,5.75152889797465,5.91467484175223,6.23794325274461,6.00801032620042,5.82530679363769,3.04858876314432,3.04120281753173,2.87064260400966,3.05077973744569,3.2848660515817,3.18501920838768,6.8299383211501,7.01271701062811,6.90230772137793,6.68636651874505,6.80124825809836,1.67861573308088,1.96112104526523,1.79823846947709,1.52124034158859,1.63011632392825,1.06071107596853,0.873735720004494,1.06967361420478,1.20571628565409,1.21530462956333,1.05968860957171,2.02663939616532,1.83783034614247,2.06719689171351,2.21628719519121,2.1104013590777,2.26669662630352,2.32788034512483,2.45211119232013,2.38397487066254,2.22781026190146,inf,inf,inf,inf,inf,inf
10402,5.89178393708876,6.867294560549,6.84985119244082,6.89932253433067,7.05749611933363,6.93987427234464,14.8206088804537,14.6929290464295,14.6551482329856,14.9902647020999,14.7579321413335,14.7610594571724,12.2536132808923,12.2881415965206,12.0470525129782,11.8743529667385,12.2032570802159,12.1163374451607,13.6160576887951,13.5930859428645,13.4273536373729,13.7484626287368,13.7765935244976,12.7225428232923,12.4872570882133,12.6338647184155,12.560738222573,12.8422688405593,7.81629858179304,7.85307019344058,7.63915548342251,7.80093225613624,7.9571729582417,8.05223689460554,2.55285562368889,2.47069205225476,2.67990832319386,2.74144246937008,2.40104927634266,15.6638867509626,15.6601456131083,15.8628131539552,16.0017889643728,15.9838110575035,15.9033726270764,17.0878811184405,17.258691846439,16.9078336292388,16.9068950463927,17.1477049920827,17.425205040192,11.904320459356,11.7283432248144,11.7622228421645,11.9255224370812,11.9591639928971,11.8724391834204,5.90384555209235,5.7342950338734,5.86468657898794,6.0509943024451,5.85061791763918,5.8629354615256,3.22493530268258,3.19162740930057,3.04420721824283,3.23758663027984,3.47197537787642,3.36572691955234,6.86805963362753,7.19288291359918,6.90359140373688,6.69975617396253,6.94559552095925,1.67094686960434,1.83911757447571,1.70128983525636,1.50323482746275,1.66713197097382,1.06445335371342,0.876978078661698,1.04116875173308,1.19211758823727,1.32013024753866,1.16374551768506,1.98334365539858,1.71290286781195,1.96966490768242,2.16000482864749,2.10473814140204,2.08492031722221,2.03706063932542,2.27183868664513,2.20327014831416,2.17200822334216,inf,inf,inf,inf,inf,inf
10403,5.69258736956937,6.82415723140387,6.6391731866914,6.8983773239257,7.0095739428915,6.78025545324255,14.6660162948147,14.5507881977705,14.4854136873619,14.6539934038715,14.5622065186704,14.5676925635938,11.9145977281767,12.1529694762754,11.7121882615348,11.6625470225322,11.9030607461289,11.8083776561416,13.309010430941,13.4188814783179,13.1141882255212,13.4036291200335,13.4937296133721,12.4948631548823,12.2959748964516,12.4993991923445,12.4859274499139,12.6912231678051,7.65747105317031,7.53627386350379,7.3643971976464,7.5974405951953,7.81400901454437,7.7334144122487,2.33916436006737,2.2933952027058,2.47694911624423,2.4623303970976,2.16898680376651,15.424391355097,15.4162599871051,15.5753091552224,15.6152534860047,15.7041850927683,15.6689298066639,16.9330283148555,17.0684750824395,16.7796099438884,16.853254606333,17.08240771915,17.2211405099009,11.7340075161765,11.5461001106853,11.7254164949747,11.8729998830545,11.8721237240598,11.7363208558671,5.7135315764808,5.55744284892018,5.72421453872186,5.87995305249684,5.81828686988382,5.63929743838166,3.17328255479183,3.23292937740691,3.01014549350427,3.12805804465227,3.35955661810209,3.33646248981642,7.02145467825633,7.20348862705243,6.95687857843821,6.87310146312133,7.14304381760082,2.00506927991881,2.15703344318623,1.99200465379964,1.70422905517733,1.82677851838864,0.867021696960232,0.679549724534723,0.874807843267009,1.01056956499587,1.01546517123952,0.873315825338535,1.83300588826581,1.65001775420617,1.90088373945945,2.02398307810904,1.91161994766603,2.27601612279618,2.08037608187984,2.31151237122481,2.35108128561074,2.18454390457267,inf,inf,inf,inf,inf,inf
10404,5.64428578572409,6.48348777149024,6.29618516825798,6.51721762313748,6.83886894680318,6.47362952542665,14.4456094412891,14.3167981176186,14.4610294471609,14.6108069727208,14.5143802072256,14.5182415860626,11.7056732032565,11.9099776419166,11.5245526130625,11.5797436411653,11.8155851107874,11.6474792778317,13.2415605792149,13.2228140185477,13.0561221044655,13.1997640066777,13.4041018360007,12.3078633554115,11.9662922794914,12.2585426796542,12.1283223816999,12.4944259808096,7.62771786501031,7.36237843549541,7.26204394746111,7.5365924231703,7.58193206732045,7.67047933173804,2.53522974587925,2.33447667094952,2.6782844842988,2.60750683662009,2.35126232705098,15.4299399476444,15.2159931339144,15.3995963719556,15.5845457506725,15.4455204035409,15.4097497159497,16.7101661522225,16.7376249046051,16.5298618510102,16.5418874829673,16.8834917710538,16.8687576161913,11.5358401624265,11.2217136329054,11.3701203641036,11.702983232378,11.6611277854283,11.496750541894,5.93207283234273,5.87585925119371,6.18934997612571,6.19579995880268,5.99792332590164,5.81236021800222,2.89403036984477,2.93900853760241,2.73495786497179,2.8656010728684,3.0750755239125,3.05683903475352,6.85973788249462,6.89040331463791,6.74890893495037,6.54140019319771,6.79167116626567,1.8009373883592,1.97382259256462,1.86734583605883,1.61677222285269,1.66727620719636,1.06568091149578,0.886411376287202,1.18947743728637,1.33893958008342,1.19325744345472,1.03392610715073,2.09288852021649,1.92671192970281,2.1778632430142,2.31649570743195,2.13473231029286,2.45022972383614,2.38071374462322,2.562013902446,2.71722713085844,2.40322016644567,inf,inf,inf,inf,inf,inf
10405,5.80228153153387,6.56551453935355,6.47152443507607,6.55363795233563,6.84854506886953,6.60522120544187,14.6523477605913,14.5222784959876,14.5982442303772,14.9808719727922,14.6809167621891,14.6689779717035,12.0140620340769,12.0952556764077,11.8136263650571,11.7592433583579,12.1515161919361,11.9190498113473,13.5919237787751,13.4490210769483,13.2305942323985,13.5131329282748,13.7212723685824,12.4847855388594,12.1278010958873,12.4463914877094,12.2855316312779,12.5728500558544,7.75498838293346,7.64365225858793,7.57702354159743,7.70408714995395,7.77913936603772,7.83995615971858,2.69549856090651,2.6531032325654,2.83558704570091,2.93782901791221,2.5169443369607,15.6652311360293,15.4551801046455,15.6668665969553,15.7795350893969,15.7769860548521,15.6564821517705,16.9137467530022,16.8942729088967,16.7180358689806,16.6029059691128,16.916330636688,16.9526771271777,11.7560546164378,11.3721913552896,11.4457966836456,11.7181380370634,11.712455142817,11.6868804111963,6.07565612215786,5.91837334502728,6.19139671577412,6.39337350764831,6.0725369264321,5.98870114485596,2.97648525778985,2.92002687773649,2.79759497136163,3.03062013358537,3.15822180915449,3.07771710848965,6.664529019345,6.84714151941348,6.74487232072886,6.39853592687297,6.63615275053161,1.52544837076504,1.7007635558553,1.61706061884204,1.37699544637662,1.46500193125771,1.22486542031655,1.03824565740829,1.24720698918504,1.37285160784742,1.37495072868737,1.23785269701839,2.19168498743019,2.000712237389,2.2688541302817,2.48703411506117,2.27781388379464,2.30329538353325,2.32192738446185,2.47647708747854,2.51731063446809,2.34992963139985,inf,inf,inf,inf,inf,inf
