,0,101,102,103,104,105,201,202,203,204,205,206,301,302,303,304,305,306,401,402,403,404,405,501,502,503,504,505,601,602,603,604,605,606,701,702,703,704,705,801,802,803,804,805,806,901,902,903,904,905,906,1001,1002,1003,1004,1005,1006,1101,1102,1103,1104,1105,1106,1201,1202,1203,1204,1205,1206,1301,1302,1303,1304,1305,1401,1402,1403,1404,1405,10101,10102,10103,10104,10105,10106,10201,10202,10203,10204,10205,10301,10302,10303,10304,10305,10306,10401,10402,10403,10404,10405
0,inf,169.17868325911,159.142861836539,160.26467903441,193.709263372162,187.44266850434,746.791722218707,736.591944391341,740.730332103372,755.595183502354,752.239046208248,740.823016047993,591.113370210166,605.291565839257,562.910612793679,557.105280170665,601.68006845834,585.433287862819,669.056238617339,659.983452672129,645.319112907726,653.90737571638,681.654044037462,735.62764047411,715.348568179293,738.029732979827,704.489307636983,732.80105165037,283.281305468329,288.299252082123,277.126267404602,290.120196744367,297.402959716343,296.754612946168,355.610025721545,369.499772474837,363.372674034017,353.482687083774,349.097190567469,897.733810631297,910.531413958874,927.715300480218,921.991057419832,904.569888099725,901.44138866489,944.591117584712,943.352807930289,927.584064231881,920.249769255074,946.648662784809,956.579606118146,494.422710422223,460.221425071884,461.177666183589,486.001300364089,487.045752195798,489.436301566696,777.803699010785,778.068827951935,808.23657637493,796.131803185849,764.434815218625,752.55671404054,186.716289049614,207.297336935006,200.658501003235,173.165919960874,183.988052426952,201.957324802999,539.758929243595,553.516699511557,545.730234883464,529.403102902147,537.966435571406,616.072298174311,645.834963997333,654.66224441005,624.687529782354,593.025654752511,470.305665604803,475.543421821187,488.514443794494,480.412329678037,459.74830773809,431.644910990678,605.953078067621,610.910898396785,630.134742366838,608.038780519605,590.320964476498,694.952149184451,701.786250932853,707.333254808769,688.491995871721,689.2605304161,688.333502153468,448.445441319831,470.954702587392,441.710537959405,426.193543268393,445.761794039698
101,208.054308220612,inf,inf,inf,inf,inf,941.346660598515,930.274194134658,923.161831051443,944.381616483022,935.988480497563,908.554473229066,655.853912595278,699.730132664048,663.268479953749,634.755015606756,661.708477414408,676.281321361698,763.108204545011,750.814184122871,767.01595287149,773.326944922192,769.19763254056,544.647516162776,541.323129392363,576.973273807499,529.864685590347,557.690709595387,483.284270274469,456.92446988636,459.536570409636,493.604507164151,480.692015852582,495.552394787568,487.543120008611,502.496415707285,507.372637820511,472.551372465228,482.65851854415,1058.44719144169,1064.67084904568,1072.31430075085,1070.88745240513,1065.4336073987,1063.36044363949,845.403183044578,845.208840056101,829.509899500617,828.633663118433,861.490971242815,857.695994865289,404.975231988564,388.316650894174,402.405049160931,416.04987881105,406.48140090586,406.446664432646,962.948495885659,972.775224515048,981.518166524694,981.156058294122,952.756899537451,943.250356097017,248.596036963439,251.047003121152,258.318841467592,237.840197494389,233.673012714972,237.04111194644,381.471867322391,395.24132470904,400.805063115109,373.962040266255,370.052023930757,629.583851123719,638.727574963036,660.643300722919,642.958975607479,615.214434401209,580.747064128611,570.513863815836,597.026226723667,598.98158382354,571.282192334299,563.762034457495,713.34992970402,707.277198026618,723.03032476041,723.284030786443,700.360310622293,800.421837467556,806.019755512349,800.49302770526,796.571951706245,784.889445392847,789.064656253484,548.358046776393,580.530693456354,547.105699542621,506.414315518386,532.740774674096
102,199.020469024288,inf,inf,inf,inf,inf,936.809723140221,952.916963560517,948.284162139849,969.736993979399,960.011850841126,929.682795037443,665.0766381469,684.85386234634,646.996093975083,642.495207490009,671.558092346013,665.105419106447,772.58487014984,766.522386542277,768.788095998714,780.364607726727,795.055805015048,563.791319451833,548.460446479221,579.851275368255,541.612998983506,577.082345559698,483.051841416893,494.355089986913,479.917972341954,490.834209596913,501.621291734676,495.918074463829,471.414695446859,485.892518152059,477.774143023402,457.17649047053,466.545118347121,1072.27760920363,1079.9183373524,1092.01569011128,1101.50437686503,1071.01216075699,1068.30768989868,863.840882716078,864.053294191106,847.204716974385,848.287590655321,871.559956741104,876.606063362131,418.88334720549,412.890766171894,426.498656361779,440.893846625273,429.720201103744,414.686604317746,964.099561982976,959.167753866493,970.532542338936,971.164358882173,954.322179803509,935.853400329473,245.986848092633,247.091272689451,261.134885984561,234.156666177732,231.659927607592,232.292044311553,375.283139757249,401.576828006154,390.323752242959,378.375020207814,371.310751322032,608.376301520913,610.232999121106,649.277530955945,642.896414673951,585.067186847085,573.167432917722,576.323838433084,604.547853825381,582.25945209309,561.675896664936,556.528584675221,708.181625016508,724.243636873802,737.219477403211,718.905085100325,691.514476172498,800.819183960615,809.23974363417,813.739030640367,799.499526373674,794.649699721685,789.792559844945,529.779519966806,588.333042657176,558.267259808451,507.080513644148,528.44951473477
103,194.905114349875,inf,inf,inf,inf,inf,902.912744847739,922.059825449627,919.203013540812,938.016305517135,926.677340185011,895.889258052994,642.869370024703,659.17734342577,662.272164558159,618.290670485089,652.214696967146,673.209583713153,751.43060487851,738.432241979748,731.355664484152,761.812847906523,756.750249698932,577.211553816138,547.009309774015,575.785231745891,545.864590304621,574.082976600339,453.598340446758,464.773201711441,447.455900209004,460.517404080432,474.127960747678,481.713838558471,476.50934645682,489.673698823521,493.458406502148,473.20475124081,468.143738200161,1058.73969733785,1051.43331219874,1058.24870846615,1063.38842278339,1053.40004049362,1051.5965112686,841.763462120991,848.47507980638,834.003142893605,828.819519941683,855.510052619004,857.056403958628,390.109914200964,372.32771671901,401.128567818777,403.610284385322,402.602880660925,403.619306147871,971.063641274561,940.820361355613,963.082305368984,976.859912125661,948.467895881914,935.314422551084,242.175939507424,249.246226427846,260.611408484074,245.491784876412,226.103921388841,234.684660598505,395.821543764451,409.584902081349,401.881359691403,400.125985616889,394.434939958017,634.476751939581,610.9384741281,665.245828359306,636.239304462933,581.309913346962,571.233925591679,566.309281692272,590.807552653989,589.097937964654,571.252066783792,554.389281332462,711.805935458297,709.933862795028,726.415198124285,718.503107783885,703.08530481099,805.542998396937,810.567310432254,811.563297642894,797.986440148354,803.16719227196,800.992075251866,537.540630964274,587.487438517955,553.378987885767,508.864678951004,533.338527124478
104,262.583633929165,inf,inf,inf,inf,inf,950.241724995631,937.592559942563,939.370024665083,952.512508588157,949.377589967926,948.519631233942,648.119806058512,661.478356113438,628.327624626415,634.268692528707,649.269986168483,641.676480958629,808.02784869467,787.307670817443,774.160557334356,795.405016457228,806.388275740143,548.655563529137,549.804014506778,554.666447507015,534.580813576819,550.186773019862,502.944200388879,489.523966190454,508.196048634287,523.861160716257,501.20510508033,530.164204235755,511.812316483723,525.734398253228,533.320913017902,513.960459854386,492.784400147278,1076.23877476929,1083.54616201903,1088.04723102249,1084.78475215478,1073.83696006282,1071.33173524679,826.128982204325,833.658314783099,817.308206666624,818.163168016578,838.412714211177,845.209943185784,395.191222340863,370.288163941638,392.61601705536,406.62565867293,408.086925891674,381.220848630501,985.585709333025,976.1477531387,1000.74634350568,1006.44986297416,973.186422611626,960.221808769595,281.846865575079,288.777450417945,293.094435284019,275.454923516897,264.077390123785,268.060661341698,393.586623223466,407.026702805152,395.724036838698,380.496068403866,380.356030383999,640.909381106111,649.577154364698,664.752559662637,643.924976670304,617.809293030064,599.445588512606,590.570709415187,634.856797572708,625.844928407428,601.76438362241,585.168473613656,763.059425735055,760.682454517653,780.666789021432,772.777534494662,756.584098429637,851.443453468942,858.886326093397,863.854397376877,866.712708744642,850.483435361686,850.697509929594,571.469836852167,593.801429343857,573.422503364872,556.09429303733,569.283808968853
105,223.783455378607,inf,inf,inf,inf,inf,955.538689379515,941.485376396734,942.262305430848,961.462621018852,954.952517255433,931.655771454466,703.382019674289,709.269277835534,659.820547772938,668.967307653756,672.359263961931,684.522280011257,782.746436797227,773.971420618531,760.844256050277,778.050576000351,811.321602826897,536.893792725812,532.05633571029,552.069042773783,533.319693860503,547.134738313076,491.078353557789,480.598806749788,490.516761499076,499.553413591281,490.453773001374,502.405439998492,504.755923301045,521.096269393683,510.561175298785,487.774809550463,482.450593083829,1084.5392432021,1090.55324515472,1109.37032858478,1102.7621015413,1079.88623503036,1077.48692045016,842.352950879031,853.127677044877,827.337165617014,837.877026682165,862.326250188294,867.4869083706,416.33379263579,400.810780954924,426.496698461495,441.36856090117,427.824211612647,414.91956867847,977.461632239483,973.076238825492,993.037966487209,995.564904129879,974.91122673855,959.203637351279,246.154432157938,260.637494490969,261.037877869762,254.148412383505,251.593443122821,252.751675621815,374.052058025487,377.452131514016,378.194505041857,358.046761851434,357.527735223496,664.429480715135,651.989420780806,678.066431905418,667.136094163164,634.231228192473,586.547857635127,602.057258061579,612.310518041507,610.064857397528,578.064128107209,568.815595865116,723.153685751196,738.255329309515,746.745436751251,725.834021647866,706.901950354712,798.688089861079,811.691648168652,810.153345449599,798.33421494335,789.362849798365,788.567778406406,576.188012961643,603.956267453797,577.245210916294,526.691706522355,544.478541495694
201,817.033481478178,969.247828707001,943.319831536157,917.889538800629,946.852257788573,975.858247772036,inf,inf,inf,inf,inf,inf,530.656886117385,495.271228188405,524.435330167851,541.714892057185,521.774278218727,507.977602725374,208.763962115624,225.126427397307,221.472023203782,212.028091333135,184.987985595421,1249.32153591508,1246.90834144987,1264.92390533178,1234.73860894437,1272.71640417365,604.338303621381,606.172798437486,603.784588796336,589.819293971382,592.720872076758,596.053899075767,1031.04667902298,1046.14402775166,1035.76140027526,1015.36248510805,1029.19572639646,144.411111846983,149.370814190585,158.126998083884,167.31102516042,145.711979507224,142.713945313599,1025.15737637257,1041.35617988245,1031.36169890033,1009.10137315336,1026.46111522696,1048.82494645322,733.439301761443,730.066593768492,716.637016340593,709.776159963179,739.936725820827,746.140237268973,1147.94717089006,1151.2074109182,1172.86808208344,1152.28440493957,1132.25307569667,1123.92731341039,986.360290027343,999.577228136215,1001.71308279345,960.324117909292,980.44559646767,995.001765274347,1304.98277278858,1339.39978694953,1326.66869571079,1304.37204782651,1295.52225834002,1422.68363577775,1448.06244539729,1464.13385976469,1419.2227858761,1395.93243144861,1187.7519524608,1207.73665623732,1233.48890985695,1201.28536428683,1181.35235712418,1170.34689869064,1303.10210111444,1327.43767773236,1322.59846814816,1305.25529519405,1285.10848429809,1444.53931283299,1455.64639861868,1457.94658143464,1447.00755250215,1436.20376234631,1432.81709417162,1252.63560435321,1274.8852667564,1255.68680393895,1229.77874780254,1253.63675320306
202,798.99941902638,970.679343147843,980.071008352196,964.410177535933,957.792721309289,973.327986489625,inf,inf,inf,inf,inf,inf,542.625421921303,523.262908030676,554.839368832441,579.712415416953,539.577822615076,527.956866611116,214.646798312669,236.779884193623,224.335154862428,193.263580110119,193.345703702242,1273.22169442589,1250.26522670926,1271.38168907943,1259.16005382292,1274.04171073833,593.495763815712,593.424207516698,606.132585263492,598.462866226312,583.516515087294,589.476821754208,1046.96826188025,1063.05155623864,1054.10753178574,1022.44203545312,1047.63099679822,151.206090329399,156.556171333857,173.832348497549,168.241579839161,152.677244105322,149.533270049132,1052.92306767801,1076.75906793363,1055.98414869456,1046.15853531677,1052.17063638781,1069.3762150139,744.396790103266,738.24083275402,710.168925546765,714.229492283989,724.456393658549,755.715335282065,1155.87011886934,1161.44277649903,1179.65794011374,1171.35977993189,1134.87076656174,1134.50476815525,968.876118601808,992.235088684105,994.479732178684,959.310206636921,976.247259368099,995.257609685881,1331.03657994308,1362.5934918472,1341.42633587551,1326.87390627223,1347.12084669747,1441.78472353804,1467.17213511398,1470.45691489619,1437.2410778691,1415.9991141517,1200.76893268654,1224.86273776178,1208.0662665943,1196.83044575026,1193.30566687481,1182.94914351828,1288.03219321393,1294.96706815621,1304.23532180996,1291.84178406361,1272.40924860236,1399.58878514544,1411.3242153444,1410.88339500071,1400.57822386696,1380.55278371429,1389.17839965241,1265.52030869825,1293.44190250591,1268.01493442769,1236.69367160996,1267.0248797364
203,810.447825095747,963.883705971363,976.992339051148,962.03720620039,959.496966595212,975.299732549698,inf,inf,inf,inf,inf,inf,542.333903412338,532.966373656372,566.293775756205,555.721265259839,546.040586779135,536.922904878236,226.132540316891,248.542721235566,223.082865276144,200.788629721628,202.734377237206,1265.5476870596,1258.31734566196,1275.65965241983,1266.32999559892,1270.48515927368,590.799315878627,593.104894628123,603.431282900963,594.19179067362,581.852414326423,584.815560277412,1049.08369837777,1057.62034197031,1045.94603791,1015.65371703715,1041.12360330099,146.346372297471,150.717340956873,167.632160377356,162.875736452764,149.432544056541,146.24438165974,1068.20153995653,1084.35773010482,1064.45510957364,1045.39105677872,1077.37551373985,1078.01307625788,753.355181431145,746.486626606861,715.86498360517,720.839158694919,746.294471968663,764.539649926731,1148.91944751893,1156.53775405467,1173.1228380167,1162.96391367936,1131.27020995093,1160.16918730919,991.474817703996,1007.19695744859,990.592113418755,958.282112230618,978.99728098291,997.079359885661,1357.63719888354,1362.14212503933,1345.23790614623,1329.57911658895,1344.14423875979,1440.4787169535,1470.22628199564,1472.2464733043,1433.19104996598,1417.51779548171,1195.34443208398,1217.55182137027,1241.22758559293,1206.94104168618,1186.37824557886,1177.72623832736,1287.69039187293,1300.10545334423,1307.3950614746,1289.34142652384,1270.87250540543,1402.05868150233,1418.75267417172,1413.56431252421,1400.69744933049,1391.56280376903,1393.80321342045,1260.59849939512,1288.15866340965,1260.84783558907,1233.30084552591,1251.39171963969
204,804.241894492419,988.404358831939,1004.67434839522,983.708929559568,976.239996922071,998.389934028828,inf,inf,inf,inf,inf,inf,557.350590621279,516.912546361794,551.058201719029,560.164073511282,542.225459354995,540.557545248862,227.266368091866,244.980486394234,238.320019743751,228.469701398958,219.32044399699,1270.57835881225,1268.03234535869,1286.48592092939,1255.80649757364,1275.79106475043,611.784203000762,610.239259495342,626.849374899429,615.275065917523,599.804761254143,602.375190743458,1051.52863109507,1067.88223551932,1055.51521504817,1033.75859977035,1042.20298520255,128.811751870237,135.549027894455,142.509720233224,140.222070573411,128.726035625081,125.813040567533,1054.72417331704,1085.31692231671,1061.20364630851,1038.69892125146,1049.91344137392,1075.38340452765,752.372130286291,749.576458933432,739.962083293671,747.964025014712,757.611729087595,761.657091815139,1156.51527087986,1167.96743041693,1183.40433226229,1167.46155392252,1135.0792845201,1136.79962237301,984.256054069646,998.344011086929,996.967350290745,977.632945662139,991.643834708686,1005.79820073637,1342.57302639708,1400.98309789962,1365.77758739307,1337.62441999763,1382.20820386932,1447.96320701207,1465.36697392627,1476.49731065186,1438.50050983902,1417.81305525101,1220.27318647703,1217.65710726587,1221.89204304798,1212.940354114,1197.1629902722,1188.27559900788,1297.33818070424,1309.85709673973,1314.73143811557,1296.03578455096,1279.33656509691,1398.44652341031,1437.05609086484,1420.49301545736,1396.46907215438,1384.83596662724,1386.06368028374,1246.0393638658,1289.86323074579,1246.67192851718,1227.49769988381,1270.72771999542
205,822.765111039494,973.26204694814,985.484986711315,965.277687794281,967.156914484638,984.684063886386,inf,inf,inf,inf,inf,inf,550.840571175469,543.981806978594,572.393034844886,566.31484884742,560.485324664648,567.198823380869,232.920585687167,254.090621976899,232.256411503263,217.396138203042,212.121187975304,1272.06456017851,1267.25467482471,1286.30423558011,1257.46403510299,1268.74859940852,598.429584201771,604.49000420229,616.475095646076,599.848541811147,590.637304450946,590.1811361095,1055.21636657615,1068.23656737118,1054.34815757252,1041.32005794409,1049.34550029857,135.23040329797,140.842768965381,150.178450446156,149.204066537894,137.458674446511,134.276215029346,1078.51352234487,1094.27956909499,1072.9266986711,1051.96762239466,1068.65375960358,1086.1563630232,760.332783420088,755.59528741317,744.518851000098,754.718101195655,755.919508521845,772.144630358984,1160.16493749117,1169.44989859859,1184.49640404703,1172.13230248941,1141.49143899455,1167.14047716839,1002.16287269352,1019.1055375579,999.77591530922,968.419547806044,993.948419817596,1009.88190625315,1366.26020805043,1374.92443249264,1375.11845451331,1339.90612201628,1353.06732913554,1467.94883671466,1483.82003184332,1486.56499107376,1450.5528078254,1434.38728470091,1226.74799790304,1227.14031194826,1248.52960545419,1213.92533354986,1193.26727426487,1186.61578509381,1308.27420498935,1316.37456066385,1320.32525891315,1300.61585241166,1283.34579975054,1413.15114055882,1431.40043781949,1424.46724720026,1409.29133759778,1399.77095028783,1405.14357020042,1276.36951659601,1303.41112677737,1274.41951781255,1241.21879365387,1261.68904818063
206,797.666006471872,922.150826961687,935.828201217916,911.771742985777,947.78091826251,940.55964106959,inf,inf,inf,inf,inf,inf,500.381069073219,478.061838827428,508.773000040289,525.775232908994,506.322923754739,512.70993486047,206.45755528958,205.368624425163,199.862217778552,184.482972603394,172.227452388779,1232.54973816329,1281.07995404224,1248.39243933014,1264.2770142808,1256.73022298225,588.868161046445,606.129768837066,601.260431282145,590.706201861544,595.301003663891,581.129422927909,1039.48363940999,1053.30740260431,1047.30369762254,1008.45720019955,1032.72813355316,155.9311233363,178.864403371799,170.272952157919,178.993895409431,155.865164888389,153.027538595598,1007.8312888093,1024.07888920296,1015.24887227632,990.860410496875,1010.05970870696,1020.10358723037,715.171758896477,715.671251415592,694.271228242397,694.562722551048,707.046743806631,728.071842017721,1146.90120845854,1163.20933783209,1171.23201593591,1159.46311278797,1126.94466817882,1137.7785414144,967.906707563835,1001.84468702388,1008.83514723315,962.705491893356,957.489832211609,987.476741384038,1299.36886174568,1306.83102952688,1312.78273924998,1309.74611762754,1287.02007872215,1456.56610877836,1452.24351890378,1450.73565281141,1446.08689011307,1395.95105088136,1196.27823864098,1219.86558488333,1214.54210518643,1206.65010182357,1185.9895048278,1179.15022257672,1301.30967634519,1305.98619090241,1329.38777181867,1300.72177218004,1285.80007967886,1442.91249296662,1449.51762156665,1455.23130112077,1445.5196916233,1400.53733969731,1432.7898047166,1259.54316470118,1268.04915926034,1239.13540482054,1237.33019986068,1256.66896149926
301,531.777346712652,532.039184217245,554.142113556033,532.27414574049,519.906162855397,556.976838967015,415.1010429987,394.977288863841,387.294539642393,426.760827272654,405.916791908255,383.938700913656,inf,inf,inf,inf,inf,inf,219.185570436132,208.719686732761,202.899373419536,229.143608983798,227.008427667787,749.104881587137,755.253378485644,775.034636254069,745.205542208701,748.687597014679,468.981598224196,465.728319682852,481.557064616055,488.130833230421,456.352870764618,475.586795811232,779.551552411524,780.868588413107,782.948217618191,762.718760608616,759.179026358325,559.857879521015,537.927655947951,571.104260880201,566.866513388996,556.201857856169,553.974650699938,601.412643590476,597.548069488676,584.870350144928,587.760528314447,592.097754514681,609.637147280023,209.585670401801,238.150656004274,203.156760615333,198.599422715018,211.437675619151,229.817034457254,1165.4014579729,1183.1996678861,1194.15194386976,1203.89206918329,1147.00275854658,1144.77237844962,722.508947975846,745.664673611411,734.751541827657,718.497780138599,711.628182151396,723.395503742789,860.358788301055,857.247843345133,872.913411400221,874.333062092012,838.170714336286,1134.62454644019,1141.51004599497,1173.85573467527,1144.58562904594,1112.13321352293,911.527641918806,918.699264217843,929.908216291047,923.01894365678,902.543042865646,904.101982936148,1023.77476364948,1027.08026199178,1044.08148583166,1014.12977822257,1009.72640014646,1175.98613249973,1194.05621197522,1200.87463850885,1150.39253911181,1161.15498785065,1159.07998926439,985.447088497425,1007.44470075335,953.440698171874,933.48774110708,980.858270808346
302,547.036699743858,558.333965203399,557.229425597229,536.322625713297,522.598598870132,553.868496296522,383.004243279165,380.562237527491,388.210190303914,393.976106910143,396.126576565934,368.161926495834,inf,inf,inf,inf,inf,inf,197.916387119662,195.798296520384,190.569439682664,218.743127207084,214.697703857982,773.936290783175,784.740866379267,789.315000772999,752.573139626216,764.374307286336,474.188176974049,474.528050715271,490.628915013195,477.644000598781,462.00605022074,467.403221651674,770.209931750695,784.909639737216,776.331637185351,771.32555689339,766.555531769957,526.052840346266,530.680296260052,559.489450544791,553.963910962321,527.563456661441,524.561784326494,595.260695298837,611.345001567084,600.792253182612,579.014371137202,607.951822691988,608.111850584981,232.730733021019,228.807125529248,211.760628340918,214.460726111078,239.923002013086,245.284171083672,1184.65228402876,1186.61367428887,1209.2228420114,1190.48044748314,1155.79270722032,1159.95691429137,740.296549316255,751.855054095096,756.048652512818,723.086684566579,710.592036708371,740.259099756503,863.327836728771,864.671336958154,877.185617897938,873.979587761962,849.762860334464,1142.98224845424,1178.27082053566,1201.06441434631,1144.43306985976,1119.58656379267,920.329368252532,957.537457958485,962.378813451346,928.100862825107,907.727065220735,905.924146822378,1035.9658153815,1058.9089974322,1077.16623938622,1039.48526596614,1018.84137972325,1196.11034283766,1205.58263955386,1209.21318899804,1199.93648120916,1189.72512509534,1184.90036923089,990.87404376082,1013.26401258033,995.672190588522,968.091924328249,990.441005488533
303,499.074013054805,554.507897664543,541.98369961929,561.800582113531,530.523789921912,554.379555052311,397.755030655055,394.711033622049,401.7400346411,408.564493376913,409.798360079551,383.554093328662,inf,inf,inf,inf,inf,inf,215.201913711679,216.626155380179,205.125462126059,220.630172849576,231.44741047757,740.085039555406,738.425443104763,756.129231773414,725.368372368425,744.599641080696,450.415101444942,441.579867886627,458.268053990366,454.094885649681,438.259673853054,441.207791150496,777.497641114592,781.590413190075,781.807272024589,759.877201735311,754.959828141301,547.321726494448,554.575568492039,560.830678893116,557.945592399084,546.329040920318,543.483213851262,600.422533903335,632.219555036774,607.525528787805,584.595740415245,595.00925563081,621.695576037977,200.579537593077,198.571442261939,188.217807843037,195.54258695004,205.346087810499,209.965837956865,1161.96562187957,1163.42694658658,1184.39811233594,1173.07307163331,1140.65279756291,1142.04053420485,707.788609097902,721.572277854648,720.697053550641,701.546246928604,699.624007230926,708.092319282881,840.123118807455,845.487103538842,860.603603233552,848.934647717347,826.638247583621,1153.74012773505,1161.62068606562,1184.66228573072,1141.93394001876,1112.75152458453,918.921304268456,916.188442388856,925.780225674197,917.190621641642,893.842723280429,884.726422390332,1008.9940597904,1011.99173331632,1027.67225679532,1016.98633714857,982.075533370039,1129.58553760797,1154.47218539131,1158.07245613627,1127.97036650171,1116.3649929261,1117.17968002701,936.66234209494,1001.92304881892,937.649695397748,916.612329479399,971.59559183644
304,523.891103102373,509.829688760163,530.025314435039,510.515982924573,511.558874165189,528.50463494279,443.258248350063,442.874149467217,429.012322472565,442.425908546066,439.854357599286,427.653278621252,inf,inf,inf,inf,inf,inf,261.265121553568,255.50864273506,257.285435123364,268.972623143326,283.300450313095,727.225275362776,739.596234649328,743.276571433921,732.741314088913,730.363399673031,479.295343473535,470.104179022444,491.157061812134,478.82566996366,457.77022301438,469.158964317736,762.601916504827,777.234170511189,768.585325350141,748.007848183659,758.313848403248,593.401338444323,573.007615066438,606.465628474174,603.747983329341,592.250320528878,589.525224026337,580.112408479365,596.406118154122,589.077391831638,553.442258936894,584.88027005153,590.684823794337,188.508528509207,198.761026203522,190.468487648377,198.205881962064,192.831401661963,201.531616117146,1175.33576703602,1177.27537912354,1212.48746691137,1198.31552619147,1160.36472089248,1150.69189195077,711.851483606724,723.294076244878,727.55065166472,687.132263524748,696.654640751018,709.578160580433,833.281341938836,843.66877891265,861.231334341563,844.102245273805,819.812921724678,1118.42600268734,1144.09028554944,1163.52077132878,1133.06774031271,1095.05814796533,891.650790296681,912.186190684512,931.899499585249,900.275488326129,879.765314027974,869.746920696416,1005.49240561978,1030.14191906121,1024.84174628672,1018.38047377119,988.521741110114,1164.01180624308,1172.97447970107,1177.06473704589,1142.51934300439,1157.32005184645,1152.79822965236,967.432344716918,993.747447638651,963.293530854047,944.659300607918,966.566446061337
305,544.698999215718,548.229421124485,571.082430152448,551.946157229721,525.022730639289,553.044785510782,401.422210255619,385.177575628988,389.798636436334,412.252877633794,413.488995938304,391.733925216122,inf,inf,inf,inf,inf,inf,229.607015759126,216.583523332901,208.660219160131,239.965190932098,234.800646773399,748.473148482476,746.041065284811,763.345876016497,733.730941879497,739.049283323952,476.986713261364,476.639940508264,489.552618412708,496.731146439276,466.723149547409,483.814335480334,792.891700356016,811.626172163539,814.594618917938,777.133759781852,774.716364956084,537.910998631056,545.046806868362,551.599158600226,572.468920834688,562.386355619102,560.502869309964,593.944103985867,584.630478910352,565.242772354328,551.313793898162,581.990664282835,599.512328924827,205.718616318755,202.97507138293,193.327958578287,200.674675292734,202.762466153531,244.578559233549,1209.44088680064,1192.45631823114,1210.95392177036,1218.18994324864,1186.83343868854,1160.91777690173,731.07785693697,758.248887125055,730.423331622542,709.329156919671,718.760836617162,729.150001152883,874.515237885722,868.893118506809,891.746946530785,875.551655393646,849.624213102024,1163.16971831668,1173.34200506184,1194.2350946798,1166.7996232974,1132.97395787878,924.88032351795,925.769906262741,943.254524356795,938.306620587178,918.400729589636,907.049808292122,1019.39613526932,1035.57069216846,1038.82022824126,1023.50031837607,1003.83217365921,1179.88539326123,1199.40430387323,1186.58957266882,1148.26157637116,1136.70795712118,1163.43872128998,975.765176992231,1003.72368836681,960.204595524991,944.648754935006,996.693135340867
306,512.134048666636,561.537994453712,554.228941972181,566.352272692132,537.888071402281,568.220242283889,377.70550097648,370.424986679839,375.825609991806,399.621996155226,402.099686187593,384.982033281868,inf,inf,inf,inf,inf,inf,204.850337292473,205.533350212348,184.874847093919,211.187612005497,220.478943140553,748.905734100519,757.903547465131,780.548502093986,734.523679923483,751.148570729327,450.61491118814,448.73263050648,463.062452034072,457.066514028268,440.004026922348,450.242933927873,774.217379739506,789.705594991547,791.613797522153,770.632389257649,778.065502496015,539.337544201441,548.14204315321,552.02723661345,547.734429590547,536.028818012294,548.691100427561,608.895196023098,614.218804028356,594.737311067311,593.760601437973,601.491808703899,632.087153655384,207.158414461552,220.17448555349,195.091917720615,200.39173954116,210.541679145198,239.185660119462,1170.44139236062,1174.23251462929,1193.58434470329,1187.14333656682,1155.27326245488,1158.35439188407,717.708497550461,725.623184306011,729.653080765241,709.216337555383,705.317696493592,715.05503062772,853.844700370781,854.360124450954,867.341947579417,866.321503881981,835.423921395328,1168.13586351546,1177.27473510579,1199.20821707206,1172.35697068006,1138.04290682608,925.045827258137,924.698505441039,936.385774514491,925.966868834924,919.122010608529,907.255274341362,1019.77495486775,1025.3790454521,1039.03332317931,1025.19677198145,1005.27226367599,1154.74937395557,1164.43887821087,1165.54004353824,1157.51271742035,1127.33728437108,1130.07251816445,987.592275934289,1015.57965844433,947.636447590092,928.863671865529,987.709195266186
401,705.265644788139,761.919511316568,760.163984155525,750.847057248866,769.019917746396,772.542794592359,179.65397142313,173.813076238902,180.528461710091,190.425634426015,190.098451684028,185.305026917436,304.728924353858,272.953415434455,312.157030968384,327.00510786786,312.870552041139,295.348064534109,inf,inf,inf,inf,inf,1079.3530758409,1074.65974687569,1093.12732174694,1064.61556245728,1075.73587603409,487.677477190978,506.209291890134,513.708179325111,489.248794207325,486.898351872077,476.301481519671,935.063408624263,972.398972556188,920.515110952367,919.829389184854,930.754785747625,318.034729704523,322.89113544867,332.05900370591,346.410973755453,335.755513493783,333.511048147894,867.247509447592,883.12836301292,879.059573221533,838.245839106605,857.445229788692,874.991426501375,525.174980555859,520.422623437325,512.818076699696,522.034316789055,525.091824390087,536.021587508592,1138.67192623501,1124.64756851157,1140.59027860187,1147.81139184783,1116.17604127182,1101.31680390505,851.939871140343,860.496662494729,865.397125380214,851.302771815666,839.204059944049,849.15376116211,1122.30553539122,1144.71882899319,1135.0087846152,1123.13046238333,1117.33942851961,1304.40823430084,1315.36100416222,1335.48581374618,1317.70545802813,1263.37534825473,1082.11938219567,1081.9350018683,1100.32865424346,1096.54355166861,1060.57904011024,1053.86128536806,1189.54581263251,1188.74332638561,1208.92157201695,1195.02099263465,1157.75697690737,1331.73846114872,1349.69836897873,1321.91540308658,1293.22707580375,1289.13733582177,1315.56040195116,1126.8352129959,1158.70182132259,1116.9086456606,1108.9621797322,1150.32479311299
402,673.984746388959,750.604422530814,752.219721000471,738.836008227776,755.649894488379,761.906998995319,188.890834339791,185.398057737994,192.378488116936,199.730113047233,200.765192186546,174.813408765058,295.208728997303,271.27608971272,309.737347609766,319.622402698082,300.407893403294,292.187432563025,inf,inf,inf,inf,inf,1064.37569955621,1062.49239052268,1080.36077675041,1049.62653952694,1069.41163491725,495.259876592078,506.865690024134,524.429939463842,482.543550323478,482.671828634483,486.86116704622,930.511791255349,946.763309052027,935.660708429485,913.293522676573,943.537374592285,325.77507112526,332.781660914976,339.347934202993,336.548328982962,324.932150967287,322.08637968378,839.0564470303,872.16649510476,845.904917850373,823.119360699154,834.139069963418,861.64760162917,512.672606760104,510.486087672156,500.284555652178,508.045158018543,517.722001545513,522.019560112699,1151.44811381657,1162.04070508813,1178.25699715801,1163.22972124771,1130.64532160512,1131.01786317022,854.777743072208,871.828286331924,859.960333540333,838.596604888393,849.402449081548,857.20154935968,1123.0462376844,1131.95528325661,1134.60727419573,1119.29879010245,1115.26334203166,1326.43247387894,1333.65661114749,1357.20496670052,1335.56436464137,1305.82717392131,1098.90114413587,1095.07764552207,1103.97498432029,1096.600360431,1075.02949150603,1065.14565956726,1198.01520385414,1199.48821986982,1216.24716124031,1188.94616326454,1171.09832400483,1292.22140954546,1319.07687074508,1304.66364392002,1285.07837377303,1276.82718457884,1286.15147728072,1127.53458689469,1147.27689955046,1129.57905543056,1107.26694604911,1129.37292845822
403,691.671743745094,762.619794895359,753.766053595998,725.624172952493,730.219494103281,752.123261348244,191.880938110934,190.530660674879,175.711011446477,202.784357268346,187.057069487067,176.506966864243,305.970642470272,283.658606250288,312.790539930251,329.64417502821,311.880586137471,298.206152995145,inf,inf,inf,inf,inf,1071.41685834355,1059.48858198961,1087.30735434796,1035.86330659803,1046.05219235601,454.983377589125,472.134130698493,467.012681360233,455.227772941839,460.360515942547,445.538359169157,914.173044687406,928.516783770803,920.970718147774,900.379312330731,908.982184112128,337.691626300756,324.029565623725,362.859581920353,356.612478729906,337.56355400721,334.722411556791,873.24046234363,889.520141634912,880.836733439529,857.552940966454,876.793141820869,885.051655103974,517.531910684206,529.433124263751,495.240561347604,496.414486483342,523.25153324387,530.453201309598,1114.37793261938,1115.57721245939,1145.52231698032,1132.09767456787,1106.56666900306,1089.42167532507,842.206759141159,852.638258360342,858.043187317198,815.623560917308,812.296898399371,838.644143370838,1112.937981723,1126.64986614659,1119.37244251947,1103.04217900199,1110.30631592963,1279.82000526745,1311.73762534454,1325.36295736907,1302.77374541091,1256.56249300813,1052.87083444035,1070.5943967049,1091.59994656793,1062.05312458733,1041.44513522514,1068.17154234829,1164.79636488964,1186.23820559078,1201.00884592936,1173.45010158889,1148.36932317897,1325.74257118289,1333.83944615262,1338.54145362459,1298.95990883173,1320.24080973031,1314.93327681465,1121.96312561189,1144.36492672739,1102.67208691253,1099.35836202795,1120.35283537084
404,702.141175627897,771.4622624674,768.780244082895,760.551236164198,757.43994637195,774.024621918189,190.145434988379,157.538656354256,160.564667459954,202.031293552115,180.387771115156,164.039119000225,317.072004976748,296.680529854038,322.166328155543,338.484778342371,325.673355628497,306.32420963612,inf,inf,inf,inf,inf,1087.4671983603,1086.52251034845,1103.63716783822,1077.12913587095,1087.85051717055,497.641727754307,501.348640477883,510.278120026578,487.633024770752,484.459990756874,475.031575034607,929.476837873511,962.22515311488,933.187205295494,912.824188007303,940.113686051738,330.777891506228,314.151033951601,342.39778708614,338.593645867367,327.789456443125,325.438023336364,878.528203509617,894.678565725258,873.55390718799,864.519907239871,869.851448394683,887.30153424261,534.403186453526,529.996068805965,523.041588277915,523.897915303159,536.748796460675,546.436477631858,1115.71928436242,1111.26770754366,1132.65527976537,1144.26891422299,1097.56060108214,1094.90296623484,848.22895496806,878.602600873438,860.629578467184,844.776986281359,837.081148383782,848.723205306825,1142.32902860963,1155.82873098686,1145.10859678652,1129.4740496796,1128.06597595609,1302.44458094683,1308.86661629836,1327.50783367912,1298.55027802717,1280.21360871833,1075.36749297485,1108.69729183016,1093.78639233427,1087.38770117029,1055.76806535871,1094.78987469701,1185.37600717317,1188.04836539437,1205.4609493173,1192.22644793556,1154.06858970159,1335.13400025639,1348.55483252404,1355.79602788902,1336.68775037947,1320.7807267431,1318.28031177459,1122.34311428514,1169.47980281487,1124.85168605053,1104.42704832152,1142.37835524869
405,727.547472680457,768.089889866642,782.112380602381,756.256473847323,771.727262218706,800.818341184151,155.506971169439,146.942304098361,151.883003967255,177.067345275434,162.747558872747,146.725796601477,326.0227848864,303.433841069154,337.40239819819,351.062624699148,331.136636356044,319.975978557812,inf,inf,inf,inf,inf,1088.32136643639,1086.11915946046,1096.67414336495,1073.69826844457,1087.49221568394,512.142841594281,513.976908932338,524.80340542705,516.358685712822,502.868761615898,493.60470029359,971.725807215695,960.583540289157,939.897844308204,935.865489190701,962.826089024245,299.743265855112,302.830529033189,318.622770802368,336.58695360533,327.057602387243,325.466889916465,881.540989638931,881.045259854011,861.421187987308,847.575682980802,869.030529404625,886.405609280841,531.305769907678,552.367604888357,519.01293734828,525.326293561589,537.578424201074,551.532060448246,1136.19858628009,1143.28479014796,1160.26705559861,1151.15557366329,1142.67225396499,1116.59078202072,863.226087436623,896.858203308104,883.862328235706,859.814474019352,851.612270705119,882.28049031862,1139.89682106724,1153.48527981855,1154.87080618059,1138.78366548398,1136.73122066273,1331.83250255404,1342.93506595066,1362.78663471059,1334.35661175521,1307.0795547284,1096.56205224437,1099.07166033975,1115.0012250275,1108.70514273989,1088.28537292125,1078.85143418332,1209.74818254851,1209.02001340472,1229.15418874098,1211.87635507455,1193.08156457666,1356.86096389219,1361.33747251085,1336.08781144324,1313.9031115678,1301.86288038061,1335.91670936746,1172.27376675353,1184.82247288005,1136.07784774536,1124.09243275741,1167.62389137177
501,869.177705263843,632.179618380787,644.083529093946,668.363988366346,624.905135343765,613.077365455783,1359.2938973191,1323.00049944793,1363.65359530118,1370.05715074862,1371.48829988028,1344.95173182409,947.89752816671,961.991314885502,946.114211566805,923.286196120899,945.300297648048,961.435588617819,1167.35110704265,1154.06843371549,1148.01112040351,1163.06922467488,1172.04228174873,inf,inf,inf,inf,inf,1082.63371389304,1065.78555737433,1070.82390485929,1102.79600915787,1078.67081982806,1093.89759261489,1085.386954912,1094.44430076123,1097.30085566974,1076.27643232015,1066.17878077054,1496.42564573213,1503.9515118064,1509.80712682002,1506.57273770591,1494.90690116914,1492.10973749474,595.932497837423,583.870868239647,582.287249644916,589.6343799704,609.300598677538,597.676860823369,540.349094239945,543.043123877196,553.543112390595,551.641644883046,540.393281124162,529.687318892122,1587.8589996329,1558.12798799441,1577.2469042153,1605.37361323064,1591.73681559655,1575.40083107602,775.950684990752,780.679631479247,790.417060912431,783.825116045006,761.850839975641,764.885542170184,602.251790328905,570.857691162735,599.031485821127,611.362311934091,588.736818975521,1170.59369450244,1178.33902922059,1201.4959231241,1177.8107523529,1148.4483378274,1115.74996077285,1105.61281145475,1128.61633964727,1131.06298938961,1100.26516695632,1090.94837131683,1238.00324718594,1240.61718736744,1256.60384071285,1246.12089816281,1223.47024379318,1325.59938619286,1316.92063539977,1320.73092009699,1324.27555590434,1312.69958889285,1313.18877408944,1077.38040026972,1133.27173507701,1078.66429485771,1057.24155486631,1096.91169603319
502,841.363618599818,617.952202862451,621.847417598704,631.968606077078,615.950866136746,598.17163694912,1350.68651968552,1343.72983115722,1349.46376651549,1360.53756981369,1359.30665991632,1340.46020337586,935.428373095401,981.45314373903,935.022290657645,908.736712941327,925.454034023066,954.080732521523,1167.59340763284,1159.93479583858,1165.40620454144,1175.82477673288,1191.67998762009,inf,inf,inf,inf,inf,1077.80451684712,1067.45940217921,1076.48525257728,1086.08948084273,1078.71783513166,1089.82378030045,1061.57274901231,1074.82780122571,1077.93752334951,1056.98654410854,1046.95112275558,1492.27302097459,1496.86581575546,1507.24225441123,1498.07403350335,1486.72991906051,1484.20164175442,602.948134321559,601.363133458631,600.252601474221,607.161669552168,627.1180275955,614.584115114871,541.905878199804,540.67329086604,555.42959524834,560.196979309799,549.799300859205,539.374603482567,1587.50355101056,1571.30997706849,1583.61287565665,1601.20102108095,1600.2193612267,1563.33748590859,769.766115663238,771.158638551292,782.030370613487,777.597263002643,754.746664544705,756.336774691574,563.79372865846,554.372419584101,584.261700781155,586.585195567177,550.813334267474,1178.8134982249,1154.44021274397,1178.65941458275,1179.83434339808,1117.02714232395,1094.01267316088,1106.47847242534,1135.14387634208,1104.25949180444,1083.59640464539,1076.80427081727,1240.68850352209,1248.13549058837,1262.54591395646,1244.66701684293,1227.12814496908,1307.28080235975,1306.41596994015,1329.79603365663,1314.66088340575,1305.14797943688,1302.93249345958,1063.63460141822,1119.96910511723,1091.06650695633,1041.13939230081,1061.27652188733
503,862.873653563119,648.627517377949,648.269593894472,655.202516115598,615.991790366325,612.057857663658,1379.65227146022,1377.99924061106,1364.10630784356,1390.59001095206,1375.81433559052,1364.42785683805,958.445645635965,983.355651003591,951.555580993359,926.598657379917,947.666511196622,974.94118595657,1182.3038146453,1183.70163842622,1176.14449861675,1189.27487226116,1210.52797795492,inf,inf,inf,inf,inf,1112.79587728114,1099.23637483899,1110.18778146746,1123.16869103894,1107.97729423925,1130.19107853169,1081.13277244248,1089.7946845108,1094.20138175115,1078.72146668836,1065.96001297419,1520.61092868216,1498.91575336016,1521.4183030095,1515.27247261363,1521.11755743476,1518.20178618071,599.182233613171,600.284357188243,582.975180460414,597.10344395571,626.822696347501,612.505801054732,565.415544078634,552.006350331279,573.658234940661,586.888171054138,566.912477228042,553.409177991763,1602.45224543179,1585.25851903761,1612.06601543393,1631.67708612403,1606.901512038,1582.65182413654,794.074023849694,793.485820306826,808.243107238473,803.910233006076,781.792060398357,779.487699557815,588.864789726294,589.950944925472,602.69731339945,599.508477187405,575.317073751305,1163.76712299836,1153.29787129672,1190.21650299765,1188.0097419742,1140.37336978654,1119.45235875092,1123.25654450032,1151.5678357435,1127.49295548505,1107.07643688375,1086.49311901019,1268.07717274007,1273.9769472899,1292.00169865936,1272.19751458971,1255.19159166025,1345.23942752272,1354.60229617956,1358.34518475888,1348.9491225956,1338.6186399309,1333.99199926813,1083.57285781105,1105.96059285477,1088.16553531742,1060.78260251833,1083.04753698388
504,835.57727841571,611.62812903519,620.578728504508,632.92096656822,604.978385026475,603.777566971193,1346.30259358806,1311.78861921603,1316.53849337863,1357.07736135051,1358.57376065794,1314.91551259813,935.30386644987,954.623233703643,926.081166042681,913.708674392318,924.937651044243,941.744773017505,1155.62635808292,1142.33164996426,1135.40791525347,1166.01698242762,1160.43163154263,inf,inf,inf,inf,inf,1066.37161526677,1057.01898627923,1061.13424171513,1073.70655484122,1069.76692965126,1082.32876214476,1067.86744649721,1076.57233883545,1084.3951025147,1058.31363838514,1040.32233002298,1484.8446182644,1492.34239228397,1498.40734103555,1497.05718451156,1487.09537452693,1485.27571626667,585.101718386424,575.670214758921,563.435744432764,592.003137247738,600.624062358177,598.772812672452,528.037012404595,518.3211180603,541.215542261846,539.989311991222,538.252091261606,510.520135590004,1572.1460361817,1542.89788127504,1562.65243270294,1589.77793439419,1576.34834957087,1543.29648728143,766.653699234702,771.45969865731,783.404199797456,771.219484133849,750.916540568669,756.994209228326,569.686767839274,564.207145278326,595.732811505367,592.764916789275,571.632155328164,1164.74527859017,1174.90236923156,1195.80940955008,1168.31712855864,1134.54819797771,1102.27367860528,1094.71322330094,1120.53047417366,1120.41008739337,1103.56255834804,1086.65927150981,1239.71796093747,1234.17284219264,1259.14183521872,1243.74628502448,1224.11867850679,1313.64006651189,1315.48807992128,1324.90423594661,1332.21221779309,1320.65404517326,1309.66145472141,1095.8077815578,1117.85209958888,1076.67414000574,1034.51689082316,1078.50378392855
505,868.977649167323,633.555851208616,649.843331860726,655.327171563378,612.494437761775,610.611206699613,1341.83077235946,1338.62514177983,1328.97075378095,1366.26011250087,1363.29255083956,1327.27251816951,940.861884910759,967.278296275336,941.040007113742,917.220659111474,932.553375409317,955.818474779755,1164.78706227949,1180.07055836915,1159.78244880771,1174.8519985016,1172.29522507422,inf,inf,inf,inf,inf,1115.33442231574,1077.4133228372,1106.83070661688,1121.19993929793,1087.89984628809,1112.41286507022,1084.49309562965,1080.77623900307,1098.54377543486,1078.59944818547,1066.96841068923,1496.66577368875,1485.1751994132,1507.65533254158,1503.16495067794,1492.60099159923,1490.45507293483,579.422933547126,566.091617136363,560.97335545474,573.521322386827,592.802905197486,594.783775522121,552.788069267234,528.990000061788,547.435981182022,561.736301874774,551.067208712143,528.148053997986,1592.02409122303,1569.75388420769,1587.7091376403,1602.2049175985,1587.75315828388,1566.91362333186,792.723381175602,799.654858940694,808.353491364281,796.929501974853,776.724933032647,785.11173204807,601.752454934541,599.314619760121,614.564289075845,615.281052115387,601.505324742547,1158.95965744777,1166.27156992319,1217.21305043818,1187.61224136593,1136.2676923306,1121.13971036735,1110.28696249462,1140.02111497865,1139.26953650571,1123.39226844595,1104.65613669887,1263.76257655751,1267.67549797103,1284.25497295953,1276.15642252574,1249.19734089669,1348.11444508554,1353.43434334327,1359.84429312293,1379.13618670017,1363.06259066858,1361.42236841327,1112.45541610905,1133.20540509941,1084.12043622276,1064.65695882105,1098.62900275805
601,354.110241391701,529.173991704407,522.915608824447,499.730490492559,513.322753094019,539.903244915654,605.256495203267,591.785283366134,585.502229878417,604.397758463565,594.329378010639,606.996004626185,621.238138119072,634.794359295513,615.869308172463,616.379991417614,630.001543702329,609.982289812931,521.023642427244,539.299809228776,497.268276167086,520.783176019513,548.475803571936,1045.05473171792,1038.05960073065,1059.54622287883,1033.46567718767,1068.62435328958,inf,inf,inf,inf,inf,inf,444.467686707741,460.874859234945,450.139582006675,418.984426421122,444.224212014947,651.172001606368,641.128428477109,669.388134641358,682.407305876385,660.086090924611,657.501774848062,1064.82819712649,1078.5255256203,1049.7752865575,1066.26716077328,1083.36617421762,1092.74814123257,620.982292063676,614.353154133513,605.669729271188,617.833340104546,628.961785760479,632.216635939796,726.310001064454,733.219411589161,750.399264078806,740.885508447449,731.452464521184,707.628587426937,438.142731243907,452.934102544934,449.578394745052,427.477315889989,433.397918098989,454.399618392414,900.886161470907,900.090009736977,903.789329829522,884.130638490815,881.297294735374,851.993269033042,874.593875044255,878.690102669706,854.597622257071,821.808804876076,597.178318337347,620.069257054984,644.150591840667,600.845258779543,588.726077159997,579.461011089883,696.097567802168,730.192483192677,727.453715256132,698.507410169541,679.654755759942,844.329202103939,865.057893698568,855.820982279621,843.843733131591,814.279023162115,850.64634220936,658.601619668744,686.322934320761,659.636618868334,633.09951360713,650.579566368652
602,363.64904688093,483.120143825589,516.288488016778,483.124332242034,479.836820144469,506.056721326651,600.964604866106,585.563409359662,580.394957312132,613.076621872187,600.451862389307,609.995894964581,594.473707470827,607.909407746946,574.679412911753,587.821842500002,619.294607459233,588.093489164155,532.667748919684,549.145917445493,504.602896167699,520.046015635075,546.813367305143,1019.52260115151,1004.5097752715,1025.82966103698,1005.72483986544,1020.18397080173,inf,inf,inf,inf,inf,inf,421.647014315009,435.587225618281,414.481109115414,395.025060190719,415.747320726312,652.872355474567,638.555024552809,655.037054892451,667.502350426456,669.188512017828,668.422462568757,1052.64567921515,1048.70182261209,1032.414548303,1036.34487103497,1053.72721971194,1069.59453947842,593.157979452951,585.540301465994,577.505054009622,591.929330681586,602.609285751908,604.707721727357,708.241212926204,708.428586785368,732.116955525666,727.957048423514,689.706606394155,689.379180529755,409.935587126577,437.030305815751,407.58994527166,394.739852240925,411.611511901545,433.772501765758,872.210662142711,885.789634965939,875.125390861371,859.528792731574,861.51273228484,800.598737983829,809.171551158571,824.438759225308,803.562933677541,777.49927481873,572.349298365059,581.140978627237,590.242169677272,581.408482327221,560.769401295946,564.483391646374,681.332041534368,687.250921769976,702.264940115473,686.578493906292,665.545615850089,857.345715987416,864.703274774453,869.773457068488,862.882768032043,826.850875115847,826.832221984428,621.80890914151,644.14780612141,594.818889461736,577.219910599549,619.553993586451
603,358.288503277594,511.657838575666,528.492151219968,500.03681038925,532.442847452769,548.138304306502,623.569562431837,611.576582586042,605.288578677354,643.969902135987,632.179227665971,628.942082027958,640.075867913044,657.176880566273,624.51719515682,635.820772481473,648.826737484455,635.876058521849,555.247151629521,578.012793773316,520.08999811262,544.413084595515,572.129509433996,1047.88958872413,1041.60140395311,1069.10758436728,1033.12480363271,1065.16419826337,inf,inf,inf,inf,inf,inf,433.972913038603,446.762701089545,417.386165858265,399.136181537609,424.791312130438,669.505769906118,671.028996633584,684.882372435441,685.974830455468,684.781967325503,683.515343777847,1092.3080497261,1093.85320378334,1079.93581987955,1074.29254077333,1092.35619871567,1106.05397996662,628.181749934788,617.813391161042,614.481155767965,629.85255835816,640.837957647319,645.381296111877,702.469064244091,707.126700680067,726.555688692708,736.770090301303,706.349277158742,683.65260660007,426.532926015667,451.302221400905,438.190661880814,410.481332273816,431.394256711756,442.056366594793,884.970437813802,898.74217128574,890.87067751042,889.081209808368,881.460330015576,821.455978112514,810.40124770121,852.344484951164,823.770545134592,781.521885504024,578.902934477635,581.830345101071,597.339290662257,591.036080575547,570.658065855862,561.227301504681,690.234024432258,692.804461493945,698.959848897689,681.226678358903,676.372172122469,849.516758525541,853.720880113914,847.185744186443,834.820804566925,822.620711473787,819.917167937572,633.71531936355,659.030624297605,606.411792397955,586.313309233406,628.829056762468
604,373.922676698545,542.217859287245,535.087185354825,508.988217692638,546.446460360558,552.772745748963,606.87802283892,601.773511857314,593.940031750005,611.502645949538,600.80769437966,615.698542295988,635.063353063207,634.893889356167,620.867656771845,611.926970456575,641.065566690699,620.602970075655,530.833335376367,535.895182667877,507.199254778654,521.824200182708,560.906551935863,1066.35690508833,1051.66397673049,1082.41964588868,1046.24577399972,1079.94623049165,inf,inf,inf,inf,inf,inf,443.091226189681,457.382686861467,449.857626690447,429.260445698753,437.575562675373,649.265731246882,644.643968299014,678.352727193452,674.883150641594,662.029367174999,659.914688937914,1082.50830533027,1081.96305395584,1065.61942505811,1063.29993775654,1097.54542020686,1094.83169215793,646.456541723162,628.292092791196,619.963426608823,636.646332881212,650.378808852812,659.483844638369,720.054128910455,719.749543370064,744.339586328429,731.413311844633,704.216796061668,693.651829064507,451.835135425203,465.494225564895,462.874188689033,426.986929767514,461.070720444404,468.22078499214,897.414624609626,910.909998407606,916.600610142646,900.235924979857,893.230336223115,844.850371942418,851.919879775388,880.719766597368,845.108322932521,796.741504282202,592.227390120507,612.811828123831,634.025781850015,601.841280720882,581.20334072591,575.335329113235,707.238234945366,729.146677948624,729.344913364885,698.531206605353,690.923711196225,859.007370772262,866.818339180823,863.949494551616,847.588318842932,853.409720181544,848.207847418117,646.531959873967,682.711819135754,653.121554145565,623.939997113083,644.683361506395
605,373.252572038634,501.489672422192,518.736785707823,488.167111447486,489.457795854761,513.664861724325,587.955704885512,572.75345895852,566.222733702757,587.432132651826,576.539625301514,599.468435439263,581.11287012274,591.155291351682,571.17258986155,569.429490582168,600.900342479204,571.858252156773,517.541623233755,524.441001732628,494.401723080129,506.68289976094,535.437052057014,1018.27642535734,1015.54746658115,1033.77820272798,1018.27408380368,1029.97211354018,inf,inf,inf,inf,inf,inf,432.118515536566,447.032648007682,437.554480993581,417.014580440812,429.362618914837,629.418383565004,619.456223297575,645.456398321696,659.57957560021,643.670624339249,641.90473298902,1037.93308200709,1039.73467219074,1022.08382821154,1034.93315301437,1055.81815081978,1068.09545930784,600.521695739496,596.894644794141,583.724902975666,594.532429746977,607.353850273829,613.156191511036,719.161902730451,721.75991131161,743.917919085712,755.616749494867,704.011711109672,694.772279411296,434.699551628766,445.904103400308,427.915293431359,405.822358116084,434.806277770054,446.363474811377,879.781301642675,893.555695299446,884.820430477356,868.624340782812,878.374543993588,816.259870054307,828.669963412219,846.234231196079,817.16236024863,792.80717613313,585.910587014788,614.042293061822,622.856725609195,593.035292639881,572.857291040887,573.772945151547,697.638612928366,724.021620257219,741.505890970372,700.489711724464,680.068291191693,867.405564376859,877.696068894416,880.68034001241,870.581955643081,860.058981459735,855.908988349964,635.161381241994,657.500608817822,639.105102532671,612.307995958034,635.44197618025
606,361.468558571572,533.220006360474,531.982891650067,522.038318463497,540.128016258619,543.962546327744,599.526001887601,586.544596073053,577.462108818113,595.311641372191,583.82871341675,603.586998623937,625.249074302607,614.934911855311,612.055777303345,603.971335671615,630.953252649376,625.242886893257,507.457003624584,527.334524883942,483.246317207901,500.041141278709,526.777833554692,1045.61516882593,1041.3013214733,1077.19343018796,1030.86222317302,1058.98157764868,inf,inf,inf,inf,inf,inf,442.651155340375,458.384216453084,444.539162557847,427.927302384835,437.47561738219,637.476783850557,624.992715151578,640.502310363302,646.05708463381,641.198116373323,639.124543718868,1056.7446650891,1056.07934743978,1032.31684408905,1037.71612063605,1072.85998830893,1068.83004920606,612.990160595592,608.597834582478,600.612751412564,609.725378904867,637.097405394005,622.015934809486,719.251977257019,731.741227361395,746.144243188015,729.258732860187,697.200378200395,681.942220737613,441.17064652521,456.947932508185,453.180151951525,446.217478163115,447.241208632968,456.97746955201,902.379564498187,921.837291127385,926.729091738187,897.676908256416,896.86143497004,844.572473400963,862.856009758013,869.267846936284,835.837359452072,808.017061712274,614.262952446841,612.793840748187,632.264886492581,629.254989726525,585.39973532888,577.684862233879,698.38274235132,709.501890058985,717.532329843527,689.451269408672,673.084942919081,861.304812342659,887.051060613409,864.763223988785,828.66727049455,816.977515037902,845.439488592179,629.228121937237,677.244504944988,628.150130093555,614.609919002505,630.079591831236
701,520.29635809736,594.006871370274,569.740432330545,574.440125074367,597.028807658155,581.752780185906,1117.76440182789,1102.50878121598,1092.50806053584,1117.67179659457,1098.37673971826,1129.11120942998,998.9856221956,994.710411689356,979.937930872123,977.661702315066,1006.46531424289,975.366084690723,1040.48623803516,1050.76748032599,1017.31063922199,1029.83583099176,1074.04743857186,1095.29523377754,1079.07957924172,1102.89829327876,1085.29725831463,1105.11343714613,494.667324289284,502.055393903015,487.25146634855,495.464832837258,511.636009583255,508.236548164002,inf,inf,inf,inf,inf,inf,1138.01175470574,1154.23113622069,1176.33332969566,1160.50848528955,1158.70578072876,1473.63288422452,1485.23754288534,1467.94615142624,1461.48058449285,1434.59884756932,1489.92863643455,985.812767680914,966.769590045552,979.488071346129,1004.40009237963,997.285359054136,983.000036383386,522.85742065875,518.042042740414,527.042315562026,546.446965949579,513.457808715535,494.682630215986,257.299187632154,260.968129167508,242.903610000089,242.114667311337,272.850956245626,271.990789545022,725.239983774807,725.414866663424,713.251000445781,715.110509195917,722.557246542541,460.868361061918,477.80508509838,496.026056594738,454.356617878754,432.763571519644,149.829926059637,168.578180252711,187.075365396133,157.580344092991,137.24940462993,134.017434984322,266.205422572624,286.479500727503,286.151623704322,258.207862844075,248.818639999186,427.474942623255,437.287859629554,440.688977841341,430.753710950495,420.202869288265,416.046481928802,244.334149645341,260.652894314661,225.819626543799,231.539611823201,260.349275982784
702,545.875125671979,593.124125148071,587.411426899482,589.318993933498,609.52228552706,596.05994488659,1134.38761151001,1119.03923473027,1113.28670059363,1134.65412986316,1124.04793800806,1144.4907504331,999.385845010628,1011.43073375064,979.42053349053,995.804518511616,1023.93587859701,991.757698753294,1075.28531590955,1067.44223856833,1033.27398400072,1061.844784067,1054.08343821949,1100.32546200089,1087.9665073068,1109.20950174159,1086.77205711767,1100.08144064885,509.963699496044,515.939292651686,498.380632439412,508.128734543911,526.509023961362,520.490355151411,inf,inf,inf,inf,inf,inf,1150.74405966173,1174.55560796495,1187.77013811229,1190.74039801895,1171.68833039153,1482.12076008033,1491.09179776175,1472.35359322443,1424.64141924233,1445.32689681793,1487.73848605333,998.694973384604,983.650686475753,1001.66007765362,1016.20793340319,1018.89246330585,995.310423667473,508.916731986427,501.258341804086,530.595444548715,555.643841534709,499.657676592789,482.930861557958,251.238764124342,264.366370557711,249.413627419601,235.734867870165,271.364463355245,270.548158594861,721.840711883198,735.551827433235,725.689609390376,709.772803686975,721.974276185716,437.303077946063,470.549526263594,466.355653553091,434.940678703188,410.20143538822,135.33780668389,143.048195762905,152.962038057589,143.37309849936,122.906348237802,119.737014257417,249.63256657122,256.673388289384,269.337173458199,253.726919764595,232.907717800037,417.127909947955,425.999757432616,430.046231007229,421.59772766343,368.502575034899,381.485500976665,229.599936751024,241.05332263336,210.783403161867,202.421116652291,245.762763692039
703,486.7813327253,591.489781376476,571.021629816392,599.133879559072,612.752105986797,584.277605554416,1101.61911998819,1088.05403918775,1079.94485469774,1098.95475393056,1087.95655990931,1115.5769600318,1019.92645917566,998.144860450961,990.979479932965,1004.13576524157,1032.88625198805,1005.12000539491,998.549776327924,1016.12533230076,990.935555647161,1003.5503259001,1019.16267331371,1095.31732046145,1081.36844530565,1105.57123108116,1086.23212933732,1109.99620185449,482.983817340585,465.65938486472,450.086285265739,479.365653390182,499.397082541142,491.754316056264,inf,inf,inf,inf,inf,inf,1120.50000753299,1136.56306564077,1146.62184862128,1145.55440489572,1144.25438027606,1450.71305911285,1465.88541978206,1447.33203011455,1436.30628584256,1456.73961342729,1466.98243410839,986.910672771361,970.703531930765,987.111854865024,999.521006494909,998.873736331577,986.484080294095,489.669066497739,489.201040030529,510.605706361206,508.637354704511,481.127835465815,467.260383028421,250.854337793083,253.780126270385,238.179124914001,247.640342679721,266.281294156947,277.880840175531,734.358658539588,745.384185425321,725.341232430057,717.097497228611,734.747371676645,475.201382427943,491.881349232277,482.955047281732,455.840496138844,432.841367839047,146.602702682104,154.563043432775,163.824759937867,156.175599409306,127.77281818555,127.581292738308,249.622692749799,261.075052733229,268.359657141248,243.692801363012,225.932477002666,367.857540155791,398.648169561402,384.266411857117,367.000254443811,355.506123580406,355.455916024543,237.356916777925,244.461386687465,218.692778465094,231.600860349176,253.39792423401
704,528.509216946885,583.402810117167,561.826557916115,586.130292918803,601.827724109018,576.465993408625,1118.15671946876,1093.57698799407,1076.94140559282,1116.27199069936,1103.51890467045,1115.0174134879,1000.11422177622,1016.66192551926,981.438865970474,982.966315951546,1008.85248560098,996.931176996365,1027.3866280086,1014.98279902341,1004.48769740344,1016.68937620259,1044.41393180872,1095.99290991351,1083.00930055471,1109.0075145055,1084.47304558574,1109.12300240872,470.88980938488,477.674692150141,453.930490883196,490.34386652117,509.168261064328,504.220645640687,inf,inf,inf,inf,inf,inf,1132.84927474565,1149.59670236317,1159.90695991869,1158.8065224036,1157.4673284684,1466.49658638536,1481.28124044348,1440.28199718378,1450.72268688378,1470.10789982572,1481.72681513094,985.519578199371,968.081476992091,979.22759153501,999.182295962994,997.796594982836,984.681422326736,514.83900428656,492.045270065008,543.496536712169,530.257460965092,504.211442468985,489.308491816381,251.222786782269,257.875384236996,239.882229014167,245.579896250303,265.289801863702,266.143115518918,726.407397408721,739.922226419758,729.304716944758,713.610188779135,735.084436699537,462.637590766326,480.666781528074,493.185153387762,474.316163698147,450.357440954521,175.299847704488,178.899671331159,193.731222468118,187.537858805489,155.598751151536,157.680724608698,276.175221000445,288.667672484841,295.300165663049,276.85550624181,255.486019974908,436.239659599413,448.592879939013,440.864438213734,404.283995995407,422.112819364229,419.420569974382,238.955795222629,263.248829397747,224.18648208092,229.812084024878,269.654700571606
705,511.279141961156,589.176949580092,565.167277725153,567.965289710004,589.098405540867,582.773711243127,1113.38888845825,1090.73171645392,1083.77864758841,1102.14409941584,1091.73717778887,1119.8408541469,983.69099133628,999.413070296444,976.321977810339,982.892183858495,993.717991901139,1013.11536417031,1030.13963218806,1049.93708843299,1006.31071568898,1033.49539816505,1061.29298454451,1083.99770006686,1067.50416251041,1090.82841284813,1061.19391693989,1090.61856816285,496.538554997959,493.998423205111,479.622435887521,491.570424659799,506.802375241066,504.418604107878,inf,inf,inf,inf,inf,inf,1134.25975695132,1164.79561471558,1169.45922164924,1158.28922725985,1155.94294295729,1464.08177627115,1472.29541748137,1453.69461402781,1414.25805487863,1429.15044457651,1479.87999502216,977.860277337149,961.864495969126,963.647754734244,978.618387583577,1000.1973430102,981.231758543008,550.088272815855,536.300502998173,543.650205229053,562.481846377585,528.827115429383,515.615727587108,243.738260245405,245.389594333912,216.311386270421,227.507083798927,247.032256207128,257.816948807905,712.017042205972,725.609084270002,719.491674535247,689.881124586674,708.633123406224,454.105636120107,465.629688990499,481.173077432373,439.138215204656,433.28599865174,151.33184430277,171.609723467425,169.695880330889,162.343093831005,141.718694461942,133.923446186961,253.516457808352,268.176366838486,278.597285862877,253.895040356317,249.100469081431,426.126666853597,432.079487770843,392.016078535122,377.799279775612,363.872872071314,416.237379239422,228.65835313164,248.0741651284,210.946102265221,214.913552435164,244.398685716723
801,1031.47939563855,1139.61673409631,1170.76658443513,1168.2118274604,1142.38800703046,1152.05010366392,216.563361321181,215.783640190213,205.257612868889,201.939997658355,195.740590292947,239.652247371035,749.70310946696,715.972464041689,744.90681834078,761.797590026656,736.283499158213,736.300705836401,427.236309664609,442.747442389474,428.934024610584,418.317424472539,404.037665810337,1463.75937748738,1462.60398312572,1479.60135495285,1449.25950724427,1468.44312753474,719.974342771308,725.196963095823,723.520332849412,706.415835588856,708.752117968999,710.712265761346,inf,inf,inf,inf,inf,inf,15.3351274769523,16.0720298627737,16.8272004729912,16.6927610714867,16.5507537706727,1242.2966108473,1258.58336250965,1249.50148000928,1226.58653388965,1237.17846381739,1263.82649849064,954.246871380139,951.96630669849,937.522608734228,946.402334760628,959.843877145395,967.116106311719,1267.79230501256,1271.82190836088,1292.87599218659,1267.74758686542,1251.41163952684,1244.28197045639,1096.31134850416,1114.46606582761,1101.80924152478,1079.15695176653,1099.23778694266,1111.79812968784,1551.11297884228,1568.74189325425,1567.00645920346,1550.47650565663,1541.3664957643,1538.61217091353,1552.00280486867,1567.29624535009,1537.33191662381,1514.37235508723,1293.38926602544,1300.79572090591,1333.34660268244,1295.52324961924,1275.84872321628,1287.36544017646,1438.60253494003,1447.08418333801,1462.30213588202,1406.3420464828,1394.44758953755,1557.21628821436,1569.1124839253,1597.30420398675,1558.79129334493,1547.69137073903,1545.32589852791,1359.02261455624,1382.34348141923,1350.22312567594,1337.20862471271,1369.35083010853
802,1044.60275853698,1172.7182764527,1168.79696690995,1160.2833141373,1182.83079590778,1184.41776807862,220.353209810339,218.362773382169,207.145906181693,206.028485200137,198.616418440787,257.497682188918,749.174772629135,740.417687188227,769.18430619175,764.788868359432,758.659406138134,763.863903153271,430.547822699177,451.600350880266,430.11394917462,415.099817094077,411.006972311768,1467.37555371521,1462.7675770797,1502.19286997317,1452.75666108727,1484.3702414686,704.368091152384,708.957172153024,720.87865095013,705.780300382506,696.560473537931,696.111586805191,1157.91267147405,1176.64649941156,1162.78442293334,1143.98253060857,1152.06426160805,15.3007971585324,inf,inf,inf,inf,inf,inf,1286.88929253356,1264.0862761245,1242.99394783795,1261.08424254312,1278.61069389291,966.416050717097,961.860505253661,950.582130656431,960.635732904739,951.909656724768,978.268134122887,1272.94531175098,1282.20664511187,1297.27688550873,1284.90146794877,1254.26943269624,1275.52208873448,1110.45925487019,1126.11112823906,1111.3788366924,1094.77974551712,1116.71972228492,1126.20771735254,1574.58878807691,1577.95967468725,1564.61511659947,1560.20355037414,1567.91656158637,1566.31685110645,1582.17235201881,1585.21274121593,1561.94497255376,1545.48509182835,1305.45244474242,1321.55761770977,1326.10917588973,1320.75663554412,1300.09907299506,1293.44677969291,1423.28396950706,1434.44202631714,1443.21732390688,1408.33607074128,1396.02326582203,1533.7918265695,1555.29779469239,1557.42851421602,1529.95919666238,1520.43871946244,1536.96618662385,1381.19361199561,1404.99156607473,1366.48266786337,1348.91919044094,1381.63321865422
803,1040.65279341988,1176.35098975029,1178.75376567423,1164.48865597528,1179.43359644156,1206.94113251396,225.327723653367,235.685352685214,223.584946993206,210.592483340296,205.169663073166,247.613965106539,771.238652619503,753.13182700435,767.209248016239,788.169949744935,758.329900758633,755.43243953915,438.437056877268,454.741167069562,457.370659355366,430.174820736276,428.301796486719,1480.00450328198,1479.46159384779,1558.13506826919,1465.48251257995,1482.9082356969,731.192028108824,729.185105612669,743.606508966901,737.853865273932,720.52558215056,723.420552064441,1172.63898637566,1196.39106536245,1175.45689158892,1154.53969764095,1178.3524143129,15.8783472771081,inf,inf,inf,inf,inf,inf,1279.46578064342,1260.55104463939,1249.48945372835,1258.00977654181,1287.06252275404,962.690868434934,975.594853200646,950.497011049953,956.424435489522,966.50489116656,995.118094102951,1285.86063008368,1293.12751281774,1312.56691661359,1295.62276320704,1263.74692415707,1266.91672297071,1117.12137095514,1137.63808777802,1121.73841443008,1100.95307175827,1119.0110803801,1131.28144738541,1573.86590901767,1588.82876646257,1583.16677762442,1568.14597000038,1581.49915145608,1576.69508979196,1593.77379781497,1605.14671550199,1572.03938321648,1552.4594225755,1306.53783484201,1316.8577406295,1349.6508934163,1335.04765577548,1292.98660274842,1293.44049504577,1426.62351159439,1432.33786885228,1445.8810896937,1432.15612171236,1412.19732737042,1553.87154822894,1564.21675513628,1564.61237228119,1535.44920708342,1523.76334454579,1526.63328073913,1381.56596988423,1409.54845753164,1360.77794161933,1346.59990705214,1392.16991888938
804,1037.54114110558,1154.1771320492,1186.55927951064,1159.92978362435,1150.09748289952,1175.65230133602,237.693822547877,233.852975498924,222.245560073889,212.52957961493,208.921498981239,261.468412963529,747.789518138008,726.998787534562,753.152451703459,769.425156264068,756.035812111216,737.292280416765,434.996592563015,443.146139472543,454.065297960688,420.342735485704,429.168009064944,1487.33595959352,1505.96953635511,1531.84509249682,1496.11716159785,1487.42765736053,742.729286816888,740.080429003906,739.34808828254,728.965440496821,729.808357389113,714.948782752794,1162.95000948428,1176.37294422856,1154.03438491898,1134.15196152711,1155.52270040073,15.982492319307,inf,inf,inf,inf,inf,inf,1254.70624898265,1241.9382775384,1235.41594114314,1240.40703070678,1257.92173681435,955.298059307843,971.743366934331,940.036354905634,944.695646850022,957.545356009104,975.232104338657,1269.34016828384,1286.41039880072,1292.74763849911,1275.55365654057,1250.48713117484,1249.19683502455,1103.34732598799,1123.13265700185,1109.79857827365,1088.8612973657,1103.00732178475,1115.79151276635,1571.16320546066,1581.05625406858,1583.67446076356,1573.74571604979,1553.58148624682,1544.9048250233,1559.01360990131,1577.41710849293,1547.28917935395,1516.29366645856,1314.17657069643,1303.4997429117,1324.17761234394,1309.5592651754,1299.1540776948,1280.89761240763,1428.57441237956,1433.17709313833,1449.2270110364,1418.55168574799,1413.64126224165,1594.61423224936,1600.55132967346,1606.55625451124,1574.41538944676,1558.27495723602,1557.19618139267,1371.64736209297,1393.84988305487,1350.43996395206,1342.27407437239,1368.19354264771
805,1022.49439959145,1161.72790910304,1158.82302571488,1151.02071010087,1139.79191122716,1172.01077008705,210.459772872077,213.095759408468,204.112561379457,195.725351944779,192.749876484084,232.725301934835,730.818787269382,693.841357367057,735.903579842965,752.102209835467,739.72352428185,719.946745179176,420.31931732939,429.101786187144,420.393212045366,405.516414671947,415.63355999035,1473.70478543536,1492.39007070233,1489.85657829965,1483.38936777611,1474.18192489439,720.484389614987,737.876033186551,736.312370404765,720.793939150763,720.88181235668,707.937245318816,1148.25896171681,1178.98594577808,1153.14955466524,1132.43423834509,1145.1250678731,12.62004346029,inf,inf,inf,inf,inf,inf,1251.63186233832,1246.00195835122,1209.82506476056,1227.01339316796,1244.39416761272,941.894309256359,936.850389693763,930.231633640455,931.321642616237,944.170786493765,953.911562338078,1266.52892752894,1290.27441091319,1289.90221841219,1267.58292730259,1249.22309826024,1245.06551785744,1091.6783590943,1107.9020350213,1100.71240365447,1079.28501694622,1089.11959656504,1102.42533931404,1556.90815667345,1570.8231081369,1577.28601402715,1504.64265569447,1544.9403710518,1538.95697223746,1550.22981918392,1572.41124361749,1532.6155824547,1504.98749937063,1301.2017911131,1315.91526863725,1313.17015403897,1299.60927004137,1282.57835365658,1277.289812959,1424.03319758194,1424.61146891387,1426.7645543456,1405.4948384232,1381.89278710458,1562.16236048571,1595.60184944246,1603.87987771245,1530.93990071001,1549.60521414567,1545.65532994795,1347.62727798236,1375.77009202526,1338.68643208089,1330.38691415693,1366.68609008794
806,1016.93590981259,1160.42379296494,1157.03870363824,1149.98485857328,1137.65637002158,1170.51338350941,207.497226884184,209.990867273194,200.959630662183,192.693286623878,189.603142328771,229.930310599793,727.170543133774,689.74069243333,731.564710311452,748.047074333428,736.466075877169,735.186289957493,418.118945426371,425.990789681708,417.730715215617,403.208438456271,414.098326723342,1470.84592322687,1489.90932081266,1487.02300069136,1481.47858798228,1471.95928234003,717.582101133017,736.47811342006,735.076834824511,718.358364024555,718.264509627702,705.449481735007,1146.17231016837,1161.31794139792,1151.50661584689,1130.70553852452,1142.50404459806,12.5476242131231,inf,inf,inf,inf,inf,inf,1248.9398736598,1242.97768334522,1207.79351647214,1224.81206269316,1242.06512494038,939.114130249299,935.022609380582,928.921705258085,928.917781754455,941.74552525654,951.14938190214,1264.04758826303,1269.93022419402,1282.36966887234,1264.03754619561,1247.11383628063,1242.3679960632,1088.67400295597,1104.84879518365,1098.07519947121,1076.73214852819,1086.0255037977,1099.29332661952,1554.503707906,1568.18341081813,1575.15269349875,1502.05714974925,1542.45025253739,1535.46441910031,1546.22874352783,1568.96632300522,1528.827464843,1500.76481699533,1298.00506908497,1312.80400186055,1310.05864327611,1296.741198703,1280.77771826724,1275.00878115441,1421.96623116703,1421.71162939061,1423.45816049442,1396.97953220022,1379.27095779592,1558.79375067767,1594.16222742554,1602.79781750642,1527.96900459231,1546.94245017666,1542.46780789709,1344.37197400396,1360.56666689049,1334.91458255596,1326.949471074,1351.24739314044
901,1074.08778528136,922.704914733962,945.13543586078,924.915254945326,882.179182313721,903.911202967637,1087.27391018972,1086.87815024616,1103.6116451415,1099.59858095449,1115.2063217479,1069.39522117792,801.417891385223,793.328087112046,797.502474619835,774.711498510738,795.602381431183,814.407373298835,951.148924528902,923.394621362318,950.07752193496,960.19087488825,960.901372298412,589.831722487532,597.06309100986,591.592319317506,580.096316899678,573.193256400024,1117.49626828189,1105.37244877219,1122.87951096615,1125.01689901064,1103.30896937985,1112.31883218557,1402.13616856868,1413.22669116076,1413.60529496743,1395.85313450559,1390.18438101787,1231.89294820888,inf,inf,inf,inf,inf,inf,16.6107648766212,17.4724284736829,16.8350933000943,16.6155964598778,16.5188073930883,456.368102379379,482.327027599473,464.443864123865,445.159503847057,447.367280385662,462.145450753123,1818.62284017955,1814.91473160023,1825.27236451313,1820.36613037638,1809.99927733182,1793.33752762288,1159.35006203316,1169.47036550929,1172.08343094159,1157.37056099964,1147.61913835205,1158.99224891576,1045.90031735114,1053.97513018367,1071.00113692835,1056.67338015513,1031.71388162868,1512.08791661057,1517.29424761511,1573.49849200906,1536.33241541359,1492.87481862137,1497.92193153135,1476.99165544943,1511.06738174453,1515.46872230324,1482.93654142952,1484.74878029157,1632.58988170121,1633.65240737424,1652.00834057835,1635.55069302548,1613.05264808733,1745.21581407307,1728.11320367563,1736.32984832087,1747.64920506258,1732.03002383412,1728.52720231852,1464.74372762781,1482.33950061128,1468.29332022764,1446.7850675225,1465.00480726802
902,1077.38744039359,924.205253421503,944.432113462201,944.16049233926,899.613732653465,923.792443205254,1101.72770347474,1106.54690244482,1111.66157772421,1124.52512432145,1122.34561072197,1086.15651406472,776.504802521635,800.330828359459,816.742052317672,772.926544670797,764.502391299568,798.864770852693,990.101095756798,983.732300669861,986.233524303447,997.907733969309,969.572017457482,577.750167667043,594.6644818514,592.346503717327,569.944639553251,559.265632445219,1111.48046878758,1111.49393940514,1123.89183265315,1113.24617844846,1100.45393632139,1103.63279411355,1409.02333202017,1417.23994836481,1426.81539725469,1406.10771258891,1393.38511862362,1247.54246547949,1281.88522942453,1259.37824354375,1242.70915799245,1246.37241483475,1243.6682602219,15.5874691773127,inf,inf,inf,inf,inf,inf,480.693026271237,479.891826623283,456.918581643816,450.684157582162,460.720934543665,1833.64629182262,1842.91095622311,1848.71670738763,1851.90439581703,1812.85155594874,1820.99625695554,1168.2514231323,1177.61101957017,1194.07502965924,1166.84877178815,1161.61329301218,1163.2906109405,1042.59782408537,1041.06873991277,1055.82996971703,1044.36482178601,1029.75195572397,1549.07261371228,1546.88295361104,1589.32706536326,1558.97983073572,1523.17787635866,1509.29621237699,1510.01430585325,1537.5389330404,1525.98746147968,1504.98809778007,1489.39670054994,1645.8711623692,1653.67819460572,1677.57883199146,1649.01844804726,1634.01590327531,1740.53530165077,1747.40290260741,1734.51958401022,1734.10466856091,1735.92129094729,1730.16147594469,1476.82518392185,1526.26071127377,1497.39318912183,1454.46744078109,1474.17787735185
903,1057.84114484276,897.207349036137,919.790689646329,919.399967721749,874.85456077843,881.141077176265,1093.82047145072,1090.64682268631,1098.13134997096,1104.77990598616,1106.50534463962,1079.41706127042,768.735000427645,795.132767550045,792.676268808442,768.857291996875,771.238965907212,783.973380203411,989.656942464426,955.033238646519,981.32898927343,964.048513755294,949.95641374977,576.090758114832,593.221851359933,575.17352463819,557.621578450016,554.415722669349,1096.35533193979,1096.52822991289,1113.66634750689,1100.59755184752,1084.09224584622,1089.96251281522,1386.5419454878,1393.32745927336,1400.37882716247,1386.46008132131,1369.60759926875,1246.12619849508,1250.09717450864,1242.25007543518,1237.41805153508,1248.53967997353,1245.47736858072,16.3331346996182,inf,inf,inf,inf,inf,inf,458.358753533801,455.359920145835,446.089454919348,453.399167086628,450.314706842261,1814.14922109648,1806.97681126212,1836.29376102816,1831.41888272752,1782.95407054225,1787.7895557536,1160.65468723965,1161.14987394507,1165.64838642905,1153.18893086597,1115.43012783148,1145.24296865193,1024.83577649196,1026.28752782034,1038.68942447241,1035.63401445615,1011.29057936899,1513.74577205853,1516.42326278972,1537.82038992815,1524.78127359751,1493.18533137587,1492.12189178949,1479.0115287558,1505.14080972258,1500.18459900305,1480.94372687095,1475.99204356807,1627.10346388156,1629.0723237673,1654.28892507889,1635.3773075336,1616.52837933059,1730.5155347697,1739.92320622223,1743.57338051831,1734.58981741021,1727.49397840293,1728.69243653543,1452.70853858171,1475.10619788858,1457.89413166811,1429.96139991004,1452.21724158932
904,1029.52097418506,918.202778265568,941.206084525107,924.342142785294,894.344368810723,919.19847284468,1063.4000680983,1075.90028437657,1067.79933142989,1074.18483097975,1075.56313682238,1053.31873634164,775.002487190109,783.678213256079,772.608552890582,738.06691754471,749.844407366508,788.110882287082,926.62636137044,913.414353505306,943.680032950265,959.227271957386,931.470303048062,584.01919156929,600.805145845671,589.866734672403,586.614601104436,567.582299042542,1092.91332108075,1081.04661733995,1095.7920184274,1108.05380571738,1093.52928943461,1095.11038174266,1401.33025698726,1429.86575405514,1412.22395905065,1390.50562661695,1383.33225651704,1218.20285248157,1225.62256689019,1231.68539107587,1228.85147734253,1202.22822378912,1200.33570499922,16.0914250405912,inf,inf,inf,inf,inf,inf,457.038391598281,442.183939677297,430.984542172912,435.35556316893,451.110883710001,1819.39505500124,1797.67387014414,1817.94234654175,1837.46430114456,1808.53385133934,1796.81869865704,1159.02446356413,1173.44823781291,1171.31588124183,1151.36011054757,1140.81469080978,1149.96234049186,1052.99453863267,1065.3857085986,1066.14946185236,1054.18764871164,1041.76894943831,1537.2616333199,1545.84732491681,1568.28641538523,1542.3168462722,1515.1202083343,1489.29038798619,1479.80654389337,1502.32382892311,1503.80500030929,1492.64736193853,1474.90397988919,1621.48847679597,1626.12274617166,1640.53435974056,1628.28036640921,1599.40243443608,1711.54221019961,1715.75737798032,1728.03783065875,1708.82877558211,1697.14378269634,1703.9003237177,1484.28550272793,1488.21955886775,1484.11876215091,1432.93549343512,1433.89026242491
905,1063.36173842862,940.834479583567,944.542145394067,940.507378274616,896.565640588493,906.769407907331,1087.1448100751,1084.16970853344,1105.46388661927,1093.41156989643,1102.03369336512,1072.44966231901,780.069271016372,806.30939732974,780.770126550697,769.055245385416,771.372596926181,795.259021838298,945.43637449924,927.143789718187,998.95405709984,955.59859333418,952.510400593444,602.692292970508,620.19734684806,618.780708848987,595.179572622418,586.04425878535,1116.05410869411,1105.62076728239,1120.00427464103,1126.36103836141,1107.62920768581,1130.14754603982,1427.03321333808,1440.30844566244,1422.53518787551,1402.50355715338,1419.0859376959,1224.7298859241,1249.46107339893,1235.50380515291,1230.7823869389,1220.33122855601,1218.26391177003,16.0621712552825,inf,inf,inf,inf,inf,inf,483.000551393834,479.941318697527,457.697858034107,462.226781536008,464.906008788617,1821.95330504186,1821.13090317678,1847.57837060484,1835.96030085156,1821.41990200717,1808.0985950235,1171.66421951646,1180.01999679132,1183.73310363542,1167.09339986054,1161.05928916174,1165.48770492754,1069.89727712841,1067.50261045154,1082.74009719079,1083.33099203764,1046.24171716296,1531.5477035711,1538.90341102031,1601.61112560497,1572.04121589419,1508.82090257176,1503.14525032664,1485.58110235779,1522.34163966271,1521.1970495168,1504.71730336031,1479.505398281,1650.45069373074,1654.39958153074,1670.96407151916,1668.42424869727,1635.78766281458,1735.07375527761,1740.51384730091,1746.87026673779,1742.13080964797,1750.68534324585,1749.053140611,1456.76092046217,1478.91902079388,1482.4138414644,1462.9569626023099,1452.89702318157
906,1089.34539440141,944.031763505026,967.000590423734,949.387003073516,920.447551762811,946.462974402835,1107.23989775529,1101.88461544621,1108.68054735776,1118.06649190858,1118.00322521763,1081.14893098623,805.615991197888,804.270222875023,811.562364678997,781.578156109987,796.902956875717,828.291830755907,958.819070124323,947.268025759461,961.744044688462,968.884766415898,965.723870063218,592.333342645127,608.655522497839,604.737840406357,593.70570977664,588.357912695984,1136.31060731187,1117.26992613589,1130.61323528683,1138.16873441229,1125.6230142594,1125.21471255534,1422.80881333695,1468.53929190317,1437.97723425339,1415.57590599272,1410.37175237556,1258.40806536858,1263.68972103279,1272.40784418502,1243.83630533046,1233.24830402892,1231.05115862716,15.7616040407991,inf,inf,inf,inf,inf,inf,490.043029860063,474.33096910442,463.588952575775,457.002589166378,470.536922311767,1825.77655606871,1829.32633364563,1849.0919477762,1844.1511744769,1816.33498206938,1820.40681268213,1171.49222309498,1179.85126312981,1204.38979529437,1171.02066531044,1158.66431404416,1168.42731496575,1061.03130904749,1069.73721945725,1075.14536531527,1062.48705491475,1047.24701782195,1569.86357273874,1579.39484645643,1600.93577527392,1565.51335139003,1515.66861070503,1516.64336652731,1505.76240829342,1532.32689180231,1534.82774528055,1502.65889108737,1489.53246622923,1659.06410816915,1647.56217825421,1678.38748468603,1664.9186700792,1630.06443430293,1754.30679166019,1737.04249599579,1745.49898734102,1733.89500181569,1728.91603980874,1738.20511517766,1480.2710795345,1513.45892326104,1491.12517631668,1462.42459590296,1455.28630843561
1001,603.004397193693,498.135786070055,501.831195170069,482.322960232804,474.135431318196,497.056944755631,803.496113728843,800.242633639768,807.246202405119,814.315015512039,815.475806156166,789.320950972529,403.141841458741,424.196771715285,400.913496795665,378.350388924972,402.695116933991,416.447900269102,621.754893101103,608.746296539919,603.396561388289,618.80877764787,626.847347998451,541.565359520127,539.995239189546,557.599769017393,526.841682541115,546.306570901502,660.426230285405,648.220887434538,662.266716479476,683.80774095818,656.988679840705,672.137700242211,969.620183115377,985.873125336898,974.73080652534,952.387093837457,951.401405648712,932.814351465514,939.991520695775,946.323767556975,943.351706124023,931.711318511183,928.886133597569,458.897953696862,inf,inf,inf,inf,inf,inf,16.2836189692513,15.6557098734352,15.6550531878799,12.7911336625293,13.2206113249981,1350.45034348287,1361.06629322063,1377.26431948361,1362.17550485461,1329.60423974567,1330.0411620176,722.875293945013,736.010776463613,736.249196250792,717.900299586946,696.176506933688,704.049538665451,805.723916584239,802.792938195497,823.032248762297,802.132335983779,797.792940418409,1105.31242274942,1112.60010014554,1136.10557040472,1115.30695292948,1085.59107176963,1041.30090140709,1037.60927064803,1063.68799987817,1056.22145524411,1062.8376717385,1053.00436352528,1166.28671233788,1167.87420960159,1184.56909255127,1168.86632952882,1151.03629984554,1262.38653768426,1283.23629590524,1287.78182370452,1261.68508305063,1250.21602830919,1249.99369041801,1033.48739271993,1053.22323610188,1035.47076338172,1013.22267438364,1035.31801111143
1002,589.647763155713,468.634428337019,488.834915313092,463.909340121445,441.795950077505,467.557455483256,794.775803045078,787.730373554865,793.400149241733,804.622927117448,803.341147236883,785.319056512116,409.57130693719,417.092720811148,385.99719435188,374.742930655491,391.655538444109,407.139936378145,628.405466973967,620.801696318157,625.988595927309,636.599731956654,654.289059300358,547.305153563724,540.901866867984,552.56595776605,519.633963744982,528.078511758432,651.755922814843,641.455860174461,650.060847740285,659.984372068448,652.797968433404,663.862545303519,944.444218604054,966.450048710025,953.26858606227,931.341777566159,937.660123256521,938.477290192384,943.0267510776,971.404067544858,982.466932896154,965.363263267294,962.813009540306,488.701009967584,486.294617224815,460.057270564748,467.917849406012,487.703669587669,499.825022316441,15.9389989067652,inf,inf,inf,inf,inf,1348.07868022884,1356.83038506908,1372.3991623173,1360.92133526086,1329.97933496975,1319.17160928141,696.528710362484,705.783332256805,720.280190470566,713.793348609252,680.606122250906,691.406854765677,777.258936153069,782.655165025397,803.338496328268,792.3125524031,764.001671543711,1105.73638783326,1092.4143043534,1117.23774787915,1107.17560506532,1075.76851458568,1049.62829559473,1035.5586032157,1058.04846831466,1060.34848590604,1039.69262767262,1032.2563137695,1175.34840358694,1171.62646730955,1184.37854948254,1175.77294978149,1158.05938244962,1265.93923842286,1272.5312681401,1275.87841471332,1261.49923455978,1252.05507403725,1255.58996072319,1043.78622263755,1071.01345480867,1042.61606872016,994.188109824656,1013.64865511277
1003,584.531030537156,488.83680014126,511.738840816759,493.005847808301,465.474526732264,496.156292313153,789.581796849064,771.191957549339,775.862479669348,800.407994850034,801.651987580614,771.350156610313,390.859720653781,408.345968566949,379.454418873105,368.803199649565,380.747392571676,395.292097152537,609.474802920156,596.434574477223,592.716119302518,619.831499445221,614.631764963975,557.188930349856,554.844788050958,575.754510056361,542.449805944178,550.822504235812,648.562872898425,636.921828170044,652.00969172915,658.827324627406,644.52928980167,659.713986571956,953.50493601009,975.152222863141,970.992703072216,937.917067932742,935.761031978995,920.433008105683,927.598755661376,934.093078653964,954.500039945373,944.41154983086,942.521207366566,471.931582532559,487.084089936877,455.890927865377,454.531327339312,487.660212430873,485.198101403799,15.7471320111995,inf,inf,inf,inf,inf,1352.17964201252,1361.49362603327,1380.35376171204,1361.21774601122,1329.69295573504,1310.09951905232,705.634276281829,714.205940529427,737.858155762973,716.907293763914,693.163166168361,703.346289011969,801.707679802892,804.583818968458,819.447417746308,817.210017703067,785.465547564324,1099.97570152895,1109.85372109496,1131.0513998208,1103.86996340038,1069.80413988201,1033.98938028737,1034.43826091157,1052.32389080076,1047.67427859007,1057.58493361204,1016.17021242131,1168.01238685928,1162.9606347481,1187.40801492674,1172.62990706432,1152.81972399245,1274.80031690818,1278.89113575688,1291.74023313921,1270.02425504046,1258.41794916197,1263.14568674951,1035.81886319134,1036.25460300594,1033.62846479126,990.140872020964,1003.74574568411
1004,597.810292125946,478.543707613787,494.412029900464,468.267465342356,455.983490648541,491.662671754644,786.789949728071,782.541222111186,789.68832437985,817.634515470698,822.514687554052,773.100405082997,376.643303567217,403.71045703044,374.859069634362,366.552544953252,392.295342951752,390.538791353881,625.768463934115,604.881894599233,585.76360877593,608.834527157356,623.698444570128,545.961670841052,553.155068354983,574.934070589285,531.970326017724,547.155278437736,659.005085630238,648.132714768523,663.921793780092,671.819984499973,650.678584293111,666.732406504231,956.736146113131,970.840287273001,966.538715185309,947.287929281925,928.101856184683,933.198194163453,940.716151598846,944.800975054673,941.285213602526,930.378896106082,927.937637826123,445.839151082282,456.088527320544,439.579156435059,437.471584242787,457.847957014754,468.489331552667,15.1748473603044,inf,inf,inf,inf,inf,1354.97667651716,1355.43201757192,1378.94460373951,1345.87496386523,1314.77530217607,1314.86061526956,722.113270699414,724.914926210012,733.245937116977,715.458196815023,691.263527581202,700.146736873014,805.241373112171,805.659400467723,818.819714097367,817.282807312906,793.471736233159,1072.86712870033,1081.76598993546,1096.73348454062,1075.58227589647,1049.68805927366,1033.14241797252,1032.78011045498,1064.56804664052,1055.34113795004,1027.28649609451,1015.77623419835,1178.40631189833,1184.87414055366,1199.4285220619,1183.33061223644,1162.33193094447,1306.88202552885,1314.78573869435,1319.45874094104,1312.23128827313,1306.45716996864,1306.91034746851,1002.60543073699,1024.97302159558,1025.30913818493,1008.25859985738,1000.81436214534
1005,592.589260503777,470.788719474811,492.994513157117,471.683454174836,460.422744804148,483.151212730983,818.889175326011,794.702001643724,799.155959521173,830.948192261344,809.936164478939,784.895902320293,395.959290005186,431.419849412539,393.672211497899,370.30700039056,389.187469093067,409.774295203077,609.387080993681,616.203031018943,610.158601453207,618.891575842293,618.366551917339,533.082600155462,537.322802915667,549.2826079289,528.604256462247,534.377234836242,667.904768780018,655.907898133827,671.908726437164,682.56780120384,660.574903781254,687.257428187623,962.770292450696,974.00023476228,966.565093315142,946.160970175835,951.694700047,942.628868974924,934.704418372084,954.5661411879,951.203963221463,940.297240193178,937.833841791437,443.895052477349,448.122389990201,442.506480220946,439.506803165537,458.119527543911,458.580936079741,11.615927449533,inf,inf,inf,inf,inf,1333.03809825511,1360.59342500552,1384.55246474041,1364.40077383556,1314.97512820787,1312.17413122089,719.529046588495,730.235472658828,731.97523576842,716.301912714715,708.34466349092,720.008999103713,808.321011455119,804.196826949301,820.406808794199,798.641742063438,785.359098489079,1073.36542853141,1079.58330309853,1128.55985438941,1099.65513677704,1060.94604560551,1044.98313489068,1033.8989608421,1063.408484898,1057.19952659864,1064.54897928042,1020.36043668408,1174.54478007364,1176.97389670151,1194.52159103252,1185.5264865325,1151.33069471085,1312.51802663625,1309.37984874927,1316.81494413666,1314.1766015913,1298.30832439587,1295.67532049214,1023.12203046263,1027.20436403035,1025.76585355425,1005.20140927945,999.851743037206
1006,604.96917504906,466.046420328721,469.814273492653,469.238075581026,431.346924574048,462.085088175798,810.392331122596,808.497191818616,816.245106538884,821.347007111761,823.803312021632,795.286818015442,401.861930608049,427.038728158779,391.349665688175,366.598417533619,425.208897098806,418.225951917952,627.400496340945,632.036177441299,620.759532072642,634.174928486719,653.948889124261,521.782780654182,530.719001406147,537.422734824723,501.242742475903,512.1822505369,672.87586209016,659.283849156534,673.915305970365,687.283024943137,668.294810688513,684.942166175386,955.572512563753,970.359919402779,961.351231581454,940.777444785382,952.177026905124,956.707087697563,961.788164283796,980.031565786235,974.031454468631,957.59354974867,954.640527568203,456.967798570366,458.359925182138,440.904837842712,454.500765122987,461.074090914369,470.455050241415,11.791663386379,inf,inf,inf,inf,inf,1348.05674760538,1350.3035712076,1372.72558109321,1371.07121925713,1333.11376661375,1323.5069190221,709.935652323134,721.858278401202,725.608408023332,706.762247967061,686.40662503484,708.511078713141,777.340254918036,787.006304995429,789.592558811092,778.199121214262,767.100461750344,1075.14278006539,1076.24275186355,1113.17937690063,1107.91730226809,1051.72215057651,1053.82260231115,1039.90620871432,1071.36905291594,1061.49761570596,1041.16622933089,1020.20048513531,1186.44329048004,1190.28807001539,1208.11870935242,1209.59861503369,1169.14454286798,1295.25177213603,1304.98161396393,1308.4282360782,1298.76030445558,1288.35641677888,1283.90335140725,1022.41435253943,1044.78699478203,1026.76128250993,999.593109966566,1022.20641395618
1101,715.049103333344,871.338075666112,857.758428512736,876.403203819085,892.76753190251,875.80755953741,1035.12564827278,1021.85475833228,1015.13576000795,1033.8786974289,1023.75651426287,1046.06704492062,1219.10092432865,1216.49519921624,1190.03329300669,1199.78462757624,1234.92677949439,1192.07525646774,1046.44364473702,1064.90556644721,1005.75483871686,1016.80757066753,1047.96339236433,1403.01922445394,1399.53964862261,1418.56130246246,1388.3587546787,1409.53170880663,574.761761024639,581.364014309726,557.809772782415,570.943411814901,589.140504124649,583.60291035361,324.570049650209,319.442761806,317.32868904198,332.137978606202,342.232657817553,1073.00308282251,1062.68973335644,1078.66516196828,1088.28037903973,1086.63269973036,1085.2092466506,1633.30950976703,1643.45943692195,1627.83559910639,1620.00070067132,1652.84515631652,1647.94464824971,1172.2710164228,1156.54024953636,1172.75130679995,1191.22512075415,1183.90376571072,1171.42480697586,inf,inf,inf,inf,inf,16.7229894630262,554.982658291259,565.660601471118,548.647997448702,551.747499078336,572.819727432066,583.200370539065,1045.25111372722,1048.85636285626,1035.45126700364,1029.75330719708,1053.41505827425,656.890968153092,684.630601639293,672.300633722883,642.489364609453,645.671319692265,357.527560915979,375.238195557758,344.207999481775,324.454344443299,342.932087699999,355.173542598798,322.549772442358,354.47662391414,345.936799259351,317.029531875685,311.622093381342,435.515305446808,450.098621292489,440.338687125571,423.600006865283,422.086884110019,434.194273994079,478.763152171665,491.650660293028,456.153502635642,467.954421323716,498.146228754352
1102,750.74245653799,865.435669715171,846.22937964516,833.087799982829,861.395929137351,857.302975636897,1048.82142226755,1033.47070296443,1027.73610532281,1049.10632199497,1038.5072167006,1058.89146808056,1195.12649469853,1207.21615953533,1175.16335749388,1187.48263863738,1211.67563860062,1187.53703446481,1036.78190286998,1077.12542153205,1019.39839455543,1023.36646987776,1054.82154796377,1381.60726004627,1369.78529760751,1389.88293406626,1367.49139368559,1390.87102610477,587.439509815192,593.375582703071,545.834650749526,555.614619062504,603.968870653943,597.983438611676,290.963297493507,284.84976496542,286.879339597783,272.866585981069,298.710850072396,1080.44421441532,1071.28502378636,1093.43584378208,1106.6277960984,1109.55719117873,1092.19317235986,1610.29824518553,1619.22275537873,1600.47163660184,1622.90326395206,1643.57708297758,1653.8960152829,1171.68380158279,1156.65129734821,1169.19370187252,1183.72283532325,1186.36786219369,1168.27887195682,inf,inf,inf,inf,inf,8.2714730442048,537.303215386671,542.228480376798,524.034548545391,521.808511413266,560.311631823927,556.826559866295,1012.3911402041,1026.09914319624,1016.21028245548,1000.30234850497,1012.56278983248,601.621320497613,645.805789163036,619.614883807826,589.014141054488,588.015743566136,331.308182535923,346.421689716874,317.162144505448,304.366438942734,307.436160754514,327.712448312741,300.442611291585,314.729313318707,321.195008606817,290.328052031788,289.324405176396,440.415204973166,460.216805384488,438.494339467205,417.624255253045,401.802583800865,416.307580267473,424.339755316979,435.733535798221,405.530568998935,417.63029889788,440.499209957686
1103,762.905511422519,883.891944840819,869.52929327262,872.029590732773,886.792195038142,891.270906521193,1054.71618064427,1041.22600610464,1034.96747292917,1053.83658898057,1043.73013138906,1068.23622253158,1232.84623693141,1242.59997140339,1206.70461756666,1228.24036225698,1241.55285536394,1217.72803436333,1054.36197357818,1087.72448638176,1045.48317628503,1043.39207280989,1071.08583572347,1411.10096001654,1396.94564227619,1429.86630721442,1397.49346507183,1422.00554989375,591.901105537674,597.130308254454,574.945816468803,588.303395310141,605.972838534568,601.000730984616,321.158962988029,328.184439601819,330.633512376391,327.396677715341,332.446962178422,1088.82005773651,1078.71024618537,1105.20948005098,1122.95614196765,1121.53961469455,1110.91302393481,1646.72848328112,1652.97892139847,1636.2222674712,1645.76620081461,1675.49191855274,1676.10873993266,1187.86451870755,1172.2294420785,1191.02002023979,1205.75782632618,1222.78506920912,1186.44414687536,inf,inf,inf,inf,inf,23.1787233432319,579.761998457035,576.732266579887,548.230457950019,547.746377434629,582.170553285907,579.776720327056,1054.00474113197,1067.40764065211,1048.00276163711,1028.83550536211,1049.771209369,644.839470480456,683.991865963043,654.688547905614,629.870699925219,637.5945665595,351.241122932273,367.317857020246,355.236057256068,340.779302530795,338.576469788661,352.571532115567,314.594475341097,323.425539963816,345.599627095616,307.045857995017,306.469540524584,435.324711816827,447.16124888411,436.400674902086,421.638316351586,398.770058917578,421.952845984789,465.630229973111,473.058610312396,443.731305532801,459.681083206234,487.539346892296
1104,746.85912181446,887.235693575859,869.670169045581,883.405796136955,907.704512249301,893.326842510809,1050.57566549309,1036.83276727397,1028.53534701631,1045.64831611238,1034.8587199996,1060.13027861283,1228.93620642552,1229.8184765691,1201.1721759264,1206.06288558707,1235.14814327733,1216.18828556684,1061.42236250294,1083.24737598469,1037.91312101494,1052.1208303199,1066.28784868834,1417.58764664795,1412.1560933638,1447.00637814527,1403.03682682511,1430.68829055181,585.801647214247,597.202574115953,571.706713273736,578.39032555059,615.588963767944,591.250381037944,337.967510652872,349.133668660669,329.109010353593,326.092894660438,348.646499885742,1089.04306231901,1069.92694150669,1085.14507567034,1106.56226153718,1101.94405869102,1099.89325948041,1645.69384317627,1658.9218667615,1644.16041588646,1633.64312079621,1653.91280790373,1661.84896929134,1181.21214263342,1164.85787335654,1178.42692229546,1191.93265472791,1207.35315207166,1192.13589268556,inf,inf,inf,inf,inf,37.869415603015,579.860846687184,594.851030838066,561.831945690208,564.646729570448,587.088581586911,595.908058006251,1069.54651643478,1061.08200527643,1052.16114833761,1045.53920378704,1063.80844570092,684.962514113106,680.619822147143,684.608258804418,651.424150102385,640.427380324247,371.468253816842,392.538833312036,373.715190709125,355.20382675714,354.967778120386,368.22297975604,354.114982206675,355.351844177462,353.919556525955,321.439385151166,314.602415965415,448.116055331248,481.987303073013,476.835269854086,436.387443059237,436.213372963272,446.398669632292,501.106203637212,503.20184725329,470.087931300252,482.370812572597,515.901483724887
1105,705.891745026603,891.056836430495,875.472562697658,892.241045615343,908.422092696863,899.203564019656,1025.00550395114,994.399634366951,990.422915120461,1020.90239176661,1009.53940986908,1015.04796741072,1214.76088483863,1224.52363582566,1185.49967337305,1200.27141574988,1226.51629651678,1199.0270724198,1031.71406376414,1050.86631518104,992.357895687667,1010.7575607165,1051.85051100097,1425.45551113923,1425.38657262116,1441.68480615721,1410.99120648337,1428.30618364435,570.690873010269,571.565431296225,554.609018009166,545.53379149947,588.26154629673,578.135449948309,321.663242105514,327.842097667446,312.102652928726,322.056634374525,341.861000254551,1067.09182553028,1054.88420385344,1070.6574446895,1081.48755118786,1081.70792717322,1080.70759584654,1628.92452213988,1646.56498500354,1622.45184877299,1613.20751866311,1632.39998002919,1638.63992619676,1169.80649822095,1153.22274975653,1168.45480176278,1181.50164763106,1182.02902964064,1170.96546404917,inf,inf,inf,inf,inf,23.6973128754286,566.949521552765,584.491736830568,563.730263381735,551.893281066762,587.086821612756,599.662523642496,1041.35341001426,1059.1752472711,1042.49041943284,1023.70613006285,1050.29129366627,679.019048661838,696.583517013957,689.127998484695,664.049876553414,672.83541158187,360.155395710758,376.228471640647,343.101968393189,333.102979380414,355.034595977845,361.781813803799,356.603021372359,367.037485065056,365.407459119712,348.888152613111,328.40504449135,449.10620470609,489.727316250222,476.91258018901,441.684022780984,440.080169690911,448.375460770586,465.34248186283,468.30302005664,446.972922090401,457.901315253181,481.111941649759
1106,713.672834633214,848.60691130016,830.881037294992,844.015097884573,858.832276531778,848.072431269723,1024.7424376741,1009.5727563789,1009.39806863512,1024.40329727948,1014.79727645808,1036.8345408167,1182.0291273729,1182.97343976412,1162.85170380125,1161.13764224702,1189.78970040235,1180.33783139029,1019.43311569155,1052.98247797116,996.457103643015,1008.43283531187,1028.98646598306,1379.58342680419,1364.20428317002,1395.62976579437,1356.95572288847,1382.48019131251,545.965893958429,580.979521977927,538.60802285781,537.384198326569,582.479868194998,550.078400411011,283.16483330234,282.075887771315,275.751415155024,287.528411738033,293.825410690504,1060.84764749829,1056.77508426439,1068.49145703587,1077.88235184475,1075.14004328633,1073.42118831414,1598.8444000841,1611.66200364477,1595.53768446924,1585.32302853837,1606.25096045821,1614.9960607419,1152.93720650722,1124.29607909051,1136.50326743564,1166.97908486532,1164.51769678424,1150.50109689559,13.4312979965847,34.5550220203157,36.072408737899,22.2054871667401,9.8538464520004,inf,inf,inf,inf,inf,inf,551.963238565752,1018.18467005849,1020.16632694275,1009.216153037,1008.92805215792,1014.38520221146,642.721603441387,657.673038820344,655.273749334651,625.954797954641,608.10555603665,329.202902086019,351.012304694334,329.380224980671,312.59919926621,311.137016667092,339.536985519888,324.137611065574,341.280650389515,330.690215741443,293.648180159433,300.730805951843,442.54725714892,463.349166668799,456.617739115811,423.091092102589,423.266380925267,443.17690188272,447.158922192693,465.298541683478,429.209334390341,432.216571138572,462.885244027193
1201,384.367097811641,383.684335430297,368.562417193141,379.759575950699,420.298788270312,394.54041882726,1114.4780557634,1092.35440088774,1085.75098548827,1113.08688007304,1096.13348768113,1113.47287843159,951.654516197948,992.884798806731,933.200033914584,933.896124498183,960.045542487734,948.856811648823,1038.90212107572,1053.32931483856,1015.71547952238,1028.60538800056,1056.27435290624,843.586272614152,830.155736291899,855.51767026456,832.79841873815,857.729731940405,552.819366240027,543.862288049558,529.181536046379,562.722477307763,567.446407904036,567.260825664211,299.765528886918,296.999079562161,310.489371755339,291.793651378875,284.561981370025,1153.00305792725,1155.3277877486,1166.77893893462,1169.31548058134,1160.41384795318,1157.5217556904,1236.56877911811,1240.15189715341,1229.31763675191,1232.93583576251,1251.12178290301,1250.97070942521,790.648301240249,763.762061999248,775.509264803728,804.52198846717,802.770523137142,789.207248497494,797.402613350712,796.342189814533,834.05827356685,821.355670509001,795.444208820415,inf,inf,inf,inf,inf,inf,18.0394766748906,475.36523474815,488.668411017561,477.309260964013,475.438436303403,481.503458802094,431.71247241222,437.460187121381,455.916111704544,417.187940171498,392.020694040513,325.473238311117,323.047591321854,343.91338695848,338.269998418668,326.098208329234,306.949701837213,458.868303331978,460.599914887265,478.604520674706,466.430193866539,444.410117220678,559.40681640687,559.413502610314,567.19742705461,561.545298671331,545.79841355494,542.664121399933,290.004313222232,311.501023630864,300.871564710531,270.259702744427,283.752158053941
1202,372.167344066847,377.216007902541,357.505317606416,375.617300744241,394.841156308927,391.692372295731,1113.97450998011,1098.56682290303,1086.519835678,1115.30322844204,1098.0770044299,1123.28051312108,980.455470895959,993.01592184273,939.060809281777,934.471403773144,991.804030430791,973.217483091434,1031.87596886229,1061.01353551162,1008.2982569805,1034.89716324874,1062.45303714781,837.538833384189,819.054700338293,842.51942913582,827.121570036407,854.34707647482,547.866933356212,559.739303245688,542.462134702564,554.927922182589,568.253071840007,561.262000559851,289.199739109478,297.332015945233,302.406096945038,287.008595434515,273.473292944071,1159.76425756516,1161.02337791161,1176.23208115556,1175.72777700046,1166.84542177313,1163.73653106495,1235.3276683774,1235.17224275046,1218.61581469393,1234.62442760649,1236.21291092601,1247.94012742336,790.625285035105,758.160973145241,769.70978649873,787.877629153465,801.472525753788,786.373166481955,812.327867246156,795.282229400778,820.267049135375,839.585470282778,804.360871731777,inf,inf,inf,inf,inf,inf,14.8158847933753,463.041429078344,476.762362882851,469.39111978025,453.060072300933,460.522085407703,414.11230313662,441.917976280596,448.622216641284,416.861089839223,390.862081726918,322.657026709603,334.251005209126,339.201873066418,331.862076411084,311.250473716756,291.671535112555,458.38709681621,459.052048380592,476.947876220414,469.684084153014,441.991881788968,552.249324940339,560.299640934322,565.032010829042,561.79813734845,546.823947761709,541.46783473484,298.193211497137,322.171496669876,317.572497981044,278.579585064099,287.324010668667
1203,359.785118885059,400.708041857279,376.090319701324,388.268421606673,424.491866502134,393.604952265517,1116.41730423045,1103.26954674468,1096.30124959393,1114.92510974366,1104.74918082815,1128.37328596902,965.442015283781,1005.98592354448,936.310598844893,946.375131984582,968.092765989866,952.522564597768,1044.71875898836,1049.33576613576,1013.6603888757,1024.31911224626,1063.05205023027,851.098049378069,836.490253801582,860.492275831797,842.883649108977,866.113567236128,537.694965713461,515.20300146113,518.39373738494,546.332837433747,535.389756631011,547.909953970258,288.456411747226,299.691610308264,301.925166803196,283.671971243905,256.902269172003,1147.70150567837,1147.17639804487,1161.15017688885,1164.85725285758,1156.91637426432,1154.28073116898,1243.32130612645,1256.26892121653,1229.01819238341,1238.00119782502,1257.09797629255,1270.42973992608,797.749888385739,781.933451426003,798.041479721653,810.134290432276,809.446041295036,797.206499489267,793.603356291013,778.587408420348,793.268179136468,808.828253011396,803.862625387751,inf,inf,inf,inf,inf,inf,28.4487075112084,487.710919444801,493.242676274298,483.241865277724,472.639947923322,485.806744641369,460.364954328819,464.555191978559,489.951637116675,456.893064664746,424.431536907104,340.68044776765,333.809822604532,343.697225589573,337.057162147835,303.984797986536,295.563197487013,440.850387551487,447.583365305074,459.810125326731,456.790815189666,438.243115225297,526.504955310163,540.024178130526,538.008577780758,525.222073356297,515.951166232752,516.298585880022,312.226480258592,344.888733554631,324.241134516478,282.640982155987,305.838866768747
1204,365.535709384626,394.027930794361,364.576538387187,380.146006900755,410.215314666046,398.757695625105,1099.69877804207,1084.2985212151,1079.15048265797,1108.12982622162,1090.28316305665,1108.85290208726,939.762370324462,952.966526772219,919.912061344307,906.059421883252,953.042241794686,933.160222260899,1039.19834317622,1042.00383748931,1000.11298192994,1026.33456778346,1054.04746848737,852.957073382606,840.236880840675,867.463799486942,839.119065739327,862.966125982383,543.957854311514,530.338456839328,516.783489272669,531.605247260731,541.0373307607,573.571234990829,285.000662714426,280.943213369476,307.227899611787,286.826679374766,267.768414079399,1139.46683531567,1141.96090849458,1153.00299514672,1156.90392529828,1150.21390615213,1147.79718792649,1233.82072577872,1237.3701867598,1220.99188892747,1225.44095180475,1245.76898067299,1249.73732473294,786.594139977653,788.920990052823,783.850450241914,797.823880934241,799.523665702129,799.480862987162,796.069288848554,777.89285001544,803.755984491419,808.342894142714,782.316509731566,inf,inf,inf,inf,inf,inf,32.2678069337686,486.635791069774,500.31995208263,490.311711015451,474.429714422634,487.165317897678,438.010281176431,446.697100955332,461.866568155568,440.72647269231,414.853738530195,332.277489690396,319.639185766963,350.18356847432,341.293612097572,320.668352392554,312.237773983408,468.448221651675,474.46638186158,489.419391364973,473.438390046641,452.446793282947,560.695624562487,568.330680843022,573.250272473993,565.934901926245,559.336263687453,559.356824154804,292.922353587659,315.289682724178,299.774316551592,270.593410090021,290.907134445734
1205,367.954539781533,366.02875776166,353.429194563396,360.887712551539,383.329524617857,373.298077912836,1086.09640318301,1067.0952453657,1066.00063935647,1087.99471468073,1079.13387469598,1092.81685060564,938.025853911053,980.662872849767,942.952464167372,918.160849172388,944.858361356856,955.381090620996,1014.08424482299,1035.38370381289,981.363017551297,1005.34360572882,1032.540809803,829.030868688022,817.161099854494,845.241130788505,817.298432510689,842.020701018967,534.062550112762,524.946220118912,528.226734949675,566.935239252045,552.977982091233,568.088828034877,320.228850183969,329.217349151964,327.530138513588,311.341572579607,292.125325022529,1151.21410435353,1158.08602783376,1164.96505177074,1163.21271677585,1151.97569358766,1148.98839150929,1222.45020046673,1230.6126150131,1209.41133397394,1198.55430031868,1238.13481398727,1235.74918729319,764.223502244382,747.569375503189,760.382485373494,774.456092023623,788.103535555659,766.739425047467,817.126659948814,828.084680159207,837.13835740683,834.442321877499,822.090530070998,inf,inf,inf,inf,inf,inf,16.1749978183172,467.068375612349,480.827031040167,465.159335438784,447.391257760506,475.775537581087,453.792221992129,463.733238079824,484.867243624736,457.689944050524,423.617722041504,343.800509709489,344.281419926486,362.133734807274,357.514574324623,342.441391504993,325.982233191927,477.118391070729,475.867521544931,496.520421149514,481.71129743775,472.200844904589,570.339664502247,568.874068935205,574.107127617722,566.681406645485,555.086636699852,553.981575065886,326.402355121459,354.387963893042,331.247565790385,291.652362973874,305.22213533877
1206,354.885690803863,358.780158883461,340.173083324091,356.632847682504,379.774871911646,363.733453416654,1087.50239480724,1072.2332150838,1069.83509772414,1090.78402094509,1082.36916121284,1102.39898337016,942.265877191794,996.435131770971,933.361307502526,918.34884046841,947.52975342109,948.842239309971,1009.75285043994,1030.53702370979,986.000631886324,1001.56709344129,1039.84220593765,821.680229937872,806.590300754587,830.791439641581,813.138346218363,840.221559276515,544.903702713913,534.488596469631,530.876075935136,553.271010391523,545.399795616378,556.723216542358,305.145074547918,310.250395890598,330.875984124725,300.202314937426,290.760214445819,1153.59128892906,1158.49728050464,1168.56325947885,1168.1612510905,1156.63790499768,1153.4469321541,1222.58025977758,1221.06517010217,1194.46067198448,1201.16129063414,1221.89742010218,1234.2420238189,760.327566671362,744.098756747893,758.639671717618,770.498636272809,788.46073505204,772.718417736565,827.200563633189,811.087865477136,823.769987860553,841.108463439571,839.69650398175,806.91188503122,14.8764617002461,13.2388600501516,26.8568859701276,29.304756152084,13.082111089024,inf,inf,inf,inf,inf,456.66805210043,446.652283314998,452.311507481623,476.454104861107,444.353602255081,412.102030766438,338.341053259213,337.735092694852,359.39633922738,348.538309173751,327.876521982714,321.140187135532,483.556043417439,476.023472167679,489.942480731806,483.341676337114,466.074490500039,561.667785618686,568.9735502244,582.959410968669,567.799032615432,558.282713214485,550.979317675401,320.375967803232,360.209243697094,340.230554006491,298.18857221466,310.748850068539
1301,644.691520445129,440.311351941385,431.650571201331,461.8705919191,445.830162336028,418.760476701259,1358.95052108288,1347.90212328329,1409.1066083754,1367.26873275861,1420.4668689534,1354.60244781471,1038.23207235432,1051.13175941891,1012.29763837612,1007.87251956623,1049.27460113065,1031.32764389549,1203.90491598253,1193.19421808803,1197.17807766275,1225.00970228516,1220.5200951734,588.88471299226,556.241114223256,582.520133300957,561.470303238469,590.948903936236,950.237003203283,936.590331369597,922.95308134882,936.574797094794,946.107342103006,943.946715885027,691.379324360679,688.620354361149,705.4847856575,690.25127277515,673.489229920036,1504.77278705188,1502.80737936608,1541.97181183045,1543.58702903503,1512.82357060754,1509.75902832212,1038.2907125709,1038.04785609729,1021.58673942291,1043.59268835605,1064.0558869524,1050.89331843522,795.808287081718,766.17303889964,788.539020641813,800.349868582678,802.458986368941,785.370352399805,1211.40510432837,1193.80728776998,1223.29541266662,1243.04487753075,1201.28277672731,1192.3496009668,403.942602161381,406.968813000059,424.883245428614,414.663072730737,393.17247164161,inf,inf,inf,inf,inf,11.0290101242887,559.484383580284,559.939549780489,595.534414119765,576.268897351293,538.950068552486,684.507481949519,673.713622924329,696.954268344477,700.264033790962,689.83394352147,662.46185461955,809.513841618155,810.425944751508,819.753567716751,811.236110851438,798.936304114663,788.984333821396,778.91122207592,784.410809344707,794.83149597381,791.231419754407,796.228543729346,597.094233272145,611.703380788299,615.067487979809,589.327571564345,581.736190395456
1302,665.176789337975,461.584244410567,469.556405856775,483.137099966022,465.89470750597,431.519425659199,1408.95913924644,1415.31012391663,1413.08705137653,1437.17336853058,1426.70885286878,1362.14041281807,1043.56759712368,1061.20824357419,1025.52462814502,1025.85999810727,1051.8663377103,1041.7468142231,1226.55019032879,1214.05649520339,1208.25939053608,1236.84985391583,1232.45196483702,562.764771500451,545.57602169586,586.109935887031,558.494787235584,591.071631017077,940.173999880806,949.957310688299,933.66271252359,946.99299574106,959.672303286463,962.964800241171,706.573077542492,706.638442861209,733.741654791589,707.611897925534,691.385520323632,1540.18289392027,1524.51793433178,1532.03314761024,1553.362421038,1542.68689857882,1539.65857878883,1049.12185418251,1038.74109511806,1025.23058614127,1058.07140978606,1063.83156373963,1063.63990981963,789.669157547341,773.896203982071,793.606460315403,801.84398953302,799.451043165564,796.773270513485,1221.8464722098,1217.30776343383,1240.16792605134,1239.03174429192,1227.50489643898,1199.95136939158,417.6138508221,422.421670382603,430.031861224078,428.724497432164,407.310255363458,inf,inf,inf,inf,inf,29.6865264008069,576.463012546395,568.224884200793,603.556306862061,591.316856749442,552.771308783447,697.350744597392,685.574915517723,709.319665945317,713.135163952718,702.30362196704,689.569572622048,811.137687863825,807.831254526591,820.128840531011,815.808432233432,803.747392691373,798.570645175081,788.515669723297,800.984257582633,800.648290364058,806.016790161328,793.26631267588,613.235361432197,649.269289674312,630.66856293809,591.375723122468,597.85917565345
1303,659.480873658652,456.220764007148,448.415538142379,467.173682693457,446.700394016775,421.590234088236,1393.87855853587,1363.0519224428,1365.08853543507,1405.87853924108,1410.39711434745,1372.91329726792,1056.47674603898,1070.78791595791,1036.90903283983,1041.56363328797,1077.07972185526,1050.93412763068,1216.25213917575,1202.91004996353,1203.9354593159,1225.5402821616,1220.05774071189,587.494732838685,570.454371605466,596.910688668267,587.737996837576,604.42558686841,955.729288361524,942.324456859168,932.551119537143,954.310456220301,954.009157626484,983.149793656439,686.685799958853,691.652853028077,701.00488197472,691.024522714406,680.222227894532,1541.37704088398,1541.27636999834,1554.35378083824,1559.25025027777,1552.60766350245,1550.10679637836,1064.62243085611,1051.97424696979,1036.12790380513,1057.72392434481,1077.5626826851,1066.62945543169,802.722016821661,785.424727447118,801.392017422506,814.872856510431,815.503527348957,800.282162725711,1194.63074128167,1191.51193776326,1216.03363652339,1222.46739695768,1192.53172126271,1171.41320736837,403.753230813833,411.973887337664,412.815282494577,416.243457923196,385.686889087524,inf,inf,inf,inf,inf,22.8338043067622,542.934816594624,540.118751655867,564.735378049873,556.331882568848,526.46718285411,668.725998837486,655.850210130094,689.240634469106,695.321672258647,690.247708690679,657.719979199325,795.511010437828,791.873413804322,812.039828985599,805.472145502554,789.914694125845,785.396098774969,786.652276693635,789.237373166564,792.788802291841,793.761146673998,788.88969895099,594.216113979342,604.755884130546,599.322265467873,570.575684845365,579.709063304367
1304,610.105075222224,425.215689673212,429.721982970389,464.815073424556,433.493070038779,405.627093195778,1348.1317408243,1333.95955483664,1334.41283927215,1353.87647463531,1347.13453423382,1333.22899854203,1065.71948854463,1072.03508596571,1023.20540988471,1032.11668625693,1044.14836213986,1047.16514432229,1161.81719732285,1168.27113687482,1160.79652865409,1189.7577294062,1181.66288027216,589.6474801951,573.706733981204,586.607690819757,573.203344355894,594.857866486311,905.058807920987,894.628813330197,903.782258900208,913.423454535739,905.059160493047,916.736351701687,690.470601985615,685.024130997896,705.221045588764,678.115694303491,653.933117986765,1493.19323284997,1491.42951251791,1520.04752503313,1526.44529702052,1516.32188327885,1513.17527035656,1039.06448627288,1030.34087652718,1023.87475579849,1034.79601509866,1069.03010168534,1044.73237544538,785.695832221463,776.913624665722,786.941625608726,801.704484694635,793.726436357908,777.362885900809,1198.2253628645,1182.26360310271,1195.05057517042,1212.3837922561,1179.77255638072,1193.71086680389,402.910419206181,389.904394851582,404.607907437229,394.69698315458197,367.862823097864,inf,inf,inf,inf,inf,18.822108001351,565.399228265493,568.136695196255,594.448085499697,576.425028443029,539.367519079147,666.458188644241,672.912507504122,716.66429526242,692.79920719215,667.560459127048,652.223145374096,783.293059061328,792.320213035753,787.687689467046,790.425107304255,774.43468670869,753.950900244557,739.917976561271,748.826120054926,758.193616007228,763.221718795732,761.89356098005,604.410279790655,618.683079654668,624.014312134565,571.292454052928,569.482137996102
1305,634.90167278952,425.87467456611,428.556917844776,461.638011754158,428.632047572405,405.913835704057,1344.9273442079,1394.83249896454,1389.96591109311,1411.42576096033,1401.64311410135,1337.45607662473,1009.85412123457,1032.32243587088,991.628868706585,987.56173330649,1016.56388626121,1009.71724722051,1197.25033337774,1183.71977397723,1194.04666479668,1205.1812574488,1219.48024006802,574.649201231865,542.975174920842,568.557073609042,558.015083757592,590.275737647874,920.633793099877,918.611286544419,889.680659069722,928.625337705993,941.918567375515,933.268121507164,689.740920120651,689.822366535775,704.213324085482,695.834857949361,671.138122693419,1491.70496378417,1492.79145300102,1504.5156982972,1507.88824853987,1497.36122004363,1494.20871054908,1023.96555133444,1024.63436332586,1007.48145555255,1029.387462639,1039.60032010439,1036.96049753298,784.00339660134,752.031849326132,770.85329305536,799.219845913009,788.901714711415,772.620884271732,1222.58052116097,1201.01321791609,1217.14729654729,1235.38865167398,1219.45523761508,1194.93880613531,415.917860079112,405.923622803663,424.466069992564,417.359675735624,408.909681161161,399.790142025209,17.7312747532238,18.1845949715584,35.5517936968932,29.9154854615803,inf,inf,inf,inf,inf,inf,713.557290775817,700.964669969175,722.026894804435,710.415141068087,694.226504233955,679.743307986488,820.157990085957,810.323998085382,820.899061146942,824.842175507938,812.330615258044,784.297750402166,775.47621774494,783.225990459256,796.756650087789,793.695909748885,788.701039460551,604.435757816709,635.943224587447,644.130425269648,592.348239618751,589.117142196986
1401,613.067241302783,568.352888905552,564.861090817022,574.528983663387,590.282491769635,578.221913186465,1330.41171778014,1316.57674781056,1317.22148726311,1349.0166406024,1343.3773659393,1350.47493073205,1247.20763045241,1255.78592847855,1217.7467899391,1210.13250088681,1218.97805471008,1230.41385464918,1273.57183351921,1294.53295089642,1232.90069811331,1269.26942046771,1292.73283423265,1012.24697868885,1007.75047425897,1017.79474828039,1009.98479209131,1029.02065119628,730.149343603174,732.55712481468,713.634770080517,729.183437285722,743.122475234245,753.403387305025,313.67656911172,300.101859980628,316.363587691996,305.333606273844,277.94392998929,1389.10175364183,1388.16211178391,1401.49319358778,1406.33092856519,1400.86465722201,1398.83194320899,1406.47059123615,1415.41291064867,1393.57126193038,1397.42812406447,1418.05724445993,1415.86702319958,961.343873604204,958.118958365498,957.996534015514,971.79942464476,973.693595585098,969.560201321084,678.237075195144,662.001448357895,673.391908528648,713.424254906431,697.15568882703,680.635523459228,248.484929827987,229.215630058764,234.224953527031,249.986130352065,247.400855824713,239.387653393618,438.110294452942,446.741325290612,433.346630924371,423.951859675315,inf,inf,inf,inf,inf,inf,196.766416018561,185.821345938371,210.959267318153,214.152817707167,199.594624712603,185.000381333434,223.779124726858,215.819823214002,220.26132777607,230.090248038976,232.153058530331,202.460472563054,193.703337259257,195.731046960575,205.810626556307,200.478022416609,197.110245626877,110.625067070663,122.49737230224,139.847390547571,107.14378726964,94.7989661827215
1402,669.302661702509,589.754497077775,570.049101664923,594.091963407013,605.169047212685,580.56630902751,1404.03028230766,1392.27900672842,1396.59455706166,1412.55377551898,1408.75151104683,1402.56053022034,1241.15696266047,1269.16785518295,1222.11248229835,1224.34349568737,1249.32159428093,1236.97060690926,1325.70460753823,1316.81051191385,1302.75314456102,1314.79564677617,1318.39606634621,1028.79822993713,1012.36697520458,1026.99696620733,1030.4730155888,1045.57051053119,783.112436207122,769.412104998711,742.935450194743,774.640655522087,790.423156270212,798.781102608221,315.079643511368,315.600716679395,329.302860122143,321.332675939516,296.896727740575,1417.62872347472,1416.27625089297,1430.36389223033,1435.53033843832,1428.49587792822,1425.86816940286,1419.49667553398,1423.78172927938,1405.13090657645,1414.37043396794,1433.45652726047,1443.30029131292,977.327763032026,960.546195424579,977.664919989052,990.431482133508,989.784814625531,976.874202773225,707.612630204054,695.182065117943,723.174446650263,719.761604713788,707.79465349877,686.810581140608,267.159593118235,262.26451162344,253.050830435824,270.006747872625,271.526093096573,261.616723579773,446.857483086071,452.67905011989,437.726484374154,437.760135719845,inf,inf,inf,inf,inf,inf,209.271483769924,195.878766659997,224.331546725253,229.598691707864,245.623662698872,209.274939944682,270.689842807232,262.524278144583,269.595169692627,278.225515255081,255.104394050207,255.206683245211,259.770779444973,261.072254389107,261.788882121539,264.579536433913,260.787419832804,125.401519387801,124.161506978572,143.346240908229,117.293022210732,101.130163224096
1403,639.894596207072,589.415662637165,567.585008318869,595.205553354942,611.30844623047,585.362803118203,1365.84132826441,1335.24104128953,1346.70220795169,1368.26322795189,1359.3964339206,1367.00305231974,1232.28709482054,1286.16482478366,1243.88042192796,1211.58505583101,1238.48882437687,1256.76894185587,1297.20629981033,1317.67671946363,1273.16555111913,1289.21788368206,1316.17536624932,1027.46685972017,1010.20683938337,1035.92045781662,1025.49777121381,1058.47594768858,753.009183967583,749.60992454605,730.482263675457,756.758234895701,768.47555505302,768.950673027706,309.172840360944,313.762816443513,311.313101739824,311.392270910693,290.956834227655,1404.86630157161,1399.10218709022,1414.99423654411,1421.18823750269,1416.83887157071,1414.88141132837,1418.99556147327,1419.30797984598,1407.02463241847,1413.08973415415,1434.9347504771,1431.6077374651,976.615297713873,959.94669030426,973.767490909653,987.528408894997,1002.49929272165,987.024197633941,687.900309163925,667.721489611986,676.03000861908,704.573120368837,693.968633283371,686.862561484589,248.251741208934,239.812970578531,247.574000652244,263.875341397821,261.166041630207,252.919486667169,452.876370239182,456.531616611942,442.105096016949,435.914244366421,inf,inf,inf,inf,inf,inf,186.069279977077,174.261524891194,197.063834470596,201.482507401103,204.570830272916,200.476763965734,230.042254363965,202.886284070447,222.055804967665,234.232432022338,215.586998690398,189.295086067963,189.251215617636,200.901282971799,200.084407908808,206.097445907777,190.933468453323,107.30984090792,112.921784667157,125.445238489232,101.77930066471,91.9703853844086
1404,607.925223617165,586.246370271992,562.403140342499,573.041735049628,593.557403230068,579.254014576335,1326.66625120385,1311.66848498685,1310.04041371383,1330.76091730218,1322.64226439535,1340.5748374245,1205.36847258689,1258.02336659282,1200.18960437668,1170.53037396154,1214.86310934292,1233.36673147897,1267.92944628772,1287.04398129332,1244.09659271801,1269.66524482195,1297.45278553248,1021.1454496114,1004.74320534206,1026.67309397454,1011.10692709849,1040.48440029276,730.562941561799,736.582890162899,713.608179419409,726.268192963803,744.881135939241,739.049042396568,279.76930046916,290.084071711389,310.405778854198,302.52064767553,261.224332342709,1382.64610162032,1378.43053773467,1394.59137422993,1403.07208061898,1392.64473136401,1390.18423265425,1414.95965159518,1422.76971946009,1403.44457013738,1401.45329764496,1417.23155339886,1430.56155018101,972.524998252738,956.690799719908,960.444481931038,975.348272226367,986.176066824185,979.122892922862,662.897400241308,646.56767695755,657.565703984223,675.945521373676,682.27099667661,671.927877785838,232.271470861363,221.419783181893,225.539562552221,253.60884603214,251.796872505482,234.166720283701,446.191980179214,457.809959128673,446.607971010904,433.933501837643,inf,inf,inf,inf,inf,inf,184.609870998271,165.330234009186,186.747628492619,202.201096622661,187.360721750852,172.937561663704,216.562991751758,200.140540080536,213.318143452622,222.765747196076,225.511790609032,187.163715484126,177.920857111516,188.28894818972,198.565939013025,193.321858396646,191.958109448701,94.8087873971763,105.504101182673,113.399459019999,91.9703853844086,79.9401027624627
1405,639.309388204371,582.541998619998,554.548042725786,568.480196965028,580.928596566853,571.271003116482,1347.95713376164,1336.24975061117,1339.37514402478,1355.81221097706,1351.37762020676,1345.26558751328,1212.12919108603,1223.29934922844,1184.67481748179,1181.90413721432,1212.63560617574,1203.74305883456,1288.49276583494,1288.4660833867,1265.14963066038,1292.18845670314,1319.59399125238,1014.60655959844,998.781000079048,1009.55144930945,1006.68516036378,1026.60459977002,740.322525025126,746.892349434207,724.311753698514,733.407558101672,757.054238706783,750.788813575204,302.111588456309,291.094791336307,312.766657012787,308.366060565803,292.201680362531,1391.293437632,1390.43587965318,1404.99159881397,1408.22455335044,1400.45488405617,1397.47474097155,1408.85975493864,1419.02834230187,1400.78032512354,1398.16038954211,1414.63601203073,1425.12307417599,969.85711344054,954.75731745792,954.7549443873,969.606642067683,981.234207953199,966.721334590453,700.698011548667,683.0783118654,710.13253583563,700.208688762428,707.183082071077,681.882627838213,238.153502535311,230.399744871168,224.41758738477,254.460988545699,254.563869531546,244.220038271841,440.161406705467,451.495600753262,438.131836570874,427.00785703293,inf,inf,inf,inf,inf,inf,221.146656123712,191.710589933956,201.82796355467,219.885113945295,225.205077955467,196.963795905572,264.119689877273,255.665146144597,268.905533305794,273.283108199649,267.001906811265,251.91482157924,241.800149145555,247.296695445208,257.695254939798,262.510536903924,259.450480017306,108.883005844726,123.470383944922,126.836742349737,101.536886049391,93.5583729885908
10101,584.642177030308,647.080979994755,643.728632829008,639.705331538419,663.059947301804,659.677361934574,1241.30793521546,1227.74162829538,1221.67277171704,1259.917241295,1248.12826957934,1238.54575174845,1109.05181845356,1126.91659670425,1122.58435677262,1082.42083038749,1117.38047772975,1134.10227502284,1161.17236575658,1183.77741126212,1123.12856286287,1150.74907406528,1178.38324213399,1109.87953244239,1089.73980643029,1118.55043011899,1097.14977756386,1121.46487679664,617.794311938595,619.393613038977,600.854720296465,614.346272329671,633.025524219441,642.137774895557,133.702314826185,119.683220115637,138.05826973987,149.454470703082,128.874446622983,1278.91469534134,1270.27576353029,1286.7940000783,1314.38270679045,1303.23229671223,1300.22759139803,1532.62934658284,1502.44913462911,1471.97783268899,1525.87474285561,1531.76422776965,1545.8485563028,1037.59023197038,1055.60867818865,1031.97394579767,1046.54822418479,1058.82960944431,1087.67856234309,541.217016564637,524.866384003669,534.043109138201,530.290992624156,516.883911412884,496.472909034169,264.342164791092,270.578262152793,251.35261876192,268.946755299688,278.729816980471,283.025002338656,682.074835666584,695.793768393402,683.173368085088,664.860408122258,692.926626530075,341.401856306453,358.413261480114,349.418407060381,326.519568332306,317.379682087775,inf,inf,inf,inf,inf,13.4777215410206,140.632441818061,135.559818927474,160.045671705996,143.07431183212,124.078806062537,258.087766494207,261.993230899822,241.993611086787,230.523964776063,213.311178025969,219.642896893259,122.08923178985,144.353767224549,108.118325323978,103.384739835248,134.605881009596
10102,589.074411494015,639.03683142436,624.600940415541,637.169786815807,657.687200989793,644.834884518649,1259.74740638855,1246.69474470858,1237.72725320373,1255.87438545603,1244.5073126156,1257.65205072445,1152.29339757128,1156.67230816841,1123.05245741507,1099.9283747235,1126.92594565306,1136.54287201992,1158.47835200409,1177.71070528447,1134.12429597326,1151.82659355224,1178.33807591392,1098.88134204694,1085.66469937264,1109.78842684556,1088.62654026347,1112.89821798095,634.659765084966,622.43083240618,604.970429363417,627.260397210867,651.422684414535,641.644070029468,143.337226516208,133.081046756375,150.084574928134,158.01219641771,141.099539547887,1284.34000139392,1281.66778319547,1296.26705239683,1301.56955726035,1315.75295848676,1312.83673251051,1530.14472619106,1533.65222046281,1527.376337114,1515.20683248644,1535.19565679824,1533.850870964,1035.07616392936,1018.51925281387,1033.62571517829,1046.79781948105,1047.26893869087,1035.84644787765,527.668980795135,542.168501831653,551.704340240225,544.870298991491,532.483851492097,516.435532500626,251.613780840067,255.250111246068,239.349168098004,247.30076302341,277.974577920262,268.77614141008,677.997611723641,681.83185200573,665.894222657744,660.422131604007,679.182964939539,324.26105669961,340.827737900147,331.507467156358,288.193010067984,288.308855866014,inf,inf,inf,inf,inf,14.3560148515081,132.969868012093,129.314145518019,151.893265682197,140.348509186134,120.278169722523,214.569642541304,259.228104233624,233.681379242321,212.11376811896,200.443802364403,202.228729533274,98.0372325185082,120.125672849469,83.8751174199526,80.6012044933294,110.713084424339
10103,618.748126459235,661.005914384171,646.010626125753,657.006886177994,691.941945050611,666.062284291593,1271.45368800864,1239.76444019131,1264.09683686775,1270.20526987325,1268.5499912514,1260.70834500178,1128.36644946206,1150.97249714964,1109.98862600273,1110.50783249502,1136.68678599775,1125.72998673762,1184.70813681908,1170.31126916454,1161.49951276095,1174.47902335214,1202.13335705093,1119.40521554073,1106.04821160268,1131.52865755089,1108.55155617047,1133.46804811811,657.191086075078,639.130321407388,617.988014389663,646.814216880109,668.312508742853,660.840479942601,150.159679782782,134.63017301736,151.045121289341,162.683042910564,144.579775741418,1309.98371041138,1285.58050112762,1323.82597571078,1326.07024011311,1316.97741976828,1314.06254263281,1539.20411984386,1553.50999420702,1498.50589345947,1523.99488815196,1544.04154918864,1554.77115069583,1063.15223385032,1035.85605177122,1047.64894807938,1077.10716061785,1075.2304475914,1061.59825722872,502.583964704449,504.857366593175,538.693639761898,523.180802634769,500.396303464811,479.29562022455,278.168640820468,272.457977227373,264.568027031491,282.239288332349,292.447370239427,285.750519826221,683.769634567161,697.133341657956,685.999937695353,686.489508109909,692.173370223608,316.694807390051,328.993119123471,341.787815870705,292.683291185403,271.97621456194,inf,inf,inf,inf,inf,18.9550608175574,114.868297199785,94.2391827285251,143.117939829237,125.480343832387,102.302189195907,222.517288488051,250.508818760721,258.316153425259,213.936811845441,203.063940787424,212.408872903214,109.550648175564,127.025291881553,94.6803632668181,95.3365439903107,114.341508135379
10104,604.026803326606,662.131795955987,654.630207197683,654.380131011379,680.029028697128,666.868116985544,1244.01985309257,1228.60984429065,1234.49599175749,1261.35974363019,1241.87912209944,1252.4921318961,1114.36435421768,1128.27017491585,1094.62792870721,1084.1826780099,1124.83483856949,1108.41823308818,1180.65568799557,1166.0300861934,1138.82792358007,1168.02686867018,1195.78201658791,1126.47543753727,1096.45940898394,1123.17137878019,1111.7731180389,1136.00126057119,627.006639728423,630.888842170318,611.234936587181,622.211587808578,642.531495512766,656.770852463391,135.352332842956,121.625808141546,141.981398611637,154.650697036717,133.884640273086,1276.24172562147,1273.42801751061,1310.21053691819,1312.57377127212,1304.59420120934,1301.93575326025,1546.92975060394,1515.86179686113,1496.92061537829,1530.52049026569,1546.52223583003,1560.73284673867,1056.33808029124,1063.71281748809,1043.07553631541,1068.0828643219,1069.22777578417,1093.23652812908,508.896305986109,490.94852734824,522.73847973529,513.308045474969,492.133028602147,490.688445476448,275.286421069162,278.54518951244,274.832844183711,276.06456970388,290.614929381548,291.996306675862,693.179487746749,706.921968819164,697.569562581922,681.466064446522,693.112632072596,333.029547987523,347.085656496327,358.164120635748,337.209738006552,304.360964379738,inf,inf,inf,inf,inf,23.2341871122882,126.205847407346,107.927508776946,147.044160488455,138.06346788143,110.595741380162,252.96775160902,259.888355773923,265.318438484882,258.468228633366,221.234546192111,232.35602373057,131.369930186887,150.968359312671,116.806316931503,110.992279031989,133.311622646818
10105,565.725013097611,652.706185081163,628.550413285367,639.223231804385,662.789090428969,647.243995726404,1219.68875914136,1219.77094933886,1212.22059661144,1230.10065786529,1219.50962499875,1227.42806232399,1093.06717785755,1107.0740453724,1070.81945800015,1061.28219970635,1104.1787075671,1121.57676641844,1136.13932018074,1156.84144541677,1112.39030152853,1127.78305539514,1169.3297459686,1096.12746291877,1079.29796908505,1106.07865619321,1102.37229673239,1127.5053968377,609.079069260053,608.127383972298,592.348155354699,603.06330135884,620.241037532695,615.95195255472,118.143561019389,104.277389110085,122.917860528933,134.790764379264,116.373287149513,1258.06435730592,1255.83946515126,1274.10730975821,1300.23748276468,1270.27802529309,1268.05116726813,1491.66151878034,1502.29920175798,1485.03069043331,1467.21426433217,1537.49418495478,1507.90518909256,1062.63163133977,1046.43306584679,1061.01719233399,1041.41104022215,1091.18715618732,1075.54505407975,525.08272870943,506.565791658685,519.835073033025,538.094458736913,538.449478876351,500.953862387244,271.917828150324,262.295263497367,245.432000517838,260.580683610044,285.049024771414,275.695059699983,693.937852893186,707.34622255345,700.016211839648,675.915850901355,689.389486414878,358.284822935696,378.743301727044,360.77191942121,343.335245217227,336.770870430846,inf,inf,inf,inf,inf,12.9851669446607,157.788930642262,145.996069457096,175.826551074489,157.258897569449,131.432045479174,265.644544611508,272.790517984999,256.329393914151,240.920359543981,231.402925131148,255.105225887918,133.100879964794,160.192970986041,119.772734285341,114.003590305335,148.443950982736
10106,553.04998226042,645.708549311681,622.408317563921,625.326559264029,648.988639762496,637.345033675456,1222.02524392173,1208.42347704623,1202.55443847786,1221.68794344335,1211.82881315647,1217.52313410663,1127.2056978672,1133.88908306155,1063.67227382619,1072.31384098737,1099.42656523518,1108.91473560925,1124.92364370869,1142.34422906437,1091.05099766182,1134.62709842666,1155.31401215695,1091.51202149797,1075.6888643325,1088.15500864897,1087.91116582855,1111.15125109735,601.444005442275,606.152445136834,584.546193203794,598.815578851299,615.274419394375,611.31819047761,121.0011593742,107.195676890823,129.182825786626,137.304557061244,114.545669963888,1260.99857180243,1251.51580451792,1274.01800653825,1280.16885013872,1267.56266164277,1264.87436710107,1468.11721493788,1488.89813707717,1459.81592854072,1517.66717115525,1533.18946678663,1497.45754260097,1056.54763325707,1041.21040919864,1016.83051314656,1031.47946008135,1035.44307581207,1054.66298428941,538.375433148744,522.346984425905,534.879077122854,552.398695836079,523.757651355353,534.069291954291,252.582175106086,245.023617289277,238.163064146948,244.96946408419,265.248916826923,269.475566800762,676.152652998987,697.130371397916,679.531090674961,659.652574817687,677.718113370872,347.052148811886,355.463373379902,362.81598350412,332.264197007716,337.838127256745,16.4294979246713,31.76796993523,45.2927236014585,30.8622351401852,16.4771938916385,inf,inf,inf,inf,inf,140.378371561139,238.567869054414,251.083523363594,249.971268102366,238.916763851178,222.549644363188,228.579988240283,123.8283374431,145.867681795438,110.583003380409,102.273802862744,139.465255399915
10201,722.676163000388,763.176449136886,765.734652667942,760.216302034679,773.443400034221,773.069243766483,1321.47614856301,1306.09086783917,1300.64391826838,1329.07814535359,1326.23100449996,1330.85500364627,1196.25332774722,1209.33343177262,1176.40788051279,1160.78979562405,1188.88249587791,1189.55352608833,1231.16296156167,1250.52156812779,1217.5213854072,1246.97567294218,1247.36968443554,1214.53969338376,1204.00312181725,1223.45541376761,1213.34962363306,1231.4651683644,697.282918679414,702.462300998234,685.79691491648,696.311553086762,713.52945567186,716.030955303505,212.774233498478,199.238723744346,215.209870877215,219.624450031849,198.823652828721,1359.69297035524,1345.13854686641,1361.46973472817,1374.14656606812,1376.05220524359,1375.31820805548,1611.41407075527,1633.6219563773,1614.61873931865,1603.10780480047,1623.4631827074,1626.66674700677,1164.2343061684,1164.45997472524,1161.30447866702,1175.43768292527,1177.15526224722,1175.57337266865,465.606212794787,447.103225800017,471.981553198501,493.881280697897,465.359843365462,444.285348178732,374.938806864153,385.573893317944,360.149592749674,375.150908711394,405.424561996842,416.830147795403,766.996510107803,776.001730194204,761.290107980318,755.224981991162,786.197119436511,339.666400302998,357.353875917986,355.879140056945,326.667765907072,328.170998972545,120.566704996479,122.352260506667,104.153668778055,100.343325216737,124.803407198838,inf,inf,inf,inf,inf,9.87488582909942,141.481123275102,164.06853453667,149.003990932796,129.114897979044,122.134597881082,135.8913681684,185.559594202482,194.359424290207,167.288344143364,180.132400996142,201.47070309278
10202,717.030007533799,755.767755503819,740.828921445053,751.795919107074,765.981950622402,760.864200273053,1331.21416077545,1304.47549086626,1315.29343041061,1341.56510132127,1326.04802863693,1325.14975903532,1200.31936789024,1215.92976100913,1182.07406694795,1182.25692018493,1208.50275730034,1197.94144593722,1248.11229243911,1240.98068875117,1224.84186205007,1238.02297874319,1265.64805715295,1213.872618761,1186.13883438155,1210.33418888872,1199.66730851671,1230.26173881508,723.018744531384,698.206776947911,682.073731429277,712.726083570135,721.100407333266,726.779371980537,219.88532091798,204.611670496864,232.880065797292,231.97585354066,214.369928185585,1354.58515184162,1337.67538302271,1361.48759647715,1371.23223421526,1369.38838817168,1367.88843578194,1607.14660174764,1610.46769267477,1606.65475186188,1603.99004660317,1621.87357007274,1621.40888328802,1160.96863615336,1137.98516172259,1149.91060816953,1175.05079159885,1172.96620135159,1159.19230937599,490.034352527537,472.599249320796,471.435458059183,493.166685151231,487.664015230645,466.576983655113,368.633034353968,362.740647603968,355.142085227077,372.911204562829,382.835120965263,376.034291935825,759.897954143899,765.622888984122,750.636793169523,766.197688099756,771.495965381444,325.617401270988,343.605469019079,323.985804196214,305.71707362407,313.975178704041,102.656886712127,111.417112485801,84.9095453210706,80.486714612487,99.8588078697775,inf,inf,inf,inf,inf,17.3927974184786,122.796999500567,139.956642071249,133.681914045324,114.606703206176,95.5028840192897,112.473041091243,167.554848340673,173.658549914258,153.579300702206,164.549212634968,183.215176578299
10203,700.368625250334,778.699468163097,763.484145817826,777.577535669679,797.653008132511,783.872433230438,1344.13757390022,1328.90432267408,1328.60778560027,1348.77435597497,1341.46480846565,1359.41156107769,1254.46354573565,1265.78376243214,1225.25994351271,1200.3637036889,1227.35372192258,1238.8341792734,1249.8371296729,1268.87349394486,1225.46808260119,1255.77154015796,1269.7572688415,1233.32737888181,1216.30619211198,1233.37804655393,1232.86401864677,1250.16622161497,727.102447507038,715.038032234511,697.731201525862,719.993520311513,743.805187143703,734.370430679159,237.431428048102,225.481194777831,244.170390627475,252.120744725149,234.892346241277,1374.18035683646,1362.22712935582,1378.00336121132,1388.78525954386,1404.91890460633,1401.97936722041,1631.54581375317,1632.48242815076,1618.15719457349,1624.5953727222,1644.58145501565,1645.78926856128,1176.09738419031,1159.57943187131,1174.84998400445,1187.94949857611,1188.2586546835,1176.63520610347,490.800132962198,478.705052774893,497.12765971194,507.814061589174,495.986227649835,480.061060483964,383.71311324978,392.469617862572,369.745886522976,387.013132075363,414.35530326829,405.05093210204,789.214349240373,799.56512162201,768.072983699547,771.43412170417,788.415166640069,337.362386533497,353.679410273125,344.022057988483,322.857992130391,334.272982639671,128.092991149173,132.554065089451,118.30121263323,110.838525624038,131.563393788984,inf,inf,inf,inf,inf,21.8169642254666,96.9648230399113,128.218399016461,110.443530315028,87.825544764318,93.4471528623041,110.676674346509,193.409319551673,195.281553157767,174.612185444124,189.166447225766,209.775137920672
10204,723.802919893417,782.534369435711,767.183808680968,773.425503623268,797.13870130234,783.359793008101,1318.06998189059,1304.58426608706,1298.30642092831,1330.94070801912,1307.02762031873,1312.64814079134,1199.09711562656,1249.20246264034,1213.27075965815,1200.30789668061,1207.8407180511,1224.32836740775,1242.57553278144,1247.67991215664,1205.34006036517,1231.59509113811,1259.29769195144,1227.90563576711,1214.07564827175,1237.54545719571,1222.6959220288,1252.65569400761,702.433245983708,707.666244394342,685.476507851219,698.75967453737,716.515123008606,711.471735616758,219.660881587896,217.010341208927,230.897093360238,236.569358632541,214.917343249738,1359.11894144725,1355.14286177249,1370.26312729742,1397.61818492496,1386.03929476677,1387.0008588088,1631.77705086004,1637.89600589605,1618.80614821514,1617.74271836119,1637.05353182412,1637.70664789725,1180.79713128993,1165.1413599082,1166.07448166245,1180.80724548992,1192.18264970658,1205.21452095599,473.796501119909,457.440440862925,467.911162650109,486.562667731935,479.574239654255,476.483187709641,394.583087963466,400.315442060026,382.051267871136,381.24883245591,409.252657737917,412.809496286501,793.817661988635,804.255624781338,777.404465082517,765.850028886228,802.81021204169,359.804474593608,377.326533718321,369.295647879044,344.834302695161,352.895552567001,128.927970728386,139.381289112419,118.43853467211,118.332097239625,129.85259170863,inf,inf,inf,inf,inf,16.9742990078994,131.565612342703,152.420249473609,135.973600997039,113.878214698328,101.836973339261,112.795621102869,219.58136989518,226.567517460981,197.807578469659,210.364355260443,240.247194346828
10205,699.658217507573,768.648819778152,749.55302354452,755.019262818959,772.999413698018,758.296062862113,1306.63422877213,1291.45142842828,1284.8268391367,1306.00259017146,1295.05476905421,1318.24914533333,1181.58682588087,1191.52492508604,1142.85580485975,1141.27184211998,1169.52198770731,1172.2630109904,1228.14864380195,1233.96077296226,1205.03456024102,1217.21463743262,1234.39351645989,1212.69386399597,1196.02941216229,1219.31020197811,1201.11786659534,1222.19499813698,683.268629562267,691.129150490625,676.673640408184,684.9344850917,700.533583776824,692.883826911091,198.828563060631,185.934742421285,200.268373016532,214.147695098323,200.25991268533,1350.20474316342,1348.66504952859,1350.53641067105,1364.69987558734,1360.17666546625,1357.27230232475,1619.56478124518,1630.41838198426,1612.46390531493,1607.86172194133,1614.2328111057,1638.06564413195,1166.54273664736,1150.94805193983,1149.722573851,1165.03023927436,1178.20605177969,1164.14925668654,458.848938435006,441.239039627665,468.380542706311,461.052783876975,464.143637022711,440.162631842067,384.458014065251,377.417759158912,370.319273826259,367.63354257865,416.830015628458,405.149438879862,765.604055898406,777.27018011132,764.130515529443,752.313764630046,771.307659488297,358.728036829649,356.419203793863,348.832169697657,346.534487704339,343.381650204105,116.544259341597,122.013229426553,106.076592110345,98.8733360039444,110.483537039506,123.237625698986,20.0859711497792,39.6244679133105,40.112669886525,21.129450280155,inf,inf,inf,inf,inf,inf,150.857484070582,203.387413688875,216.982007792932,184.503904460242,193.059329406341,219.580908017144
10301,740.324638519441,819.865165007421,790.588681235875,811.467242293361,828.097466469042,808.913115966263,1414.9007270032,1399.65788934104,1393.37374447602,1414.67169335899,1403.9611719751,1426.25236570179,1282.05892509276,1311.31929580916,1262.92575965054,1260.79811324886,1289.59461047836,1291.97248819194,1337.91936552771,1361.52631526185,1314.74234094189,1327.22142795251,1346.52957390128,1261.95864320083,1236.63802902097,1257.42214776308,1249.34614211246,1270.23223893484,793.107038412558,800.548641482328,768.155970200595,776.478130751458,810.141560869074,789.252055734912,293.256618333396,280.261494180085,295.045289981873,308.736854340698,294.502307991235,1439.22625417206,1429.64784581889,1451.69156136036,1465.80246190022,1453.3484139538,1451.55252387296,1653.93088967862,1655.57845597598,1637.97884344375,1651.30442676481,1654.77210156084,1667.53753105709,1204.14500463315,1174.12479304535,1206.99489966686,1217.87286084789,1215.66478450035,1201.41959775606,570.393410546281,553.242463407066,580.951888359528,558.675918451695,574.828337939588,550.586102717362,418.477056758709,411.200419782931,404.532472072447,419.114182770024,433.06068830568,425.103882218347,718.546166504633,732.302530266049,716.81076231645,707.982138349367,716.396943240104,295.572678020613,290.15268967507,276.15120942833,266.816674428726,278.81321150172,198.197622246945,183.0631635527,180.277084035953,182.292154380296,193.932586067176,192.668547059437,88.1250328079042,88.9213567637517,73.1922484768146,91.2294806683185,inf,inf,inf,inf,inf,inf,21.7613802718242,213.741674710174,205.94117660582,216.041548968083,221.832702335386,215.418404011698
10302,745.479606873631,812.864151460017,795.479334075204,813.761759262147,833.992109135071,818.380969359511,1419.10261595921,1403.74759343863,1422.73207719573,1447.61627668484,1434.68742998382,1426.31561752827,1308.05643918025,1323.25944397147,1288.67223166745,1273.96386941117,1317.97656884285,1303.43349582432,1328.1479511118,1376.24984148926,1313.51114826545,1316.06691930379,1343.86577367929,1254.67687354833,1231.17857948608,1262.55228382262,1242.67763244934,1271.56302936166,784.665038289943,800.823922271846,767.745780348982,779.532224890384,813.197355129368,812.538747064986,302.147289101993,288.240515223978,322.793220481258,319.576446469533,299.614650267287,1445.59790588254,1432.40286874399,1471.11009044164,1466.04649417824,1466.65145265885,1465.74883377589,1642.813528144,1658.12387438072,1642.91462923257,1630.18840343338,1655.88150061064,1658.41065939678,1207.76614231358,1175.60649174746,1195.87230085292,1220.47488096596,1220.50280923927,1205.83565098824,590.130258883384,572.478755554984,556.062735042506,577.894451798394,601.495463962348,571.000822721117,417.380446985355,411.589045405938,409.263118374111,419.321111429166,432.522862844103,424.775204299221,705.443378542379,719.217601398943,710.828829703974,694.045197806671,704.569160976227,278.319827103418,296.634099402339,271.88647273023,250.062254727309,261.921567643929,188.231358578986,200.059175969642,177.97089980547,175.768649726852,187.667755905738,193.41204345254,96.3933797149324,91.9189485236158,87.8758034486703,100.002046686881,inf,inf,inf,inf,inf,inf,23.4143721596768,217.861156143253,205.18588197782,197.922228205861,208.740653825287,216.153291788861
10303,741.047195679445,850.121230356691,823.001670795277,856.095992221965,872.084559337407,848.561411634729,1431.61547961162,1417.76973177348,1412.95013501088,1434.41229344898,1423.03987325841,1439.89207248979,1350.30418204596,1358.62371204959,1320.8204160042,1309.88748098225,1332.27969318024,1333.28315434741,1350.47401664838,1349.61859105086,1306.02888420124,1334.35657891356,1365.34971746988,1287.36886087694,1289.09642294177,1299.26475783294,1284.74516135143,1304.09129960615,816.599082641239,819.231568180427,800.06535218965,815.636548984979,829.639592710186,839.762224162,331.652010480573,317.032459351471,333.501503297023,341.130696808713,335.846442585281,1465.61178010389,1451.83712203804,1466.80238665613,1478.67364308769,1480.66463101099,1480.06933231403,1684.69889220765,1697.21590314213,1674.08456420314,1675.20784318158,1695.93519409798,1705.9426470124,1247.91118243007,1215.76871737252,1244.11969976143,1258.03824302725,1260.266743543,1227.32204288613,593.837319799337,577.714547922798,589.709125735195,630.722918166946,613.306734482727,596.826744468305,444.294554085547,445.582366032906,440.557262970736,445.406629389907,479.297668608925,472.397740905056,747.850634455122,767.22177964131,750.555078329456,730.935597715297,749.291505633696,314.657897901533,332.686443001071,326.258559582604,299.786891134803,306.344189537804,203.082575346176,209.783841098834,199.765605190255,196.471780352917,206.39106331219,213.447975751257,109.467974553351,106.77435985234,92.0479238158166,112.170556516789,inf,inf,inf,inf,inf,inf,40.8358008960965,267.804880365935,254.397122372094,233.590407922164,251.011436755832,271.692547939585
10304,754.189674045086,844.711931100165,820.842397273873,844.15838054723,868.697054630857,838.190640804327,1425.19956150635,1412.11961304882,1404.97016467624,1423.35122009439,1413.00661775076,1425.53073480098,1295.84204179224,1348.20747500635,1285.80239579897,1270.71511280606,1299.79055327918,1324.01309344076,1331.50649642462,1338.96933997564,1316.17046388222,1313.25911453496,1350.98747646643,1294.75596803623,1278.22214130806,1293.4501608957,1295.27437117642,1311.3416354387,808.802575275787,816.092771562071,791.929471646626,803.969304123797,823.406187950576,816.771712195024,321.057768929767,307.919268404303,319.993301785003,343.079913904058,322.064619345291,1456.73242493209,1445.79173288447,1461.63389897823,1471.71213929366,1479.65368417795,1476.50467782002,1683.11127348227,1701.60832754979,1668.92361639957,1677.31662358032,1699.24079956539,1706.11889853288,1222.59824156068,1206.6215523122,1222.19385437701,1255.0386415976,1234.37789004617,1222.3127903045,575.161379859429,559.426081769529,573.004531068672,589.688031931332,586.703406926559,570.216030921314,449.65634023636,452.53622665006,434.633783326365,443.329059400574,475.465036220013,465.366931259919,764.282703474773,772.72384735823,759.983367226387,748.352075932453,762.824001066682,336.011278035578,336.429190832229,323.558046594703,321.37685724146,325.670106108184,206.394581362589,209.478848671707,192.546686739652,203.139168695636,205.818562532019,217.167864385422,95.7503816520436,93.0608159496795,74.5395276216639,95.2876058066285,inf,inf,inf,inf,inf,inf,47.6805784391565,265.290220796833,251.781149209196,260.487702219757,287.320541294808,276.834549873755
10305,788.244409394816,826.312448371747,808.689829032874,831.547881546581,842.13000386165,818.687956037641,1429.45619641436,1403.19441773504,1405.40897800911,1425.83908695542,1413.5336177284,1414.00856839177,1295.59352977793,1314.10575055135,1276.1585824762,1279.96907609476,1293.24208096211,1290.38103519467,1335.50601985795,1329.80058168178,1317.62091087044,1328.46746783047,1346.12543630751,1258.1061133844,1241.19798149119,1257.72973642524,1258.61455820243,1275.00938725033,780.853495996841,784.68146163002,758.335063771268,791.201613114167,810.043868778125,799.274354340749,289.628087833238,293.542459060878,288.373963778554,300.802077043688,295.095646523192,1437.01493224879,1423.95197769335,1440.75089250087,1452.51572256025,1452.84993153642,1451.74477330289,1658.20955045229,1663.68573139455,1661.21641956931,1651.84275316763,1671.50542278355,1682.13407883957,1210.84521732298,1193.66834426924,1209.88297838088,1223.26584021889,1223.53871742501,1211.5086755072,539.888085922452,522.780410213302,546.18763583243,564.835475063568,539.558673872605,518.525640311215,415.404433622814,411.668600665835,400.956413404615,417.252423199441,440.683333858315,431.374269482349,737.016304344911,757.402036647836,737.438836945563,733.969738670103,742.91802039331,278.854411192519,295.78057493917,292.455646469313,265.726398546504,279.312415522195,161.345729085289,161.648731662327,155.706219801871,160.626021752367,177.323950550328,167.191485011363,76.9217667615416,66.4578303608225,60.6686521681313,75.5864484966381,inf,inf,inf,inf,inf,inf,28.4512162294844,198.752829595421,217.308064888341,195.255222574455,203.785755735137,223.388086824573
10306,768.688952544302,816.926175687275,795.180230508578,820.642282227163,837.781185023679,811.523679705528,1412.95702643763,1402.96744349011,1401.21086831639,1412.21254067432,1412.12808503879,1426.37595444265,1290.08675077168,1304.81290377344,1271.97361491625,1271.75108860853,1298.09668384246,1287.93432494386,1321.87413866342,1333.77698700752,1298.49282638937,1311.9777674006,1339.56459338302,1251.24430213401,1230.87474689962,1247.35487916909,1233.7431207116,1267.56170657151,787.391921907511,773.032934506551,748.431712946586,777.324218715373,794.989657519437,791.427575897861,283.126161519679,300.544838374051,284.504793166691,295.922635179196,285.70534626208,1426.52211856788,1420.06040651189,1433.66076333618,1443.24802243619,1441.1836413415,1439.63428171049,1648.86541236903,1651.85091287563,1655.79738720916,1634.159445869,1663.718429123,1662.98011528557,1201.89388536023,1173.86115260504,1186.03521885888,1216.0836099258,1213.80150548077,1199.83762472163,562.977125936068,543.77438742753,536.031545716705,557.136907951522,560.821142798625,539.721150252206,405.462314012933,399.281021448609,392.09875433291,409.950671357309,419.55583886841,412.572242237744,735.666076565378,738.307172483348,727.199574442537,726.49280740829,731.931615295661,274.583377251829,292.530813500466,276.931853551638,260.192459814576,277.937928728765,160.251703503827,157.212112959936,156.710917971974,162.87030983628,177.059708352922,175.728046772705,73.2135632461063,69.6030069822967,56.157429588254,75.2895971311336,83.7885060437985,8.68258337650476,26.9760561972621,21.7418520506867,10.1011221060366,5.36378554376708,inf,inf,inf,inf,inf,inf
10401,552.433173559537,596.533868042761,575.542915567872,578.416965401923,597.813072503559,585.72369773632,1255.91811186114,1240.68236079422,1234.33537521243,1255.6073452263,1244.83394419347,1267.26293794036,1139.81005903996,1149.98851592283,1095.23216713169,1093.19026964521,1146.01924448581,1130.63690330365,1210.73289076452,1197.65626071528,1187.55252230182,1200.00963793474,1235.68578576135,1047.88192164377,1022.13619609703,1043.41326831393,1041.39007443981,1062.24626508378,652.236580350458,659.698855584295,647.979389926977,656.381442520484,669.30741913858,662.286426973384,180.68347177422,178.318719676738,194.844529419999,189.236558370351,162.72818987358,1313.89802854734,1313.20033194909,1324.37500736607,1338.44553547804,1323.16975948844,1320.20895519679,1428.04827090952,1429.69271940741,1412.107805184,1425.31564429937,1449.05677325676,1441.6664616061,990.985306273148,975.624994848484,993.678739908106,1001.67870156202,1002.53283423695,988.309570389577,602.032541070219,584.681364526663,612.154303324321,637.119250931444,606.821976529546,582.673726105259,200.072773971294,202.866640718981,185.506091760417,197.182159927753,219.521666322094,214.285578246541,564.300955924171,578.070844934192,569.699772909317,553.443354027001,562.52684262391,201.274156456232,230.49378124296,223.559518337396,189.401499817519,185.084920070403,65.0483104321176,55.3834678955106,75.8471826436756,79.3197688073172,90.9168664296105,63.6997999873325,209.97012275014,201.71388556648,215.661354110396,219.252250118939,212.30783742637,265.80093912679,275.816187655756,279.033710818754,269.103788841849,258.611362038632,inf,inf,inf,inf,inf,inf
10402,516.745445001402,584.665282197918,580.370615574527,588.800598047765,606.667391178366,594.889260785694,1239.43436543398,1225.73714345274,1220.18081992212,1270.34982034178,1229.65786634607,1274.65655615428,1160.86489096284,1168.22643923795,1131.38312518716,1097.26921642365,1158.32090480432,1143.09251685932,1173.45353816974,1178.62677064945,1146.33593041429,1171.52242496378,1191.34541622447,1049.0897025808,1037.46359365493,1049.28874151783,1035.41908817672,1059.38367207095,631.22133138872,635.201637961048,614.395169715094,628.97606438426,644.819410207936,654.540666965747,173.478767202207,167.049658811955,187.846050268083,188.043938758503,156.023225976179,1296.44987192492,1294.36418235444,1310.18587979055,1322.63770614159,1345.75990176704,1340.33686737538,1424.95459008255,1443.63178017262,1409.32600069727,1422.5792230236,1443.53200676594,1467.41889124678,983.316342557967,968.133419356504,991.858186742235,1006.2666193556,1009.47410568247,981.047090666205,583.264995641674,567.051471866968,578.713007171,596.793165436817,568.646450083069,579.782413602906,195.501344784732,194.174762999,181.263360711656,195.517435459102,215.630750644921,209.254902257621,564.676814639976,582.261911660222,567.15699484852,547.676238925754,563.65418606999,197.206176115636,215.101235022466,208.131197656635,182.282075458391,189.217968432392,51.7209623652465,41.9619259299255,59.021755379523,64.112076562915,79.0285580172428,64.2728428416563,163.908547811495,148.445931549975,161.123667113635,170.413438178378,172.133080049455,210.104683276366,219.754653966991,221.413067593099,211.188284104193,195.512439860254,inf,inf,inf,inf,inf,inf
10403,521.312861771944,610.656572442956,589.046221291712,618.266674485093,632.265011478992,604.831568873438,1256.45582408424,1243.24965654405,1234.50285187907,1252.85590021085,1241.54935142695,1281.77656660578,1162.3021782849,1167.87184564877,1133.11376681827,1113.91557004524,1140.89876849035,1146.72646309112,1166.69895939934,1185.6445974095,1142.32264143875,1164.82186149801,1186.66467046892,1052.36769435557,1035.36803874138,1052.32505769362,1051.99125277189,1069.20333077804,648.78606005972,635.998250108547,618.794140232788,641.786907512378,665.470215982446,656.159308034694,176.624135548387,175.547747262199,191.912600131532,184.935863284492,157.623516422549,1295.64680350925,1292.87513145787,1307.56371928601,1312.86836026598,1332.41478345647,1329.47769112459,1440.71842677709,1456.94379398539,1427.26827015624,1433.85110424255,1453.80314470083,1470.3028051703,1000.40547502046,983.903601268624,999.252546432593,1012.31131943738,1012.55488382603,1000.87103203999,577.757661642519,565.656209678002,584.060508848139,594.767679662318,582.93851654615,567.006616534382,211.0503897991,218.017874349325,198.518662772902,207.229454107074,226.99579742912,225.973762681028,606.045966201764,607.372540461153,593.457863045193,588.26891599096,609.0536609811,253.045704617859,269.353239097115,259.694071385236,219.588638969096,220.13006397461,47.6649715382564,37.9027500847657,58.0297332329465,61.6322463372265,60.2840472859291,46.9741264107213,163.286210601616,156.39587478816,172.072919728667,173.206444474881,164.840185948232,242.441194092034,250.213102027048,255.949787992504,240.217130508551,228.566278650722,inf,inf,inf,inf,inf,inf
10404,542.895180407922,608.168641812236,586.367791826284,612.445221607411,630.177774384021,605.162053228371,1261.11141413057,1245.40768222437,1287.17644571539,1303.97118400289,1292.27390335081,1273.72176749875,1131.68906049533,1162.51936613935,1113.97510338494,1112.70559127036,1139.25358941426,1130.2163275564,1200.85483913425,1183.90103813241,1177.25098114014,1191.43686681048,1218.90682916059,1049.75068334987,1020.33989750247,1044.97519931763,1034.56493490026,1065.84028720194,672.638177134758,650.569383712677,633.020038218626,663.015555932024,673.344303874795,677.211870140458,201.723397644808,186.243904866072,216.042624140504,205.535089304977,183.326527618108,1325.30128606639,1290.62312194816,1307.44142731282,1340.74951079763,1331.05335828481,1328.07055334079,1436.85656461024,1439.09556831564,1421.08287461246,1427.70912991044,1452.01880112524,1450.60594285259,1000.37272968996,971.114054427788,983.808671366419,1014.86107500359,1012.01739380991,997.617743015872,608.763597141535,615.403633638697,644.112599707258,638.353293414484,606.614448108968,585.517516417084,202.417750164923,207.263562258249,189.724611047495,199.349035591484,217.054939085899,216.450426786464,595.98443047559,592.38711766251,581.357220500164,578.92704468253,592.084364017959,226.741420277682,244.764308560979,246.016394799485,209.912389323793,198.246309828206,80.4070541271671,71.7476971696542,109.57480167466,115.084904045868,91.5755527266706,76.3193784700718,207.401768694494,201.662408594267,218.871427868743,221.343706998143,203.053376829359,289.41422072324,296.438429982969,304.770233823803,296.594934202277,276.97283044223,inf,inf,inf,inf,inf,inf
10405,547.231716989918,573.868075416683,573.251107823524,574.372694827606,598.578371522907,591.236217337561,1253.37243955343,1238.02166153485,1281.54508890197,1318.4269903446,1289.30094336008,1260.66723562709,1140.60310147217,1155.61679182527,1121.11773339809,1099.55466071649,1150.74732815042,1135.78865854777,1210.73281583154,1191.56373527384,1179.34900418695,1198.36331091465,1226.1536155003,1041.98927076127,1020.47838525173,1043.68170314532,1025.47912247846,1049.54670906473,659.459821546491,653.883372296083,642.56317539484,654.168721311648,666.221006824231,667.042121020833,197.200160440867,194.937298465855,211.425019610611,216.772125856946,179.056117629341,1322.45606359106,1289.36603110222,1308.40540876748,1333.57783163076,1334.53323292263,1325.73286270733,1429.2583309762,1427.40617140913,1412.11691667351,1413.61560364909,1445.42932180267,1448.40190141637,993.168080390891,959.383385599065,977.33649966126,999.232150321874,999.499205929933,987.735897219395,624.222030120459,606.839691019875,632.379966387578,651.803262493328,610.56913074653,604.465284808466,191.569423221525,190.052263719596,176.918888857017,193.213876997986,206.813609852508,202.69137138263,551.825364535215,565.581055286801,557.906072121316,538.988534314275,550.078182587356,190.22976147507,208.541597113109,212.591893397051,179.452927624581,172.627603079521,79.7193358225372,70.1416337107904,111.43832421195,114.353045468163,102.738917416536,89.9385342295049,217.236030317821,208.800185909877,225.366751866043,236.933294305187,219.76805104776,263.460238114215,269.624842896192,275.602510189103,265.254004847818,265.891303540183,inf,inf,inf,inf,inf,inf
