,0,101,102,103,104,105,201,202,203,204,205,206,301,302,303,304,305,306,401,402,403,404,405,501,502,503,504,505,601,602,603,604,605,606,701,702,703,704,705,801,802,803,804,805,806,901,902,903,904,905,906,1001,1002,1003,1004,1005,1006,1101,1102,1103,1104,1105,1106,1201,1202,1203,1204,1205,1206,1301,1302,1303,1304,1305,1401,1402,1403,1404,1405,10101,10102,10103,10104,10105,10106,10201,10202,10203,10204,10205,10301,10302,10303,10304,10305,10306,10401,10402,10403,10404,10405
0,inf,10.3908262995439,10.0377506355401,9.68075016475962,11.7444008237524,11.7868510992728,46.4651820045469,46.0319438482671,46.4177643341243,47.0801625916338,47.0473390424362,45.9089126381836,35.3719041345123,35.9111876834642,33.6825611334478,33.5036475984569,36.0541912628683,34.9354733919789,40.9213818163875,40.755997952028,39.7928279832711,40.638419122988,41.9351642498726,46.9366129987151,45.461916225049,46.8511951770789,45.0770799037175,46.7723829201155,19.128744304175,18.8415872183151,19.1456265824903,19.905115676294,19.3346758430207,20.0297189836432,27.6105646879287,28.310464944038,27.9909734395426,27.7356523006267,27.3205098337661,56.258633175046,57.5218101475031,58.6210374159833,57.8936270085657,56.4607557200705,56.2802568170168,59.4761068178179,59.4121594423027,58.4896028765698,57.8719319629041,59.2248092033877,60.1777820813157,32.2284873409823,30.3272242319166,30.8551989449785,32.1988322784963,32.2244288230021,31.908768183268,48.2068554833633,48.215711238242,49.6450995174484,49.0690569121325,47.5817511043868,47.0294178222789,17.6632543034015,18.6736056024192,18.3707366740265,16.8821571904343,17.4491122268873,18.3694368139294,34.6936823502488,35.6141680539117,35.0921296505542,33.999620457573,34.5472794870686,39.9874548472496,40.9532904201676,40.5367663569463,39.1750104049164,38.9104745909804,33.0649165534174,33.4359942196886,34.0065565570262,33.5313126945773,32.4622607159586,31.261118429305,39.9934096328351,40.0832929669725,41.1648955578288,40.87803731633,39.3111230521149,45.218313511886,45.2691453195667,46.0969335520683,44.8145147291906,43.8995290212295,43.5777183947876,31.8209120517861,32.8335322981181,31.4676218827756,30.765215081625,31.6812902471434
101,10.7445782859415,inf,inf,inf,inf,inf,57.5520630259618,56.2480709948374,56.7867065242055,57.8040210957438,57.481214486119,55.7389794133226,37.6272845696582,38.9932121983644,37.1013230793537,36.6846752871131,38.0100010515817,37.7085705722911,45.8852841241572,45.0646327120979,45.905632121561,46.6178522938784,46.5318853184109,34.8643413195575,34.6666776339639,36.7957288283587,33.985894152692,35.6490939323735,29.5328413388228,27.9444259829809,28.8563567101662,30.383437535661,29.0325193642945,30.2317642367561,32.5739657603337,32.7629292599274,33.5444050388216,31.8253899223715,32.367103749191,65.882634049861,66.5262097538036,66.8103442715341,66.483675382515,66.8252068038464,66.7044215982177,52.4726081330401,52.4671525418161,51.8213779929903,51.3028115970272,53.4077656753079,53.1912977910957,26.4554218845801,25.4910132272371,26.3247681417832,27.1103373481304,26.5084164720947,26.5288343064738,56.1010550726289,56.9257588038202,57.4174276311313,56.9822790689826,55.6846579610813,55.1615829021278,18.9284852903247,18.996847355413,20.8922196563313,19.6516927949007,18.0564926258614,18.1907406608965,24.1419121785648,25.0630826247081,25.1509296519039,23.3481021040885,23.3273548400096,38.2933201863046,38.675131148402,39.7929812904255,39.2600763912349,37.893790508264,37.2899631106087,36.6699575825461,37.9907453483977,38.2178421689921,37.217948142372,36.966195583534,46.1483085030519,45.1402256520581,46.4438356525047,47.1794560449556,44.8904839223557,48.918600007972,49.4868362472738,50.204201717532,49.2174477685636,48.3724584064115,47.814819231167,36.4287280685895,36.7243431688012,36.314439525757,34.3898305739633,34.4860954588744
102,10.2535774388803,inf,inf,inf,inf,inf,57.1179773210845,57.9126634317909,57.7508087815567,58.8041090666541,58.38198542583,56.4873468024102,38.5549658369276,39.3614041984021,37.6604473997216,37.5630598931243,38.9490437919156,38.3926189809762,46.0148021805594,45.3487851261675,45.8142500482821,46.7158238601827,47.2110722228702,35.5064684696114,34.5915226855041,36.4729129354856,34.1765079243742,36.362307493434,29.2538653941186,29.3581881894518,29.4618184661069,30.0916470012984,29.7416823987636,30.1147151724696,30.9963773090096,31.7302166011521,31.2961712941034,30.274639449806,30.8016282430525,67.0213828334132,66.6748504638232,67.226030870296,68.5580085678472,66.5438632546643,66.3912863426869,53.1491742174121,53.1708545514815,52.1845607835699,52.0729996913822,53.1882864495633,53.8966920639569,26.7326744138465,26.3589564750873,27.1888052091595,27.9987016969592,27.3412077917592,26.4596546775817,55.4474938279209,55.2713847309464,55.8245603253006,55.9560054253569,54.9494580756239,54.1046754259339,18.1682160552913,18.0698727006888,18.9502725330721,17.8190939165691,17.4251932904573,17.3055278806311,23.5136081333084,25.246875927876,24.4198031904509,23.3867613517171,23.2392222475707,36.4511092779704,36.4043920325388,38.3385975069885,38.5046324255156,35.360350947327,36.4897815621868,36.2426230720952,37.5714160897628,36.8961054289055,35.831801007176,35.6420216967845,43.4306207412142,45.2150736495981,46.6251699715314,44.5228405017406,42.6829151558482,48.6435731754992,48.7976992737547,49.5567518999419,48.8405697533313,48.595549751648,47.8699444224365,34.2907225376579,37.0955023683074,35.6983845863196,33.2100699276273,34.2258455923049
103,10.0023911541312,inf,inf,inf,inf,inf,55.5272566409929,55.6969713820497,55.6460116146071,57.3698696825972,56.8575643766805,54.9033384060721,37.1237198158927,37.7973864313471,37.0530539651035,36.0509251302743,37.7270360400362,37.5630609759195,44.9393076614601,44.0768613051251,44.1092312571352,45.6816670277909,45.5402855235643,36.809903889108,35.0347563263956,36.7578834688449,34.9368170119009,36.6278493809306,27.8585664969512,27.993624339679,27.876470749636,28.6402314021411,28.5017659326184,29.3014306002034,32.0551421286069,32.7133495229168,32.8740225939743,31.8810614951276,31.6582056558941,66.6501473239826,65.5982392170892,65.8323473135198,66.6726048149296,65.9154872009508,65.8109611824326,52.2665627637153,52.7183570851393,51.872341219547,51.319816318691,53.0635379030076,53.1623312714775,25.5465869003504,24.5959583502314,26.2310955234798,26.3357383705392,26.2400659198842,26.2705050819915,56.8314879960492,54.8888937834533,56.4156863172388,56.743731437214,55.4050029000978,54.7952809644161,18.4778859713015,18.8204052918064,19.6360716994778,18.7445571077505,17.5377074882745,17.9813192934831,25.1053345316702,26.0261478487767,25.5089755754392,25.1104925488935,24.9827841853142,38.4547265178329,37.1861027321427,39.9445708447881,38.6117292606563,35.8143044128568,36.6982415612341,36.3975971014011,37.6001656299389,37.6032708543527,36.8434215260739,35.9530748793565,45.3153604085777,44.6812890635502,46.1143516546643,46.3002866515206,45.3927100073468,49.4062025457438,49.3415622980339,50.2986587055417,49.9209167314176,48.4610395002854,48.0521598530964,34.7068974990417,37.0628453381846,36.6754650244896,34.5526649448238,34.4828497047459
104,12.8308459051993,inf,inf,inf,inf,inf,56.7151717740996,56.1245352351861,56.3584317500152,57.3479844533923,57.298932303991,56.4292401477555,36.7615076438339,37.2487284329943,35.7044145580825,36.2826099038368,36.6173822384948,36.276566373001,47.5276046438717,46.515573650447,45.7309166307458,47.1950327813292,47.8419417691096,34.7095728272402,34.7733304528402,35.0942988778777,33.8683256920482,34.8025505944585,29.633131478304,28.6911341996166,30.5395839541238,31.4744076657379,29.3398516932927,31.3967512296812,33.0493551402415,33.7511217485625,34.7288688129451,33.7876692010244,32.8251075933824,65.908749062896,66.7669279803702,66.7444246451909,66.1690172263157,65.3523136273794,65.2045253421272,50.5404520828224,51.5506105386128,50.5937395248731,50.0684826622822,51.2510813200969,52.0001933539571,25.4112139427718,23.9794150944832,25.3081101815521,26.0782524518751,26.128478320456,24.5596755848412,57.215991626627,56.6505366642488,57.7307193890326,58.1866547659509,56.6351771647025,56.0334428665125,21.5393122519202,20.4127682094704,22.3336501494978,21.1289180332661,18.8561538279202,19.1103669992973,24.5973240054933,25.4991396654474,24.7707045152536,23.7427061470004,23.5867932676238,38.2361912815812,38.6404064867249,39.3523938540058,38.3965571487626,37.1563910862683,38.2630703480583,37.756561848373,40.3288204577462,39.7997220721464,38.477593994931,37.5955761431488,46.9127296236318,46.2404324741124,47.5087840012639,47.8830534108817,47.1581943856208,50.627851538131,50.7186135190272,51.5083871470664,51.2207086783435,50.3535973184663,50.1111117432524,35.9414215891534,37.0061546513981,37.1569330874291,36.2670209192416,35.8292343144596
105,11.9213352055185,inf,inf,inf,inf,inf,58.2005081267006,57.5441063164835,57.7278039053704,58.6351485032808,58.4207694275257,56.9419836001258,39.2034181559541,39.4782888946221,37.1946202599831,37.6057910186354,38.8501390547354,38.3239179417516,46.9766800093225,46.1535836232068,46.4115461299545,47.4595915665373,48.2837224019501,33.8977989298123,33.611514553916,34.8067908692858,33.747381739927,34.5693490570915,30.3502712376857,29.3442970534075,30.7142902494001,31.2314696023729,29.8833701947199,31.1129007868013,32.5843356514335,33.3888933751724,32.8177191988384,31.7385631264567,31.5455753218026,67.001807676394,67.5818723588043,68.7388601582573,68.0961763740281,67.5677738478971,67.434799526182,51.7243962623772,52.5258251711616,50.8468901233785,51.4554655586295,52.7583540127828,53.3582873402925,26.5884089920712,25.6761117877462,27.2568318510326,28.1148442247784,27.2619064844076,26.4805343151617,56.2641637543914,55.9636173348898,56.9604381048423,57.2042199363366,56.2835915002319,55.3896731819632,19.061164119761,19.8218757664557,19.9362643970494,19.4077563588603,18.577335369192,18.489693140489,23.1640653963447,23.6468633744023,23.4303323395187,22.3367569489622,22.3232279519122,39.5597444002457,38.4776840370076,39.7332238805034,39.7374797962431,38.1081269858932,37.1012338509088,37.5021134522268,38.2743046109343,38.4414634714657,36.6207249380186,36.1885166285506,44.761194758144,46.7039173716263,48.0014757788321,45.026925049004,43.9650312601958,49.013003610244,49.3335743338944,49.9888322396168,49.7397248740616,48.8981366090805,48.1649577166187,36.5387856696503,37.8402150479973,36.5715235604798,34.1761557706348,34.9929956242813
201,47.4404742845095,57.8276874967085,56.3963195992434,55.0101841712858,56.3643174593793,58.4599892041027,inf,inf,inf,inf,inf,inf,28.5631149622791,26.4614569797716,28.0576966755209,29.1723187464162,28.1131843636385,26.9031388546179,11.4558770816481,12.2858286428514,12.3571367086415,11.7166665190069,10.2956120856993,76.0972019062687,75.9523924585303,77.0366416435162,75.2199762034402,77.9399249621278,36.0928464544101,36.0539195891707,36.6010559046162,35.7297570468397,35.3747091927826,35.755361004512,64.6694192885167,65.4392742535824,64.8742233466801,63.8641319546219,64.651647862477,10.3608433591705,11.0561229924081,11.273704634643,11.6242438396513,10.0501744921414,9.87834021072737,63.0964624631011,64.0498061179829,63.4611125643084,62.1512760086149,62.7049136467878,64.1148371248945,46.6474006488303,46.5068983365715,45.7079004684794,45.4169883882283,46.985697701666,47.3660193542101,67.6659402885189,67.8226044213162,68.8263646650784,67.258902268843,66.9373479541434,66.5471297302022,62.3651825206424,63.0720084375051,63.2548666789646,61.3448342693933,61.5262448284647,62.3238496730722,79.9879002489494,82.0649206636772,81.1505762329383,79.7873234420336,79.4039186810417,85.2483576141908,87.1778745438674,87.9026110888883,85.1238835641311,84.0319258491093,73.2635076283234,74.2773366029164,75.7269312445028,74.0473939912252,73.0217391283974,72.3551583856466,78.8273432704622,81.5154920396509,81.3505487561926,79.0828143994262,77.9968030214844,87.9591855028569,88.2920255240258,88.904335829461,88.5785093985576,87.7728552748837,87.1403983101939,77.5395955453557,78.5998566492296,77.6981275612786,76.4502283069585,77.6035291852285
202,46.185082680478,56.5066806980004,57.7049984987147,55.8988905334411,55.9312623240529,57.5521777838901,inf,inf,inf,inf,inf,inf,27.6592768721799,26.6981155516364,28.4583715962352,29.6968896686041,27.6894393993751,26.8667953112254,11.5032229741069,12.546798831476,12.5285081686601,10.4211558643399,10.1979176382141,77.2773720516997,75.2356619014757,76.4960831926718,76.4414925921073,77.3264158944606,35.3710147292219,35.261923198794,36.274083335594,35.7728187531296,34.6272867477234,35.1254685923852,64.0098983368924,64.7992765343875,64.3196029253202,62.7816384419436,65.0591182237906,10.5752659041818,11.1145822609884,12.1954451953231,11.6136840883452,10.4449171312077,10.2634696232658,64.283642157392,65.3869042689386,64.4691288183494,62.6603665947217,63.0138096764252,64.9526866542478,46.3361951257622,45.9917515792611,44.7101366206259,44.9595985380717,45.7401985927627,47.0016178902491,66.8326943681885,67.0982015360585,67.9448690786868,67.5656150772491,65.743362348331,65.8337569184534,61.4199289127035,62.5519821905517,62.7760809355733,60.8745613165634,60.6423542061801,61.5972925123281,80.4366307640597,82.4429121694829,81.0945879574763,80.106576456258,81.3256283300292,84.9173233717934,86.5571221481385,86.267024156054,84.7356007766793,83.79205142377,72.5957724599322,73.7925691475829,73.8199988878436,73.1744162120644,72.1750386723637,71.6779042690907,77.7901368298056,78.0453014889977,79.8008218727891,78.124293761729,77.031965426013,85.5508601833559,85.7766108353907,86.5141879554784,86.3714374355259,84.0322284934371,84.3246627319488,76.8353416204624,78.1424146280479,76.9307650944602,75.4840501061706,76.8995931951036
203,46.6905059546364,56.8898475892808,57.6388237583969,55.9155653802841,56.2051140097082,57.7919902684255,inf,inf,inf,inf,inf,inf,27.7558949075629,27.2169415664431,29.0242194597799,28.9672208901208,28.076050493427,27.3419876659892,12.0580197652565,13.1190885025372,12.1340918514182,10.7672873469208,10.6593002219906,76.1444501988914,75.716933599748,76.7255317253918,76.867990935814,77.3143003134801,35.1337098992868,35.164633726507,36.0364899365736,35.4435450488426,34.4506066221491,34.7734764970103,65.1235174433223,64.5852448653871,63.9471398942998,63.2915604805957,64.7498911482888,10.1796855025183,10.6587092428279,11.6828737162394,11.1516385088174,10.1493763202609,9.96518849774737,64.8832327357722,65.8340611871294,64.9662587749951,63.8410043097331,64.8394225886513,65.4611234761037,46.8575643467336,46.4710494647154,45.1335856715195,45.4359707563632,46.0553488864172,47.5150718280957,66.5083453369518,66.8810750882471,67.6418573906334,67.1665688137438,65.5742084249925,67.6219869956876,61.4201494587946,62.2544032152693,62.5088882938385,60.7854040750929,60.7767087087919,61.6688616677675,82.06765585809,82.5131234021544,81.372342852381,80.3191274488481,81.243074862342,84.9066381151368,86.8880186321099,86.6735796590335,84.5138830811755,84.0012739061987,72.3464567101592,73.4303562480787,74.5861865673567,72.9007229417633,71.8376067295148,71.4404714184377,77.7127953730101,79.1028219116035,79.9882535074213,77.9164620757945,76.8826122860399,85.2851378495796,85.5789052593324,86.2639664310192,85.9388900758272,85.0863022069047,84.2725252384272,76.6046545792813,77.8985337347694,76.6059325554719,75.0433765235754,75.8771851884592
204,47.0988783420205,57.810437637081,58.6275025459728,57.3024407412783,57.2802665233592,58.6196170340673,inf,inf,inf,inf,inf,inf,29.1904923031843,27.1629466812685,28.7645349495104,29.4435846194942,28.799397137381,28.2718156913501,12.296445568244,13.1471769577989,13.260605833706,12.5925705313757,11.732332136632,76.7792182893011,76.6274974529476,77.7246183634724,75.9014185995652,77.087537299313,36.1009245073883,36.5854430592133,37.8258583268491,36.3190280611298,35.442311455586,35.6189840477014,64.8433212339252,65.6549194256769,64.9599995407155,63.9415035005469,65.4510486169051,9.69217919783292,10.3669303213744,10.6095119579955,10.229497563448,9.42753778788384,9.2514647706453,64.6351703844944,66.035919367597,65.0123760603028,63.6966241193976,64.3571339656545,65.4563121737462,46.8153257905981,46.6884131829957,45.8820171403967,46.3611366561981,47.107733371536,47.537182534133,67.4925620640729,68.024961867863,68.745819244192,68.0002978429342,66.4923382692909,66.5729016134374,62.5902226893785,63.4214215600293,63.3916932945747,62.218749890847,61.6626672922073,62.5074131525149,81.2715076216074,84.5094417182872,82.6047412196382,80.9525156464123,83.1515939613184,86.0474635868404,86.9118148285619,87.3859863201131,85.3375827880707,84.5319085231775,74.0669737953674,73.974153076758,75.1373158490383,74.6264356848884,72.6095600736669,72.2737447931366,79.8633434748433,80.7083331822114,80.6834581361327,79.6299906571319,77.7356985182845,85.5417320870556,87.0090587319285,86.6976771074094,85.9755417167034,85.1340841307224,84.7095803490825,76.3347972551396,79.3279402366457,76.329943884394,75.4378713875039,77.6513416921584
205,47.3303819718746,57.5711327344878,58.2664789689031,56.8616131489081,57.265996316965,58.4736548547367,inf,inf,inf,inf,inf,inf,28.6902188806465,27.7408500080288,29.3988467339477,29.5628558392449,29.3599406346008,29.0657872355957,12.5075499446819,13.489870463188,12.7377382362025,11.7494566704573,11.2421019238822,76.5372564172164,76.2525996195428,77.364737988498,75.663871905581,76.3101591526316,35.6108750674944,36.218257837319,37.5319519069063,35.8049837745282,34.9959669412308,35.1179147550094,65.4404341094416,65.156691075953,64.3863926480499,64.7383702424718,65.187479335609,9.54996833685232,10.1053646701897,10.4862623513108,10.2303868359511,9.46652345931663,9.2826893873385,65.4901457849541,66.4179459594346,65.4674839423065,64.2303723805317,64.9099784207774,65.9400288981727,47.2735045098789,47.012806898572,46.3480296152294,46.9328590391255,46.6169196224929,47.9680507034135,67.0420753554255,67.5054980708762,68.1822808564518,67.5930642524831,66.1612204429666,67.9446550119697,61.9841507766196,62.8907138773301,62.9835349524575,61.3822173846654,61.4930561749969,62.3579511096182,82.6718478911635,83.2151071683458,83.0541406358513,80.9982658563801,81.8654068200027,86.6588784328387,87.5538282384117,87.3900755807838,85.3241739783716,84.7734702485103,73.878463693518,73.8795663340908,74.9083883008716,73.2947160726228,72.2260146569797,71.9469214360792,80.0768290891384,79.82038768064,80.6865673007593,78.4434852370725,77.481786034162,85.8082070629244,86.219770018844,86.7727032757342,86.2770541196043,85.3973441072673,84.8143646027254,77.3353641853792,78.6091798446645,77.2528979216934,75.3991442985521,76.365330431714
206,46.577203801245,55.1884773571769,55.6998673793471,54.3211181302827,56.0878032936335,56.2354385984769,inf,inf,inf,inf,inf,inf,26.5740926526227,25.495354179882,27.061333049609,28.1594072896646,27.0410355039146,26.7876651530466,11.4320468343108,11.2531372622793,11.2815368181434,10.1792496686158,9.53063413757303,75.0886390224877,77.4694602050856,76.0422620166386,76.8044150939657,76.9840806895875,35.6906019918245,36.2018620211797,36.5792711638545,35.9092916499568,35.6812899925907,35.2275218193552,65.0530322610323,65.7491336743133,65.4367357279648,63.5352712541628,64.7489316980177,11.3714065536574,12.959495376544,12.2754443577177,12.6848468351051,10.9713790354652,10.8101104154179,62.0766780456028,63.0329019763388,62.5129411193265,60.594585986508,61.7396234291486,62.799815805201,45.6335201679152,45.5924017529702,44.5233885208415,44.5121542474992,45.2643698921186,46.3639077589963,67.0022214115183,68.3773520519354,68.1423903177013,67.5838809004417,66.4879643471071,67.1948208237507,61.8759736670397,63.2586817665472,63.7291802681334,61.5353074538975,61.1319398805905,62.4310716377858,79.4552959828829,80.0785285140787,80.2847539038474,79.8295457873201,78.6996190325062,86.956180119149,87.3502805878663,86.841702951485,86.3147286911467,84.0234703622933,73.7649461213986,75.0801587546814,74.7098549517518,74.247018447862,73.1781677406098,72.8880287829946,78.9044690811937,78.9768399296608,81.1226647921103,80.2844333322464,78.2299534936641,88.3836344806605,88.4196572777078,89.2583039812037,88.0144796220574,84.6180966304471,87.6666750705847,77.8815487735243,77.158843787606,75.8053486385609,76.8280412779905,77.7313863966968
301,34.3836552574928,35.7037236942214,36.740581915381,35.5653403816843,35.3551315830508,37.5077108186813,27.331918475979,26.0950978556586,26.0191836998471,27.9861410122937,27.3386174653797,25.3123240904065,inf,inf,inf,inf,inf,inf,14.9555698888973,14.2418584079087,14.2068755821656,15.6726632145375,15.7036964626672,50.4260342020236,50.7976520362839,51.6968584583933,50.2001284193382,50.4040077988465,32.5262991387443,31.74298938926,33.4257600016542,33.9431280410518,31.3104370467254,33.2639988748452,54.6712560794456,54.7279436878466,54.8083434395634,53.8167777844131,53.6636099378188,37.7912904726835,37.3809041906025,38.5927594370312,37.9560808151188,37.1573286704199,37.0270493506576,40.2527059191735,41.2294646461153,40.482392400814,39.4487317563243,39.7104286430933,40.740933091603,18.2417092202271,19.3641168312428,17.6867453146131,17.5516979238854,18.3248439177197,19.2903545839777,71.7934700351034,74.6921270716728,74.521092128335,73.621507467984,70.9351925808131,70.8334970361736,51.6899463924178,51.7379413504477,52.5425613181988,51.4189165434531,50.9187236135937,51.7013197418485,56.5989601194838,56.5198362543027,57.3603019988004,57.3314944311876,55.1268319139427,73.55640954757,73.8675511567733,75.1395467606167,73.7992849221391,72.5093590685401,61.5280524741842,62.329577478651,62.4798729038485,62.0760835319419,61.0180516285915,61.5460575332114,67.9728205545526,67.9592255491695,68.9606753480606,67.5093390485264,67.3914891144912,74.6037367086593,76.2530712051587,77.1627492077704,74.3362367575834,74.1352061615688,73.7333112080083,67.1480505141565,68.1939298631947,63.9838110361874,62.9392711010037,66.9022548196588
302,35.0369104791573,37.575921295542,37.4014801951713,35.8993641107267,35.5722591389241,37.4505907598842,25.3077632573388,25.2037668190179,25.707013937529,26.004142279535,26.1795746722525,24.3403832098558,inf,inf,inf,inf,inf,inf,13.6232558702487,13.2462198471488,13.2178682910337,14.778146140441,14.6965506255006,51.6319829108391,52.2067413231345,52.5582229245659,50.63084338586,51.3405002117593,32.2271421442199,32.0978703560479,33.9401905973776,33.1270197892924,31.4748334392835,31.9804668915505,54.2156237838235,54.9623231598009,54.5017102259906,54.2971090754149,54.0918984417982,35.6659586076736,36.3399114119155,37.7912427287267,37.0757850069691,35.3690221876447,35.1969470417611,41.0943617490459,42.0409471842368,41.4193017970204,40.1379415552363,40.6398626827112,41.851666698237,19.4619061206469,19.2888378148501,18.3887795642539,18.5197956758958,19.8412022138562,20.171812756714,74.759313122052,74.8489511409066,75.9027935820907,74.349271155028,71.347491098858,73.6069779624558,51.4203195088831,52.0289525033201,52.3336721133364,51.7276302431546,51.8171404226347,53.4944022580471,56.8752426740377,57.0621345524944,57.7143919819421,57.4095642775065,56.0595100291133,73.9362774779335,76.0736320031909,77.134129290164,74.0134269822007,72.8410238654989,62.0741621500456,65.1300324221885,63.8445872073447,62.4019410426052,61.3500603344134,61.6634527516099,68.4166261894192,69.3848770872462,70.5242973519211,68.7575392850609,67.6402356873722,76.3861150659268,76.6098630604093,77.3112124303346,77.0929653434363,76.3242110019777,75.6007140679787,67.37855448507,68.4465441976661,67.6342173452467,66.2933077165086,67.3631480001857
303,32.8308470767702,35.5374326728786,36.1625590950773,35.832474609784,34.4048271132147,35.6323845741009,26.8986409925073,26.9007159395175,27.4237012328788,27.5905273176661,27.815963031292,25.9011290814089,inf,inf,inf,inf,inf,inf,15.2177788591281,14.885347949666,14.8659865045633,15.8417535644491,16.1332566771675,49.9675007288763,49.868099966837,50.9209652698689,49.0929588322216,50.2346146056635,31.8715663971139,30.7283963372155,31.9733660443049,32.1007960596158,31.2026040997256,31.4015055733319,54.5359692333684,54.6385695421552,54.6721330557388,53.6432677691532,53.4384724001761,37.0641984811014,37.7701238495482,37.9699907129313,37.5531124385551,36.7436572468581,36.5717627431302,40.5541382302782,42.4320625028751,40.9681463965348,39.6273057236407,40.2405368344448,41.8176027556381,18.0285955316105,17.9473108191777,17.0981011100972,17.5375141030434,18.2933013433758,18.7563519610466,71.8545648749209,73.1545842248096,74.1435754665449,72.3697338533042,70.8599463637254,70.9255501486097,50.8993774031679,51.7125835319092,51.7124975822722,50.5503949006094,51.0083055013027,51.5977121769016,55.1984961382704,55.738112309792,56.4982303896845,55.520765683409,54.3708154942831,74.9115260997933,75.2793810667035,76.4110193855895,74.4080026582881,72.9858654189878,62.4615723643793,62.361916268336,62.3065677596913,61.8170093732424,61.2884047963584,60.9385433051971,67.6842856309191,67.7022736880808,68.6475849964373,68.2740274073456,66.2840503504332,73.169444837358,74.9308885073862,75.9601924905394,73.6293269439711,72.7898471354594,72.3356309700243,62.3662794550431,67.6337576086912,62.3819632591132,61.3709332417111,66.2334747869586
304,33.9056259628038,34.7706041611424,35.7809079608793,34.2986141416813,34.852455212119,35.7821102671608,28.5047649946102,28.5223064755123,28.5739128240241,29.1431579638143,29.1607901140054,27.4922565851808,inf,inf,inf,inf,inf,inf,16.3808152568839,15.7327595691224,16.1697873019393,17.0776744517052,17.5705009094327,48.955856921944,49.7301955415621,49.9217903507213,49.314739615017,49.1411921999331,32.683969430866,31.8552151358635,33.541241129091,32.7667048135996,31.243543950356,32.0796804407501,53.2128164081033,53.9556018651993,53.4909523725038,52.4705792918805,53.0519627972138,38.5902739229358,38.7330420032315,39.4612020559229,38.9347697463691,38.1201239384984,37.9662058781041,39.6427207455647,40.6016662809206,40.1703193424325,38.025417786635,39.2671784718225,40.2655225145191,17.0095019427903,17.4548606076917,16.9544422310006,17.289917495488,17.2193555383679,17.7471637044426,71.5635335471476,71.6517663077736,73.5593436961519,72.8740979546565,70.8678409314037,70.4136189415159,50.8355072108512,51.4372818861762,51.7457213160277,49.91979396105,49.9472258472096,50.6482757744105,55.203406172087,55.9322503495704,56.9180882457327,55.7478305228676,54.3934413351865,72.0944005243407,73.4958838676507,73.6934798771844,72.9441930259792,71.0005893098323,60.2810136803982,60.958138876278,61.8950597123772,60.6595906473123,59.5996263943754,59.6394923213276,65.8720190934315,66.8847563995079,66.8891886538328,66.9861248185419,65.1052467125741,74.3788831304102,74.5687499106022,75.3007199426988,73.7038104574151,74.2979453564295,73.5932578449858,65.208443326625,67.0140379119478,65.6011624235744,64.1236965157,65.1691480841201
305,35.0739891780924,36.370586597487,37.4559837196046,36.4520574509435,35.2869250959335,37.0802627795497,27.0980800955352,26.0327288829208,26.4495272347809,27.7912893308379,28.0168521460751,25.8640274638463,inf,inf,inf,inf,inf,inf,15.6122911729138,14.7483904767041,14.7916795517162,16.3532028081947,16.2058878552463,50.3945940693272,50.2495978943915,50.9960294491671,49.5185446936683,49.8267754159548,33.1537428067663,33.0285842417863,34.0526695249426,34.4244124549165,32.3933856581869,33.7233674241785,55.303513082536,56.1685750023981,56.3732846260999,54.5110140072179,54.4221306433637,37.3698366571034,38.0685936833591,38.2865702662962,38.6944839105555,37.9316597401535,37.8223596655465,39.8107292667159,40.468569313049,39.3600343390398,38.5431560867837,39.1127077097316,40.1421658731882,17.9560400371349,17.8321864007632,17.0238600408387,17.4645095852319,17.8280000093107,19.7373612944317,73.8795512570882,74.4427521123072,75.303936239034,74.2883323807422,72.8269302099014,71.5839273021105,52.2910149969908,52.4956608077316,53.5545785042162,52.2776740051913,51.4357043747769,52.1375117607342,57.3585111544582,57.1295427860087,58.4253602849112,57.3405958751838,55.6682191997731,74.6835431294233,75.0930368295057,76.1831083621383,74.8664214298093,73.2319039723921,62.178405467845,62.2913811126629,63.1298713113918,62.8399045323848,61.8151066274829,61.2599079095406,67.7551510441419,68.4998922503724,68.7637700469933,68.1072904308801,67.000584132121,75.0822404803167,77.0115950152815,76.0354303145071,74.6752458257531,73.8395537754919,74.2438875351001,65.1433808700656,66.4518770015302,65.2816691273535,63.518342546107,67.6710828470299
306,33.6315603665304,35.9225893650104,37.1718393840821,36.0713535365439,34.8107014865945,36.7031269295576,26.2360860938088,25.990353046293,26.4568992727188,27.1577433424893,27.4601087968323,25.221526333794,inf,inf,inf,inf,inf,inf,14.5805396458205,14.199647946966,13.8769740085104,15.2627112985233,15.4557379608776,50.4916043621688,51.0457695488361,52.3964056295967,49.6368127266356,50.624629029126,31.4021630279359,31.1869538987532,32.294184711864,31.8904308331041,30.6215254348389,31.8719698014119,54.2946362722152,55.0496986425265,55.1889569913625,54.2173242839789,54.7205868502728,36.6095806340351,37.4079718533006,37.4658879920369,36.9627672021236,36.1477967909706,37.5375919192756,41.0488599631362,42.5164177643838,41.3224146587432,40.1628834503618,40.6177942522359,42.4256755939642,18.5749329798013,19.0953913267941,17.661555317857,17.9828744168717,18.7589893042481,20.1959808667419,73.4859436085069,73.6596545337504,74.564838555407,73.0270233586723,71.5427338842926,71.6844894131644,51.4860745927711,50.4708283395919,52.2422286855915,51.0041782356647,51.4060633751874,52.0697163957692,56.1476871672868,56.3515631327847,56.982046527447,56.7382667118742,55.0022482472612,75.6109714259651,75.9908575736778,77.1106513416936,75.7960058648319,74.1599160189271,62.797644104551,62.8377576676732,62.903333504606,62.3059854217927,62.4667757768417,61.8814848263327,68.1792593828809,68.3546488986015,69.1778681992392,68.6115671067579,67.4891745754793,75.3242133404191,75.4002535955655,76.2519351443448,76.2612841556789,73.2580919618016,72.9421954490349,66.9763899810947,68.286033194051,62.891785865207,62.0122676338828,66.9882880655781
401,40.9183655117596,45.9359577588928,45.9460640759141,44.9775984389451,46.2698027577197,46.8696303205341,11.2819386693427,11.1096487805101,11.6132698587916,11.9714178243802,12.0992012879249,11.1424561786459,15.8277479730745,14.2608347107968,15.9844654681687,16.8338461665435,16.4414134387033,15.205908635527,inf,inf,inf,inf,inf,65.826377637257,65.5479132539015,67.1052028629811,64.9506052660825,66.070187218875,29.6501443581202,31.7212199619504,31.3282031312637,29.7552834183288,29.6480695626617,29.0524434617571,59.5456893676333,61.3210537853282,59.5219788322842,58.7832383337711,59.3721014443785,21.6822529978051,22.2422521736911,22.6196644054897,22.7980241982242,21.9998495733276,21.8684979851389,53.3636579782712,54.2970789904559,54.0531318721483,51.8694808340302,52.7926115772591,53.8235177254513,34.4643161093725,34.2236536048858,33.5341234318987,34.0847779757762,34.8786607395893,35.5686851462543,67.1610361463023,66.9752515756151,67.8936852290484,67.587248137975,66.1134434444515,65.17966014481,56.5200077347353,57.1065468895561,58.3270297147446,56.4464420851035,55.6401962885817,56.316280259231704,68.6713351932178,70.1077609896993,69.4728273728064,69.0020176070404,68.2622716308077,79.633624625442,80.9563756868046,81.1333378858833,78.3607131597889,78.5307939717174,69.2689976083758,69.3187794629409,70.2108081365274,69.9887021084287,68.0407007421767,67.838420243421,74.1003630463282,74.8190010962593,75.1060677913532,74.5360590119036,73.5155030099614,81.9884255839924,83.7260633501024,82.8294725006736,81.439331315166,81.0085771511582,81.1688799584079,70.4686115160105,72.3922315408016,70.2452497760729,69.5042275749678,70.7411868746577
402,40.7350858378024,45.1058588714598,45.3085831013027,44.1070375122907,45.3192367973826,46.0787201112939,12.0618629343152,12.0361603092639,12.5561676308361,12.7556118349086,12.9686702731124,11.0720793006965,15.1923188379772,13.9568090050156,15.7975156122709,16.3380350157628,15.6104979263486,14.9723098849691,inf,inf,inf,inf,inf,64.9366747239909,64.8240694964554,65.8866500394663,64.0602149706696,65.2345599961807,30.0826476059907,30.8300735553571,32.1260669622203,29.8664358433098,29.3882348698149,29.6602384654419,59.9869179669799,60.7922806302409,60.173188691802,59.1184771030407,59.9677878705214,22.4345590096372,23.1255955552917,23.3442470140715,22.9326243733987,22.1231922032394,21.9513011442258,51.9161774352083,53.650025627363,52.3151627068898,50.9828350270461,51.6318463279027,53.0358660537146,33.5950663236973,33.5034352996248,32.6630403837792,33.128018664882,33.8763351233787,34.3205330173837,67.7565516630965,68.2505636461218,69.0062176487468,68.3036289305573,66.7857333487246,66.8050559021427,57.728970958909,58.6820852814155,57.9905223524138,56.8112797883823,56.3348117185706,56.8850607813325,68.9997141855067,69.2681581701179,69.7207038720834,68.7509476041537,68.4251117457237,80.6800521082196,81.0451948132092,82.1782932931596,79.2383643409291,77.7992830826318,70.1077886406143,69.9444760674491,70.6053265352104,70.1872330066035,68.6778046483014,68.2809427125294,74.6854390900294,74.6107720174641,75.621441396217,74.2521571254188,73.2170829629238,81.4044022602313,82.6760434427708,82.1746936808825,81.2281103741501,80.5355247856156,80.8720058812228,70.7798443162361,71.7575490956224,70.8565612823116,69.7718242330136,70.9223683901233
403,40.1993120685081,45.9436162642352,45.6648577655974,44.0935352434699,44.619245001456,46.0665061067961,12.3128102692146,12.2733296279227,11.9590781099495,13.0051402949006,12.5782141522182,11.3139558109898,15.3226370118207,14.2443742623306,15.8543444258109,16.9435481463003,15.7874536427436,14.8068288322699,inf,inf,inf,inf,inf,65.5877248159999,64.4077624010504,66.5441685207288,62.9880188977826,65.5491678468085,28.6465145067838,29.4305561132464,29.5137221212234,28.7713985208955,28.8527846489085,28.0830393116901,58.8807909008663,59.6068761435359,59.2057865477635,58.1846130828223,58.6673835087713,22.4469070838986,22.6512246174592,24.8393980895007,24.0810050582811,22.0428691230445,21.881370096644,53.6640708247121,54.6221882117634,54.1108809578723,52.7406340669548,53.9914684354897,54.3599917060128,33.9062622749651,34.4263909242078,32.7468110045888,32.7783791144681,34.1986345718449,34.6379036296227,66.1599220475357,66.2122423361846,67.7314152877122,67.0860444859509,65.535976717631,64.9954634998031,55.2391544271433,55.7810142666308,56.157508507818,54.1192375678789,53.8265651435087,54.9755434277428,68.3813416381633,69.2991346996415,68.8069671674383,67.7142740362242,68.1856544454911,78.5773790147106,80.1163304848603,79.5750897187594,77.6733291369573,77.4893117415962,67.1113974316258,67.9864411049209,68.9942975623051,67.5230643878477,66.4573168300145,67.1089446162895,72.9184590757347,73.9643222657352,74.2801982442998,73.0144426537974,72.1858852715231,81.9785197408105,82.1114656999163,82.8838725359561,81.4051188239802,81.9720437845248,81.218708690044,69.2098719923436,70.2785154522599,69.684707321722,68.1344476802169,69.1295374885653
404,41.2709665614402,46.6762309420381,46.6329022017817,45.7273504816248,46.0775196472435,47.0768533395657,11.4166593058676,10.0869279877807,10.4011661136873,12.0842893401934,11.399467741486,10.1096173470803,16.5392840622148,15.5892860280796,16.5428421189865,17.4880110392732,17.1837947566429,15.8270290565578,inf,inf,inf,inf,inf,66.7688572530104,66.2529940417788,67.7343811681277,65.6940995203546,66.794084215569,30.1244394863071,31.3218145981494,31.027480090952,29.6492335763584,29.468434010168,28.9667307468677,59.2977503459653,60.8160742814198,59.452955937284,58.4536994571618,59.7274584518393,21.839132859717,21.5343198987289,22.6632506118324,22.0536447006983,21.2460957057875,21.1080523936487,54.0277885975531,54.9771176625984,53.5088906303516,53.2027904718728,53.523178484586,54.5484113650868,35.4573812115655,34.9279844887396,34.2763908914781,34.7957923219283,35.5696847440031,36.1863174924402,65.8515673682495,66.3517675042447,67.5220983749401,67.4223614427315,65.0052235631088,64.8822063170785,56.2592572783758,57.7067985751815,57.1211200687529,56.0209459571039,55.4723900188104,56.2476327451293,69.9376532923049,70.842974074951,70.1487465641148,69.096880049768,68.9456059379682,80.3560089132201,80.6425877111652,80.6886882016285,79.3549351604241,79.323338529736,68.9612864286038,69.7936381231104,69.915371192075,69.5403979616692,67.9217500527935,69.0504219455663,74.7042625590442,74.6507690648515,75.6780338748102,74.2670285347502,73.2988552994734,81.8720889745138,83.2650784836239,84.2015033390862,82.2815248427239,81.4369422903443,81.0053172162333,70.2500341101017,71.6586042509244,70.3554152373528,69.2831239203886,70.3380500400253
405,42.4787537540368,46.5892669861333,47.1564552262693,45.586711641493,46.7206773336726,48.2325881153759,10.1231427558594,9.79509890161838,10.2323471085765,11.3682313027532,10.820657631997,9.38617257847487,16.7339148490152,15.6374624412044,17.1458226225897,18.3033523563453,17.1461972824241,16.3284085510324,inf,inf,inf,inf,inf,66.3598055256088,65.8974615896951,66.6810030529356,65.4907864334282,66.7700316744153,31.1681691618425,31.1713042804395,32.0726270017462,31.5261182589303,30.4658187361461,29.9755302570252,61.2857502428146,62.9218738942362,60.5255412391375,59.5903830244341,60.8580851989058,20.5436546792414,20.943405288163,21.9063499188679,22.3806273843477,21.651014727689,21.559012606921,54.199338262592,53.9497358828556,52.7932453359903,52.4133167553518,53.4684381332654,54.4892439241654,35.0390248824431,36.0778020413116,34.112531613449,34.4927948259996,35.6627257304416,35.9548266691279,67.6862929052904,68.0309826316955,68.812851434169,68.3916171726168,67.347142094836,66.5999878813481,57.2978242163591,58.7470194831836,58.4952094452094,57.0618753747951,56.48366639387,57.9069756614998,69.8006263877036,70.7111762241233,71.0892937852645,70.0108844502921,69.5736027355759,80.91187751756,81.3606129247068,82.408762022437,81.0857960699354,80.5789035279819,70.0513019735731,70.2600317526305,71.0065830744471,70.6376638689346,69.5829123495654,69.1398611257945,75.1000131339663,75.7347149380106,76.1075527757753,75.332487120379,74.2789099513289,84.4367570823364,84.3376338127066,83.6365429833876,82.5293372845381,81.8745340375414,82.0377897069842,71.7911558681828,73.6258200765832,71.2269402545901,70.3387795947029,71.5420577510399
501,47.8237789574566,35.4752052534461,36.1722692879699,37.4269277204579,35.1957559559451,34.5378028233904,81.5297185011811,77.8955021069799,82.0779196100533,82.2187234090515,82.4564255496211,80.523384946232,52.6882282923876,53.8161544255349,52.6810704053588,51.5490749241892,52.2012355749141,53.3706971639029,68.0429941314783,67.163671419543,66.6603038432865,67.6082059987882,68.6068170312004,inf,inf,inf,inf,inf,63.2000958996266,62.2150573298925,63.2844242807486,64.7240958915057,62.6139762349655,63.8364864029181,65.3667025370903,65.4057306529271,65.9397205815685,64.9578432944509,64.4912039985086,91.5337565092639,92.2560317489614,92.4317947592903,91.9934260827585,91.180914748034,91.0120374060288,35.0127711066772,34.3121789309206,34.2216280168402,34.6420125948101,35.788514213481,35.114165818905,31.9180776916358,32.3125975487498,32.8448488573584,32.5122516031617,31.7456627464084,31.2149958429468,91.2629673815919,89.4133159077727,90.3570665280126,92.1659039923789,91.6852411578502,90.7519907930479,48.1262215887966,48.3058737677631,48.9764740735462,48.6935017184871,47.2579872588815,47.3724485416309,35.2748763363243,33.8439055718853,35.2421806889556,35.6156074136676,34.4453413772471,67.1186273859254,67.4859017521732,68.6180324273719,68.3676724158108,66.939685913558,66.7486866554815,66.1347630242338,67.3834345884389,67.7646761776944,65.8963497932412,65.534195721791,73.2288481165953,73.2235832517288,74.1874077160577,73.8262891230915,72.9571857775764,77.9363366022561,78.182349098925,79.2260358661669,78.4171641790583,77.5797778045344,77.1021788799793,64.3135375119516,66.4369755419273,64.3463662896828,63.3130111091673,64.8833403117101
502,46.6224357582802,34.9962312038138,35.1112584644177,35.604465946454,35.018624885692,33.9914744207366,80.7569547132109,80.5318458063456,81.019476966136,81.4393411707442,81.5428658694699,78.1034088271324,51.9208437028267,54.4086715748436,52.4361423819056,50.7043926582536,51.451394482307,53.4828394862626,67.127109693181,66.3682298444815,67.0182819044672,67.85403160654,69.2158726711328,inf,inf,inf,inf,inf,62.4761286298992,61.478532186775,62.7948313616307,63.3456429001913,62.1076837472659,63.2823350126456,63.959770952706,64.5702769006763,64.7194128667649,63.7816409925754,63.215280731705,90.6296030172041,91.1222830362524,91.5672050349738,90.047587725038,89.2428835182252,89.1016816517231,35.4013896054,35.316979966996,35.2446045917342,35.6388618007469,36.8161475563891,36.0822594408978,31.7666943523738,31.8500231504453,32.6430740517307,32.9272553155522,32.1727072500543,31.7867246417229,90.7376155594024,89.8613584660361,90.5626924321024,91.5013625279036,91.415067525519,89.4823757834261,47.2239693244345,47.1431482807994,48.0151405953249,47.8158126760249,46.4388042432263,46.3774262051992,33.2763929490017,33.0956922278258,34.4432023936231,34.5734983623914,32.4955699494223,67.7204303234102,65.441351411222,66.6558949364432,67.856177093896,64.5375335065982,65.324301648637,65.5127995958927,66.8756730119666,65.7990070497034,64.7300096946087,64.4426037852649,72.9853503482835,72.4725718743228,73.8916256560166,73.6085208905644,72.5234641910803,76.7015732712601,76.2219249674577,78.6514457563856,78.1587893524705,77.2796283273364,76.2996169318523,63.1496136383471,65.9152673741847,64.5622425159237,62.0802857741577,63.0280310497523
503,47.9997880363174,37.0200051898746,36.8808350868713,37.1819304013807,35.2997889455716,35.0716712778054,82.4557271528055,82.3983628710084,81.5624630489065,83.1500868871938,82.2048448319095,81.4657209133864,53.6982374186595,54.8052866984835,53.1884110368259,52.0162652597658,53.0734456233029,54.6058522249709,67.6763954706933,68.198604417002,67.3400006901197,68.3305254755701,71.2699026385234,inf,inf,inf,inf,inf,63.8373825425164,62.8869124678623,64.7529345557521,65.5117108402517,63.3582935547765,65.6621196829611,65.3051260013514,65.7139555902642,65.9820291519017,65.2548308560823,64.5287839904616,92.3412972117791,90.1347569417394,92.0208398874985,91.2684197168281,91.9786126213954,91.8122089287795,35.1390386303499,35.2132346389289,34.1997532050243,35.0118835260605,36.7555099737012,35.9195147366294,32.8855717808782,32.4317920235255,33.7532788993881,34.477753184823,32.7513477996103,32.1704804318768,91.4952254654383,90.6753053133049,92.5650951233548,93.6229679983571,91.7819124435318,90.6526014650459,48.73925231874,48.5380279091871,49.4617414879894,49.4530675889806,48.1204921617332,47.822315456699,34.8250723015094,34.996597767251,35.6627126987948,35.3589132969059,34.0103708297105,67.0515071068869,65.7561309117277,67.5564181109714,68.8643974523894,65.956353305011,66.9816082831028,66.7759180106709,68.2466406964137,67.3254280563214,66.2710129777959,65.1802945704186,74.1896185386847,73.9772053715465,75.0993014755963,75.0495857482013,73.9522246282844,78.124831174997,78.3412644637622,79.0501187377233,78.8242915807034,78.0482115258808,77.3370194373341,64.5397219653012,65.6075887462402,64.7838642785701,63.4540256575583,64.5192148867619
504,45.7990637769371,34.4856087651435,34.8834270077137,35.5278335244754,34.2432206034006,34.1864743719721,80.655291759415,77.0634435034542,77.4884906874872,81.3450129895963,81.5867532301203,76.839939664594,51.8156363442745,52.9903954803633,51.7095014191563,50.9593093206079,51.2194781025684,52.4197698244411,67.1632906150984,66.2832270118565,66.2554692899506,67.9061532484848,67.7338239976382,inf,inf,inf,inf,inf,62.289040883406,61.3558999588375,62.3654076588216,63.0979468607699,62.0834444136945,62.9535481680957,64.5751033911233,64.5266715858691,65.3203434093323,64.1224653607328,62.8254813692081,90.6553367252741,91.3758689338958,91.5644087841773,90.4295410902704,89.6740375889139,89.568552470946,34.383388711615,33.8330914355579,33.1233723091692,34.7838179839176,35.285173491621,35.1834277799139,31.0441283336908,30.5456556736137,31.9699627277983,31.6785072876769,31.8706714647888,29.8997630917213,90.3767528726136,88.557378082864,89.5406406500042,91.2870728835002,90.8195587909501,88.779268076325,47.4786101330473,47.6867557723527,48.4787443827625,47.863086996321,46.5583078106492,46.8533704178229,33.7701997430162,33.5497272571671,35.2088277821424,34.84674807979,33.4099895905882,66.8265851283488,67.2353122586895,68.326131975543,67.0092581456553,65.3749278057491,65.9966806134687,65.5402482969867,66.8193299309723,66.9184567040294,66.2211810230235,65.3282594661988,73.1881185334343,72.437754565958,74.1967245790818,73.5356370934151,72.431406912611,77.8508592863042,77.2407822002549,78.8119870080613,78.3597638326843,77.5237428304196,76.837304049635,64.8397948307936,65.6518244097627,64.2733357310862,62.26595941025,63.8014556312919
505,47.6478205789186,36.0031168627003,36.8332545817361,37.0733620259691,35.0136552521444,34.8802841705607,78.5431001284159,78.393929367631,78.6206185675545,79.9744989292293,81.7419566051081,77.5925551554864,52.3377295280033,53.5482225156924,52.5514632265985,51.3389547470982,51.8809371713863,53.138386951994,67.2940988036428,69.3556356586771,66.5725831445275,68.0175230009641,68.0238466448705,inf,inf,inf,inf,inf,64.3285989895852,62.2867300984811,64.1915753518391,65.0402109887898,62.8630359183116,64.6820598971631,65.4446142592519,65.170202212284,66.5109234935724,65.526925313196,64.5405067934136,89.8598568868702,89.5735307193678,90.6459040351394,89.9935695355258,89.2011151411049,89.0758637179131,34.0232373123408,33.2324020615523,32.9473414378908,33.6731062199549,34.7985729337066,34.9230137329674,32.4851701556319,31.0155274016966,32.2345417990424,32.8293869765752,32.0674648816708,30.6287787394333,91.4427583847628,90.1959608775342,91.2236133050745,92.3858026376645,91.3268017049682,90.3148442880507,48.9769272487636,49.3112052210866,49.8830347793037,49.2964342274591,48.0411160161188,48.4732128076102,35.6390550169059,35.6001184186889,36.4157458330699,36.3450331577014,35.2981036374024,66.690983403452,67.0245615392636,69.5848097617269,68.2353735379363,65.6330000690444,67.3871570549808,66.8304719784729,68.2474608898224,68.30852683348,67.6728467001969,66.6556947147297,74.3036986161416,74.3282416315133,75.3033123136396,75.3615446926274,73.689332214835,78.9992150825415,78.9534550635521,79.8370327650322,79.5038442742806,78.6476025098259,78.2760612288165,65.9946694564993,66.8649599354829,65.1208901812879,64.1051597555154,65.2487388604873
601,19.51198655941,29.9329563911528,29.8161766244009,28.3307904947437,29.3567726816337,30.7854072644657,36.1921334800643,35.5165868983807,35.233240774651,36.197839922941,35.7136149699399,36.1886328382139,35.1292547015076,35.5918406634499,34.0940199200843,34.1900545039691,35.6953328438529,34.4344293293792,30.1057671360264,30.8737684574986,28.9762226636065,30.4530243009373,31.7465361967017,63.3435260375643,62.929892022559,64.2121607109078,62.391710385861,64.3023612863331,inf,inf,inf,inf,inf,inf,29.0288509192707,29.837403581335,29.2543713631361,27.826968513248,29.1708146825902,40.027564701361,39.453781960408,41.0821741005312,41.8243565693558,40.3756182273399,40.2243072983545,64.655262828999,65.4445928646653,63.7755653026626,64.2828270640424,65.2868581398628,66.2689918033955,38.2463306055987,37.8739506261026,37.3504541563506,38.0512427671521,38.703243231547,38.9067824933012,41.1831733387258,41.5183199827586,42.310800158959,41.8687216482421,41.0649055700329,40.0425083431735,29.5189681749506,30.3410427180603,30.1518341767144,28.7900590751993,29.2760999853995,30.4753449631053,54.2222288443849,54.4949306162034,54.4155138485485,53.3507747762145,53.2377085072669,50.1469237114663,51.5494684013051,51.4774366958321,50.3229148385653,48.6957099392741,37.8498644890383,39.0500996328672,40.2288291562544,38.0530405783951,37.3711941973758,36.9380289713546,42.8554177465264,44.7793223026264,44.4941750815633,43.104834191127,42.0477551944734,51.0919162587033,52.6033565700201,52.0697132147832,51.8089774872812,48.9387759391224,51.9963144559353,40.7289303061254,42.0286634326055,40.7614936913754,39.9992447044811,40.7987634950402
602,19.7918075718086,28.4360731152974,29.8670175647681,27.9456417894951,28.451095561413,29.8695366538131,36.2014799754195,35.4592858621343,35.2644871563913,36.9209767830807,36.332301245474,36.5657074825013,33.5335676170613,34.0256913564116,32.47633723578,32.870156790841,35.032961485446,33.0526423297369,31.5851406986469,31.5772100442408,29.4802620818379,31.001470309297,31.7046481262333,61.9767589754775,61.5117785689788,62.7910367249166,61.1518604990219,62.0183971216162,inf,inf,inf,inf,inf,inf,29.2540935663677,29.9569030304411,28.7102259096294,27.763458130518,28.9996838582509,40.5209230837787,39.7765822799847,40.6968199067682,41.3419321912633,41.3894947101155,41.3412802205641,64.3384366116501,64.2717144837238,63.3185522005171,63.3788004976151,64.4040829136182,65.3347104334551,37.0464901516184,36.6552080259298,36.1747525123169,36.9670954748757,37.5589590238471,37.6971743198768,41.6386971886826,41.6443169209422,42.7508776115077,42.4263472236749,40.5813126199424,40.5758826580933,28.4521576152438,30.0227006624318,28.2687719353084,27.592799596373,28.396356157033,29.5885293528205,53.0912243343505,54.0012059573084,53.3102644294609,52.2606240709775,51.2066219110061,48.4869835858494,48.8862751969853,49.6030212206341,48.6445402785786,47.40721526284,38.0893200182749,38.2209622507898,39.0121606226497,38.4936268706588,37.4260449533865,37.316905149695,42.9720607155379,43.1214324015778,43.9994175907331,43.4220393495737,42.280024663271,52.9707163261144,53.0557989819513,53.852312938831,53.7844367870071,50.2734247449156,50.0147851309446,40.0806139536162,41.1457553092582,39.4739628043654,38.5680800979753,39.9646397980197
603,19.6189553413356,29.2267822536371,29.9007241437413,28.2364513696895,30.1402725354042,31.0358817975452,37.080938870526,36.496084748621,36.2124384660602,38.1821519873822,37.6187202400119,37.2266286412874,36.0825912249143,36.8056607312982,35.1106998173147,35.1295810366164,36.6477658637441,35.6415989275782,32.0486309228322,33.106507269291,30.0334557107165,31.5592744731516,32.85415271743,63.2491553050492,63.1373832456727,64.7393740898756,62.3717732304747,64.0997982213944,inf,inf,inf,inf,inf,inf,28.6451625240112,29.2818782320337,27.5749122763356,26.8455745672197,28.2013130671782,40.9655737378216,41.1713102266,41.9766161466738,41.8953935769843,41.7727440230302,41.6950283790702,65.8131454316088,66.3365970910392,65.5233114701675,64.7505828094797,65.8177953362873,66.6232647573329,38.6543435678625,38.0612197338584,37.8536187536873,38.6740104706564,39.2838605815038,39.5662526444199,40.0681089056033,40.0183327696361,41.1956009474626,41.3135461253351,39.8942123303216,38.7808060385102,28.8829925871435,30.3014621757778,29.3665889347544,27.9729689558175,29.2114045957753,29.7894615111261,53.4819595788386,54.4032643487436,53.8762363311236,53.5818282946539,52.0772876322531,48.6641213086901,48.1818545513303,50.1587734888853,48.8333013045425,46.8500905762592,36.9053993250497,37.1389313548692,37.8605142462285,37.4911675320757,36.4388548178826,35.9960226677842,42.6762390741347,42.6164062031471,42.979872109644504,42.1774064418285,42.106825094596,51.8038042869836,51.6878554470572,51.1313557067355,50.8414767089412,49.5323424091385,49.0865232590482,40.0249015996135,40.7493341893309,38.5583622994855,37.7884490368761,39.7624691871876
604,20.417708320892,30.7637821210467,30.592855891928,29.0784847321495,31.0845279741502,31.6053177030713,36.201678678616,35.9820568313939,35.6093021708831,36.4963988145491,35.9754460004413,36.5529449702976,35.089916018534,35.7941092951224,34.3163230001928,34.0626864281378,35.4535829252708,34.9297186392137,30.4783809907456,30.7456390341495,29.3562795597435,30.1310157052343,32.3114338155861,64.5742973173476,63.7431431493005,65.5409061002954,63.1514263998901,64.9804163605991,inf,inf,inf,inf,inf,inf,29.1104240110962,29.8334882464969,29.433626823053,28.4121218760836,28.8781113404017,39.7604646169054,39.6435487441497,41.5857511660252,41.2346135962967,40.428850053358,40.3053343860946,65.675132379199,65.6520920204962,64.695603096331,64.5647881554866,66.1215580206133,66.3965742035848,39.6537486487608,38.6864880108667,38.1839365532521,39.0681796669098,39.8399160532215,40.3916598365161,40.9030521560442,40.6028085025175,42.0407499171163,41.4219106690899,39.8832471079262,39.3888813514271,30.3303858468388,31.0853991789411,30.983167987368,28.8912076170906,30.9232544941374,31.2943912988892,54.3182342271691,55.2233227203657,54.6963847259062,54.1982847552018,54.0314134521314,49.715802883079,50.1791925486688,51.7445211491959,49.8186294865021,47.5439609451328,37.6585685828868,38.6956220807364,39.7148706829146,38.0958263187461,37.0283110660927,36.7956994398455,43.3855997680718,44.4002482555108,44.2722544626212,42.9945667942338,42.6601139697751,52.1683361441799,52.2824982592471,51.9584253365201,51.3735553085824,52.1560415799806,51.4091506896692,40.6068768617494,41.850797929618,40.4720838689147,39.5321629005201,40.5134067862983
605,20.2761957166921,29.5135984471179,30.2578785741226,28.4956848795452,29.0935000035813,30.4609963752399,35.5402013669108,34.8096560376491,34.5334495160272,35.5718914040568,35.0769501094357,36.0460787054232,33.0176592961074,33.2909489665806,31.9977362210292,32.0755414794433,34.2100631463027,32.3510602061044,30.0654559717202,30.2729406770981,28.9731382035606,29.6012722724193,31.0249967209794,62.3389044405267,62.1754597767747,63.2724075440171,61.8986432778796,62.6022126593603,inf,inf,inf,inf,inf,inf,29.7979056375387,30.5570705795406,30.0444363951069,29.0262238230674,29.7268592652862,39.1666633373797,38.6638875555698,40.1335583508107,40.8766496567641,39.9230379068203,39.8201104823394,63.6413471264345,63.7568304187231,62.7231810016237,63.4598251483758,64.52553303924,65.4059396810315,37.4798541032324,37.3243155144058,36.5406782889054,37.1199061902133,37.8379041197685,38.1945480845434,42.1453025300021,42.2671727670262,43.297606073926,44.1152649331618,41.4415060197373,41.0077656091544,29.8901693505428,30.4997491670861,29.4391576189556,28.1989718813817,29.6470502192424,30.254854929885,53.617816847188,54.539279102917,53.9615649026246,52.8767439937844,53.4940658053466,49.2174397963581,49.9423114511148,50.7703860508277,49.2659142857834,48.1192346283643,38.8531567276884,39.8734682514274,40.8026085447269,39.1423625225397,38.1021149797073,37.8226443154235,43.702061909039,44.6192664881718,45.701087460039,44.0010801842851,42.8978167462844,53.443920494792,53.7221098443225,54.3803051646162,54.1091332363338,53.321111340778,52.639941288878,40.7077856838271,41.7729786836659,40.9158222190275,39.6186093614574,40.7318002198176
606,20.4391001845086,30.7930582289634,30.832955858863,29.8283005300548,31.1155700335035,31.7336507618748,35.9438167540221,35.3140233247885,34.8906965147063,35.7734916957643,35.2276309734697,35.8617716453451,34.7370716909434,34.6986909668898,34.6658223860389,33.7833364374491,35.1104546029409,35.2807785512636,29.560596767287,30.4650444043742,28.4171775452029,29.2699613850869,30.5055266082957,63.4869653548591,63.2308995560458,65.2303437000832,62.610282118384,64.1469054228763,inf,inf,inf,inf,inf,inf,29.5807209191232,30.2229417830713,29.4378722570825,28.8474734321837,29.3570960237559,39.5482572947606,38.8409412376915,39.7440236489838,39.9548866462057,39.6145383060049,39.4890476219543,64.2216148915017,64.1883610385123,62.7949411751032,63.1003578019874,65.1583975210067,64.9280618548019,38.5101268280749,38.2904367587525,37.5787309356488,38.1232704285483,39.3926645216974,39.2168415644905,41.4449505281457,42.024755732117,42.6983486558937,41.910005210605,40.417159899782,39.4860471372514,30.3236394621005,31.2014814068955,30.86353718546,30.6146416654984,30.723644316098,31.2468790093856,54.6899906235653,54.9570819508864,56.1408881984456,54.2295486800441,54.2484113524432,50.6556202316307,51.5883770590282,51.696251087568,50.0700215212722,48.7008044666134,39.3340016460931,39.3083458887912,40.2637061794717,40.0867586420364,37.5016554191828,37.237920151421,43.8080509403747,44.30263695029,44.8000592797226,43.7376972445467,42.790442173859,52.0161652326785,54.1758388822873,53.4337986064484,50.9244499162276,50.0789392078272,51.2185366453606,40.5089802504435,42.5716967806357,40.4048129934046,40.0882121723238,40.9473793087748
701,30.1361542773182,33.2957412657301,32.1554898086756,32.4582087259867,33.8351009902217,33.1470801588398,65.1136276084486,64.3799930578431,64.4226338374982,65.1710786446163,64.7312950791944,65.610032911967,57.4771328012777,57.4390246785596,56.522796644812,56.5664144574495,57.9353938933574,56.4960915816697,60.5354975787816,60.5696452776235,59.4410803615467,60.0842297239362,62.0414686783855,65.5131061127372,64.5572434782397,65.9900803818529,64.9077184226036,66.0237177976945,28.6507349028768,28.9309796231194,28.9502887624541,29.4006120677674,29.4461073605655,30.0960506408103,inf,inf,inf,inf,inf,inf,68.6066121232027,68.8718709096947,70.0837879991814,69.1341413011403,69.0290427342424,89.2748274512029,89.965852551174,88.954286398519,88.5557356341764,86.6077377674142,90.2297910574068,59.7872900860741,59.5652580224933,60.3425564636049,61.3917565894095,60.4334179344363,59.5960969068836,26.0090190402875,25.8369665873441,26.3795175424047,27.425244711793,25.5356145558402,24.6704185318171,16.6445859133313,16.6898114329648,15.757973603889,16.0052717537598,17.5810009178885,17.3844592811892,42.5804652256131,43.0414040310315,42.1605065630091,41.899685130061,42.3817765661091,24.2668198437517,25.5382074793564,25.9553903451976,23.8531629431885,22.9494841679574,8.53272284167854,9.39132886938672,10.2614163246141,8.85926615163343,7.80992871998763,7.73445917430815,14.1469130414522,15.121913270096,15.2311397318356,13.9487963330877,13.3541050865161,23.2555562363225,23.5018551229902,24.1879428871331,23.927411193317,23.1376552860908,22.4560171369529,13.2598690747706,13.8074232903785,12.2793078865551,13.071381303953,14.1116178440012
702,31.45163992595,33.5457225705659,32.9863491135136,33.1637340243643,34.5053053960239,33.9082351717837,65.9207066524135,65.1816480040482,64.9515878162413,65.9996324932746,65.5223152660151,66.346776500747,57.8298060191209,58.2326546746465,56.7614980652849,57.4044540226854,58.7658071900628,57.2686660154708,62.0984361173145,61.3836242905689,60.2003654710257,61.4737760693336,61.5395837142792,65.7365783035682,65.0693015208195,66.3507209346607,64.9261025130891,65.724778361866,29.4328712994173,29.6294961391405,29.5540435685542,30.0946005539742,30.2027529362452,30.0703990710631,inf,inf,inf,inf,inf,inf,68.6813510076717,70.0310182760636,70.7204619065403,70.8437154112809,69.7486413394771,89.7646402540358,90.3001917571706,89.2032108132015,86.0214395050425,87.2297689798217,89.9997492116279,60.5347391052849,59.6864917840713,61.264029484769,62.0659885084211,62.1884313920066,60.3097442682605,25.3239241260277,25.0001419784949,26.378366192526,27.9139900779814,25.0788753619496,24.1328587910204,16.5541634776731,16.9948997383465,16.2520763840799,15.67655835589,17.8592918064323,17.5391198011095,42.3374101576134,43.2551564495001,42.6113012606919,41.5428680026711,42.3042093802536,23.160477802479,25.4777697887447,24.5444978385781,23.1098386315145,21.9177811994944,7.75979845160442,8.27916047845038,8.66659970138953,8.10326897149289,7.04587717729369,6.97426244134348,13.3458698408124,13.5643861669985,14.4072255183911,13.7229807978961,12.5945688707058,22.578022788008,22.7621350031593,23.4911058614245,23.3255693222427,19.2963396896985,19.7148974865688,12.8395866634001,13.0096080662948,11.8356773777746,11.8504036746046,13.7027374456042
703,29.4215366256284,34.1029701191048,32.9938704056239,34.3044293467799,35.1294489629031,33.7563932106373,65.1307435923437,64.4681113322214,64.099817367872,65.0496669801476,64.5323216800111,65.770958009208,59.3293865631719,58.6254815613534,57.9798848727767,58.590816662288,59.8919917621409,58.6372747059116,59.252926147476,60.0233149115577,59.14659738181,59.762120559379,60.2778889361425,66.4360747254392,65.6119938205887,67.0545797407328,65.8882559203939,67.3016792997841,28.6244152437679,28.0520212194383,27.2484187828203,29.6165958820315,29.4510386941518,29.0981800695715,inf,inf,inf,inf,inf,inf,67.7027287553724,68.6384959295777,69.2058890376921,69.125155644291,69.0468817563811,89.3936226087266,90.4347455019688,89.1988582217103,88.5480693987689,89.7454578425159,90.5010546716539,61.8820755932386,60.9443207405066,61.9150606195618,62.627662757391,62.5733102626102,61.8434411789128,24.5561516145155,24.5026402169628,25.5146790818617,25.4819787461458,24.2393330587607,23.5039522158702,17.1923551585048,17.3369365913265,16.3622138176429,17.0001549797966,18.2011555021734,18.8346986401419,43.4088130246123,44.2569159567997,42.9617029046858,42.6076960184906,43.3058704613673,25.5825107310053,26.3934963232696,25.652607373395,24.1733766020315,23.1863706412576,8.84693584394238,9.33951708024615,9.7707145641469,9.33648070532914,7.82085819127392,7.99411821527035,14.3677233187161,15.1459707009013,15.2710890294768,14.2404483773471,13.2105632783139,20.6179798335349,22.4145113995144,21.9150401587354,21.1322802446444,20.3007006871937,19.7844704478159,13.7061349733854,13.8783019289709,12.7058669683442,13.6576610072315,14.566287827407
704,30.2536120555213,32.4817433039872,31.4387362124787,32.5947325164913,33.8756910825393,32.5436407864916,64.6121700350291,63.2894932216624,63.1454781045473,64.56275175196,64.572111718212,64.217983276153,57.6901619600518,58.3789684926226,56.7041809527493,56.9976846145929,58.2544984924264,57.4110875123412,59.7087032614164,58.8766589299003,58.6361270599855,59.2266388617967,60.5219813354355,65.5041730944852,64.7294823555799,66.2908818145645,64.8050422289118,66.2792659956707,27.8984583194164,27.5034262266368,26.9755405224522,28.7177786917596,29.0620308790926,29.4180435759717,inf,inf,inf,inf,inf,inf,67.8974520158269,68.3396661698708,68.856869265785,68.7397126362582,68.6577123962359,89.7911727251322,90.6610457809326,86.917862309922,88.8626376245767,90.0061402413907,90.6889033890325,60.3276537309357,59.8784935692601,60.5385474946275,61.1264070858508,61.0083696502617,60.2496163935774,25.8354570394797,24.5855984461032,27.2326425384759,26.7893285010944,25.3406031606995,24.6455997525039,16.3590264628645,16.6989118412723,15.638062870928,16.0610137514196,17.2380854903377,17.2362328568975,42.2850102842443,43.1912203626058,42.5030184493459,41.4476314654917,42.9719195880373,24.8740934887247,25.7872730310463,25.9263052126135,25.2616509737693,24.7946898526216,9.82003489317799,10.0935666159374,10.7748558189148,10.4119336814706,8.67043454095272,8.91399612698573,15.1552227463189,15.7381086217005,16.1460599935073,15.3009115199912,14.241298017296,22.8687900311909,23.6477007674978,23.8354687683924,21.8725744076611,22.449467507737,22.0044293667176,13.5167192023543,14.3233693772918,12.6243365935106,13.2851045999749,15.147567319474
705,29.6791337284237,33.0761974048194,31.9496761502449,32.1134565347315,33.1741635165944,32.7679544707485,64.9963072246106,64.3487180762549,64.0265518916849,64.9601552933897,64.4560005269573,65.2071918312361,56.8876670985232,57.5244391744008,56.3307190265892,56.6825018277377,57.5349781081696,58.2821438493158,60.118537755541,60.9835256418359,58.9841296901526,60.1565635320602,61.4560210796828,64.8300587368245,63.852606467512,65.2527144176808,63.3978225984953,65.157058992392,29.4609452621599,28.613947083941,28.5405683242108,29.2105488579338,29.32172743564,29.9104831527997,inf,inf,inf,inf,inf,inf,68.4042087004575,70.1600983814063,69.763422780779,69.0641594479147,68.9269479222488,88.7070338547457,89.197875267335,88.1090057571794,85.7783214498712,86.2821674246591,89.6326278636595,60.2458158100491,59.3055857796062,57.8777614097787,58.7416041658775,61.1607739547932,59.5350050737733,27.6180784432357,26.6591803059557,27.2930788218672,28.3050700890448,26.8315259473519,25.6359044804584,16.0735223920654,15.8912803284226,14.4161802773607,15.1528760679063,16.30918192501,16.6712081043044,41.6954121908113,42.6061725839056,42.1820848583802,40.7092955789167,41.4555685200748,23.7861035669662,24.6178020148338,25.038245571925,22.929570255448,23.0214614666746,8.52096409891196,9.52733895499592,9.47180680200603,9.0407646058298,7.97403862050421,7.62739653859414,13.7045865643644,14.2386501203554,15.145281814983,13.8318795710552,13.5615472768,23.6466441833621,23.6407701279824,21.433501908428,21.0090048994177,19.513390801135,22.9439962335993,12.3943268808613,13.1844241548533,11.4762521609051,12.1323772524084,13.2247895030445
801,58.7929572528071,67.2170226474983,68.6607062587042,68.0720427491783,67.4267072928438,68.179291851062,10.9692212156273,11.1092424168052,10.6560146390121,10.2277513299768,10.0467057858579,12.0711182005236,39.9653051142954,37.5474363448082,39.5447668810687,40.6361891613994,38.7683412569938,39.0739598325963,22.5114564417301,23.2910781938266,23.1233557521751,22.4085380063003,21.3642096657374,87.5325711422656,87.4619920560101,88.4861516512991,86.6602471365627,87.8091245833171,40.5025072512519,41.2151678650055,41.4753977971495,40.1760999453544,39.8082592874385,40.1058249109882,inf,inf,inf,inf,inf,inf,0.90427158049157,0.943641914450513,0.971547041337729,0.885888000317443,0.879139223476383,74.0439060972669,75.0024409096902,74.4676136375696,73.1191380069962,73.7436135881122,75.2327408999501,57.6701883098495,57.5942871695475,56.7352988677676,57.2007608802451,57.9553265974222,58.3987522818852,72.1360732290144,72.3347112489415,73.3048480000978,71.824073377141,71.3748778289651,71.044373426077,67.0126683968964,67.9908449586275,67.3329728547584,66.0930674296714,67.1768908386372,67.8436565248872,92.9893244714569,94.0237715557615,93.7829507188105,92.7871747063709,92.3884702382109,89.4265165710081,90.1059483695876,90.7764191614488,89.3878158469843,88.3190966494334,77.100082426576,77.4889773310791,79.3167784457041,77.0829923949893,76.0727680423371,76.2871500788767,83.9209850205993,84.0607698416718,84.9736926879221,83.1737087798283,82.5290140320046,92.3157357940909,92.7016259529274,94.5032000688939,92.876566565959,92.0520120133118,91.4857937764006,80.7830998676183,81.8526444097901,80.3589789336426,79.854626903776,81.3285659764617
802,58.9417741717791,68.1547402454063,68.1826666747458,67.2227992956753,68.5236609348534,69.0677267988872,11.4823865343482,11.5109306794438,10.9933278233801,10.7534411522075,10.4669753706618,13.4956064114205,39.0949207154952,38.7440633605911,40.6627082388786,39.9759207220323,39.7550884914906,40.3220194642305,22.9816481616569,23.9564453891326,23.2267885398691,22.2284941184257,21.7224071189298,86.9044432413965,86.6317033347816,89.5570039805127,86.0299746370988,88.4866682737587,39.8485261124421,40.4253414875028,41.7354884425717,40.0422393065122,39.2327089501404,39.3550937161255,68.6061981345604,68.623192605236,67.854500363231,67.9021893726113,68.3545433717612,0.904026619762293,inf,inf,inf,inf,inf,inf,76.4578390854306,75.2384730629284,73.9934960279367,74.9392918451771,75.9707499519619,58.7017470960322,58.4517921667891,57.7750921680664,58.3513232897189,57.0069400688401,59.3986688250552,71.3444331161723,71.8065278280827,72.4846444292909,71.8948452180099,70.4634553470556,71.698506242072,67.5338883625405,68.4069096139878,67.5390629329852,66.6415638712468,67.9504796020532,68.460149465795,91.8596152071518,92.0022938371584,93.1707511553885,92.8278361514827,91.4267905987853,90.1794939506122,91.0733509350303,90.9299790140426,89.7463626898455,89.172737837819,76.8283514631516,77.6253360780318,77.7996222552152,76.9952895380516,75.9266173615351,75.6474747137064,82.8119569679848,83.4500986952942,83.8068853033421,82.8004676659565,82.3534928369381,90.4658906237969,90.6642245050222,92.255543963335,90.9367882579119,90.0570715159434,89.8092071486437,81.2207028338116,82.3527769030079,80.5376434413038,79.8037001256595,81.3235058613913
803,59.2960720701415,68.5866835318331,68.8341647764062,67.5824782471754,68.6861642696933,70.2132021431553,11.7426000015726,12.6329047792989,12.0586581156425,10.999986925649,10.8448652077229,12.8264735039068,40.7645661612004,39.8782867183992,40.4731128639857,41.57777371123,39.7259486898959,39.9047760435238,23.4646940667152,24.2287054190893,25.1109776405662,23.1662014047285,22.7662681305915,87.7746495646256,87.7411604362471,92.3813822537058,86.9115982805657,87.9466830739806,41.4752260400009,41.2527362345243,42.3653207829569,41.9757257586771,40.6913486029967,40.2872523061649,68.7092867366037,69.9713616701031,68.754917006656,67.7872111161693,70.0257560949688,0.942265981646666,inf,inf,inf,inf,inf,inf,76.0738628397558,74.8648660449376,74.4350271142277,74.9365144447829,76.5409060112638,58.5058341790864,59.2063871080895,57.5850825711763,57.9428934429646,58.7149467150321,60.3372069658064,72.2326883092226,72.6812878737208,73.5909666565991,72.6866929316567,71.2021417244831,71.3479716385265,68.0438686246987,69.2121619707635,68.2720484810828,67.1269362721471,68.1964736878496,68.8697101705405,93.4295642458713,92.5886474398976,94.0234986772854,93.0078676061226,91.533490481316,90.6291520158616,91.4681012529732,91.9617661418505,90.4380069102276,89.6245558254783,77.4492435744478,78.0817308761952,80.1802801646338,79.3282876908465,76.6786888967263,76.7683466874416,83.4944428646218,83.6764253600719,84.493003359542,83.9335232112744,82.8090290504517,91.9131300238435,90.6816947154739,92.8374340471822,90.9735046014146,90.1282711406922,89.8220917671511,81.5109336909625,82.8203595081377,80.5259656455379,79.8730726029381,82.0192040965349
804,58.9550590159335,68.4318590300114,69.5221638734835,68.092770620828,68.3992639774153,69.807969777585,12.2633736053287,12.2001692344517,11.6741777756649,10.8111487826727,10.7701299327222,13.4104657305187,39.5793921161384,38.6025704446824,39.6008285392626,40.5429726472269,40.2000547655024,38.8838246907267,23.380910636199,23.7954673748902,24.5665488087816,22.631910209493,22.9459160734305,88.9754219511924,90.6557776782044,90.9090195578433,90.0697909933454,88.9834368579283,42.2397219342822,41.9295230348972,42.2973208805051,41.6373621521311,41.4426680586861,40.456794387766,69.8802274215002,70.5532849615373,69.270724805469,68.2992064804607,69.5374174944227,0.965509737140973,inf,inf,inf,inf,inf,inf,74.7818353227076,74.0294359258814,73.7701302914639,74.0704224404398,75.0994696681979,57.875687936646,59.2530435342968,57.4590253176795,57.2083575943045,57.9821808524959,59.2288229133315,72.4799438255121,73.4745409551179,73.4347742724514,72.5967133173174,71.5990692333863,71.544583762066,67.7821161126594,68.8059395570118,68.2132261942502,66.9456268052711,67.709363263279,68.4729930072619,93.875799256374,94.6437714087136,94.651104488878,93.8669856266654,93.2797504988547,90.3689342342689,91.005229871513,91.6430574146485,90.2741482164133,89.0153404474383,78.9711219746846,78.2546055211753,79.4656152547765,78.6193988555668,78.1135765854966,76.9923726219335,84.3230353335891,84.3906720356744,85.3327658588674,84.5999967202573,83.6852158501359,94.1222984281626,94.1158547443462,94.973309452617,93.377241644629,92.5163291141782,92.1839315043304,81.867875303224,82.9253649672681,80.7571298692294,80.5067758601746,81.6854583021119
805,58.6941932622585,68.2502411601858,68.1939503931865,67.3133891580211,67.5735543618027,69.1640725984685,10.6828312908314,10.9917121162395,10.6395117745689,9.9614370174529,9.96247675917946,11.7134201604974,38.7324118672833,36.8703652418892,38.7351722987154,39.672500550136,39.3973283268242,38.0118527259198,22.5728100415271,22.9809377883572,22.74505132815,21.8147059834878,22.2069086470225,88.1614206841314,89.8487296011802,89.1258717279934,89.3130122607167,88.1921850661386,40.7557781395815,41.9391743143458,42.1644409244355,40.786735732088,40.5745334677585,40.0892278333689,68.981030856719,70.6750249250482,69.2041680917416,68.1846911964315,68.8755523083893,0.856181914196277,inf,inf,inf,inf,inf,inf,74.7258572006152,74.3897639829583,72.2564389236908,73.284233909159,74.3053755339699,57.0643204604258,57.3188489489723,56.6869300625308,56.3987500852026,57.1725396726204,57.7923090790269,72.3477333830627,73.6565679125933,73.2934320207476,72.2268470747277,71.5441021926833,71.3461563650953,67.1180430379198,68.0756046606274,67.7020305964191,66.4054229820322,66.9139338780787,67.7084363477148,93.3025796215961,93.8825041717644,94.1197148448261,90.0040233573391,92.5673985522174,90.1626750877908,90.6226759464023,91.4834114350826,89.5336331526477,88.4779763233052,78.1871448935916,79.0813679058729,78.7989665698656,78.0156523932005,76.5594503585726,76.4454576653748,84.2757416684799,84.0895165815174,85.0053253212979,83.7933129318055,82.5437921170047,92.7160994137465,94.1641046559132,95.1647645279615,90.4994592457603,92.4066267208222,91.8735304815862,80.6383445893893,81.8378696410718,80.1852671270806,79.8097850966776,81.6310429069223
806,58.4330286769511,68.1148118696278,68.0306070625374,67.1938567562095,67.4210252734002,69.0173226251878,10.5116274722855,10.8110761345666,10.4556735295909,9.78563656932396,9.7790522283164,11.5532179776615,38.5758065384587,36.6759749768832,38.5327280126643,39.4887157551797,39.2670360757058,39.1854084925481,22.4384534506449,22.8059795781714,22.5823914951973,21.67379130096,22.1126256866921,87.9910583541437,89.7012876072814,88.957001765986,89.1992123489393,88.0593736951259,40.6002862133275,41.8862760870007,42.0859158075907,40.6586787246771,40.4547347037375,39.958100775121,68.8724484122577,69.6314386173324,69.1210382372589,68.0966539773164,68.7359580721413,0.849954327021132,inf,inf,inf,inf,inf,inf,74.5683073861867,74.2126005751352,72.1380379083194,73.1556463644681,74.1692494241777,56.8928723934268,57.1675171955548,56.5659688413957,56.2495423474745,57.022066811083,57.6219243350165,72.2325506175224,72.5067834480204,72.9145202148499,72.0614180750905,71.4478261210323,71.2202230355253,66.9416786267548,67.8963463610076,67.5473916855171,66.2557718955619,66.7322565275292,67.5245142605019,93.1261288790907,93.6993080833215,93.9670074365461,89.8233063383073,92.3857642038574,90.0062551530452,90.4430771020056,91.3279304266793,89.3624004467975,88.282420299429,78.0037155119968,78.903041369223,78.6206074278499,77.8517434467412,76.43464766359,76.2909634099018,84.2109680718438,83.9716231319892,84.8241067845701,84.3802260970398,82.377194514785,92.5932020988473,94.1234112544771,95.1456382552329,90.3188782476776,92.3331918585402,91.7633036668333,80.4639436148452,81.250853544315,79.9959107912757,79.6244543982413,80.9047553819893
901,60.7925816960247,53.3334302185348,54.3916456021587,53.3200195203504,51.2808507594201,52.3866042455967,62.6393102708515,62.6619013140042,63.5980231989684,63.3329509568428,64.2109069080853,61.6149350420246,43.0512781345959,43.9371634050077,42.9850460235492,41.8436466623638,42.7546602277815,43.7189497663849,54.9419056084919,53.2639074915384,54.6661499591117,55.6053612641477,55.8017711341309,34.9651559667495,35.358483123011,35.0797112434413,34.3466317018039,33.9741428753342,64.5027655247775,65.7276920847323,67.257086000481,65.3366619380603,63.756123180192,64.6484808759249,85.8805221033357,86.4196925294348,86.4741950061305,85.6177838859741,85.2776346824496,74.0539861575721,inf,inf,inf,inf,inf,inf,0.954252537086518,1.0021592003605,0.974578068288681,0.966483396285096,0.955570015721144,26.748924066347,28.6191738659181,27.6044628071213,26.2059114502774,26.04626796843,26.8443034595849,107.094102992124,106.924528059573,107.055594615563,106.8612835364,106.70805393049,105.91663435751,71.6166450823883,72.2946890177043,72.4979760185763,71.4644994879695,70.7956342295693,71.555099401736,61.6171679461507,62.2182518828758,63.1399338935703,62.0983026794987,60.7866955996392,88.9062884212248,89.1274067382074,92.8099711634863,90.2024963014785,87.9027773707054,89.7143454577038,89.257557800243,90.217346967255,90.5982879719489,89.7718433856265,91.6564836369412,97.234943271495,97.0794413505835,98.166203540283,97.1471875663305,95.8015894441563,102.023969891042,102.821560935181,103.818453223076,102.494900459237,101.670494310403,101.168715600826,89.95543263512,90.9008844551963,90.1220253264878,88.9860141298698,90.007091805086
902,60.4072807860431,53.2654818876223,54.2778485803506,54.1060990234105,51.93439587175,53.4396381632572,63.8281744200817,64.1656283889927,64.6139768702657,65.1479591318033,65.1907672591696,62.8176614563106,42.9275561864679,43.959110409471,44.6134475368973,42.4070526122696,42.2176994379586,43.9777039244428,57.2902734461423,56.6063018176133,57.0857180211001,57.9928446358863,55.2754807840643,34.2671397269087,35.26757693893,35.150908166865,33.7902884834918,33.183599291532,64.9608449353559,64.1225959912542,65.8506403602972,65.1753068069599,63.5892313760893,64.4913979833493,85.6673380589564,86.0504417982436,86.4060094707477,85.5871646275405,84.8641116463052,75.2130492389837,78.1110693983231,75.8154034395162,74.7237812008352,74.7416298239754,74.5890733325446,0.946936640317584,inf,inf,inf,inf,inf,inf,28.8059929138476,28.5117621738504,26.8084123745621,26.6969104915519,27.3110552600745,107.850269751248,107.555334543626,108.515698714919,108.799826962555,106.363394030996,106.460367273653,71.8043854540856,72.2827032169539,73.3514642405321,72.5828974461159,72.1783583473007,71.4579093251056,61.5864079617113,61.6017352943627,62.3881898595825,61.4961152912248,60.8136143949387,89.9914628546482,89.9791865893989,93.0707287410304,90.4080912766123,88.8507085271042,90.258899035396,89.8160139703316,91.0908255069022,91.0938797571118,90.1393874278092,89.3279277931934,96.9133677417734,97.6532426136886,101.013166959979,97.7944890348675,96.7536730784772,102.417205534597,102.470071840177,103.293194588152,103.763674873848,102.465526133096,101.684723389208,90.0142631953437,91.6280359879028,90.2762845853502,88.9526214269109,89.87667926743
903,59.4517153466141,51.8561875619978,53.1388341012221,53.0178174171747,50.7892146622911,51.0467551431699,63.2453670192484,63.098085686377,63.5916787719794,63.9410096427719,64.0912846075949,62.3040048771638,42.3509151193208,43.5601217089674,43.3167072581469,42.2112681446867,41.8488991646965,43.1710259830401,57.0036142009697,55.1272128895048,56.5408083424832,54.8286737385512,53.8882188125048,34.1734152864807,35.1897790793738,34.139067885971,33.0819824818293,32.9014355927609,63.3233870933738,63.1840107555505,65.0344560869574,64.2163135768172,62.5661764507739,63.1004583123596,84.5658656144096,84.8656858365925,85.2879343288751,84.858192324213,83.6871565821032,74.613644824229,75.245169066284,74.5448404951659,73.8715278811573,74.3761497381862,74.2000561648985,0.994025680261906,inf,inf,inf,inf,inf,inf,27.2723601986579,26.6206385252716,25.834121056709,26.0011086831103,26.2311908485912,106.13835294325,105.844076440807,107.221288587698,107.852568691944,104.068179156206,104.920700691538,72.1021308962836,71.3159769073929,71.6387675200163,71.6288163369606,69.1698500113017,70.4999335228381,60.613114859386,60.8064690474859,61.4520174368716,61.1561825051557,59.7985634858512,88.394247041945,88.5608822295574,89.5122039957814,88.934794417856,87.4642146869353,91.6061392462536,88.7392922203562,90.0377828840573,89.8505710492852,89.0044806226439,90.8286796643357,95.8039123171369,95.4579217098205,97.7668033081718,96.6649526174998,95.7410689485573,101.318355926739,101.537886152818,102.240514454465,102.040936733676,101.400651150523,101.226424508829,88.8551474498324,89.9235613795876,89.1325529234943,87.7718337190441,88.8365356821096
904,57.9629725527748,52.2591574408679,53.3540064754874,52.4869573435969,51.1342492803728,52.4246530798842,61.8340602938738,62.5838655806422,62.3846576706777,62.5244053686445,62.7588202391728,60.9689757520137,41.3266393915879,44.074390450271,41.2837029164538,40.1170754466952,40.4155983585127,41.9842854646651,52.7818718206423,51.9067591921429,54.3744701320437,55.3529679823846,53.3547568159506,34.5983521537205,35.5893259997962,34.9554278912977,34.741362673532,33.6265925819141,65.6311604551996,64.7051629218881,66.1691248520451,64.2468732611908,63.425816443484,63.5442620903746,85.2414400497029,86.9727233913057,85.7587326035978,84.7378640068211,83.8357989090887,73.4289278765444,74.1448139187796,74.3331122918089,73.919400130117,72.4120364220122,72.3021948924274,0.969271621301513,inf,inf,inf,inf,inf,inf,27.2897866352164,26.4588813531299,25.6411635220141,25.7543317939282,26.6764071879229,106.752378018487,104.823618041899,105.775970183076,107.625616173556,106.295433294483,105.690308816474,71.2194343109481,72.0704927452932,71.9960901835948,70.7864524453326,70.6717199689859,71.3008711797535,61.9346498368138,62.7317855208982,62.7482051808783,61.9054536896342,61.1712888320315,90.1093974762646,90.4820726451731,91.6090436304778,90.302398853849,88.5745322447397,89.3126320369925,88.7390884892081,89.705810618044,90.0242930410772,91.9177210776886,88.7216798773989,96.9851074179834,97.1020432399177,97.9708166668103,97.5012098218798,95.3727463643903,101.31431154147,102.216663425754,104.953203219728,101.695116033403,100.849944349285,100.204930668095,90.6309897354114,88.8292523202093,90.5798383289072,85.8890785285671,87.1637611428397
905,60.3841891358858,54.2876388353446,54.4247791101994,54.1131001292109,52.008117255659,52.3185737849061,62.7104940545166,62.5749666820135,64.3445232771162,63.0409330077454,63.6230354825568,61.7518343028169,42.1291646323528,43.3277182333642,42.3791891895249,41.5250462252308,41.646474195992,42.9458934808038,54.3431760249143,53.0840425587388,58.5092748338756,55.0723796623722,55.0475231716006,35.7371796650593,36.7612224128579,36.6926696820593,35.2451706088989,34.7456017293301,66.7269397220324,65.8013261263873,67.3267728940665,67.5767234467972,65.9183783840105,65.6068541357353,87.9388725054539,88.6034461921479,86.8853754940528,85.8963498970518,87.5660489572405,73.8260127811856,75.1751184410586,74.599195801121,73.9326168467135,73.1471725012328,73.0267434501506,0.962529291224059,inf,inf,inf,inf,inf,inf,28.6859586044718,28.5138600264558,26.8667634193303,26.8544785843171,27.2605889962646,106.186743700863,106.146944221345,107.485278783452,107.558108421978,107.224474704517,106.606792634289,72.4562625099845,72.8626568748415,73.2987099908475,72.1524859920144,71.7012054219007,72.0253067951798,63.0998030345955,63.0634431927839,63.8783431251814,63.800126281736,61.6831909846339,89.7999066685665,90.135789707974,94.1195919979016,92.7713424935253,88.7400376229955,89.784168766573,89.6235367657459,90.6634533412537,90.7007176673837,90.0269094418818,89.4224375851986,98.0246590063134,98.0514712902938,99.0256000749531,101.125174014908,97.4040475819625,103.571638578104,103.53343498171,104.413584141133,104.831057195201,102.481984591626,102.111004870338,87.9427603426207,88.9977443155629,90.8933621317921,89.8780188497152,87.7375494766919
906,61.4438236973794,54.2738935341977,55.3665972270044,54.4546626638927,53.1661588970393,54.5311094510729,63.8093470011446,63.6674860072558,64.1761040461117,64.5022848016023,64.6466361009008,62.3321103807304,43.3361520206589,44.6908043290347,43.5579926343273,42.3097956053731,42.8525322846606,44.3309613199054,55.382767450211,54.6058242267657,55.344025972609,56.1062336670373,56.0773016157949,35.0748632442787,36.0384595231012,35.8583684958723,35.1456741586742,34.8719882143765,65.9438579410395,66.7458572602758,68.1262908445142,66.0658660320215,65.3611711219556,65.3626309706563,86.9083892296113,89.8428970494924,87.3292234572118,86.5901135977851,86.2776573444258,75.6206687549303,76.2067559490014,76.5565626020216,74.973763529937,74.1798107827682,74.0513964736524,0.95016296531197,inf,inf,inf,inf,inf,inf,29.2600986270312,28.3773399756415,27.5872242775207,26.9238033339642,27.64240185258,107.090492303844,106.627009994112,107.553478585554,107.981406642501,106.720003697129,107.177158347048,72.4552815207339,73.0302506243713,74.149254388142,72.3914098126437,71.5700821918115,72.2352396594331,62.3798692584546,63.0789272764799,63.2316651974705,62.4147694896374,61.5737590018637,92.67455469683,93.065894128098,94.1742442411187,91.5811276744749,88.9909828399626,90.5757623986742,89.9153320686021,91.2393151326,91.500470208775,90.7755843638216,90.1170213092693,100.647498009515,97.8913178997806,101.65003835874,101.106332327775,96.8883443290997,102.768677506198,103.804713160675,105.270185200428,103.95054506894,103.32046517427,101.954482391764,90.7764126170592,90.6582988942082,90.5993618120217,89.8135891625961,87.8823208064425
1001,33.1568406265669,27.3586938294298,27.7049620570665,26.4719421690081,26.2251096180773,27.3948982832911,47.085579243387,47.0747075870761,47.5961351382751,47.7780551655523,47.9989444629013,46.089678221649,19.977844452895,21.7717423409831,19.9442715485711,18.8282705963588,20.0239863215503,20.6468143149383,35.5060229319994,34.643038274897,34.7847403221904,35.7546759988094,36.0936959640301,31.8417195686732,31.7476000671383,32.7946066803507,30.9667639332898,32.1222089552432,38.4486186167649,37.5022019520075,38.9249761394987,39.8940964947365,37.895118860408,39.1127284876294,59.3660525956039,60.1715017841919,59.5500605411673,58.4967250254528,58.1973387655889,57.6902971923267,58.3916159338963,58.596117275583,58.1738744008034,57.3629401220973,57.1923264633531,27.2973873304283,inf,inf,inf,inf,inf,inf,0.952242217349117,0.926456406395649,0.911665856458676,0.725111336183769,0.744147843234417,78.3503380223659,78.8453932245073,79.6002342210192,78.8946857751557,77.3774544814077,77.3997834303191,46.3439387458266,47.1188264544271,47.1845564464287,46.069790784058,44.9179167020321,45.4724922777761,47.4248701518189,47.2048339304705,48.0044877756974,47.1852145309818,46.8415894044604,64.8624366381724,65.2279348627715,66.3609337208354,65.6325771895364,64.1940698218067,63.3017795872453,63.1461539622227,64.6466939183688,64.2231981605437,65.42523956615,65.0314659823771,70.7700978302421,70.7024143896831,71.7091891831716,72.306575102907,71.2725569781747,75.282329274383,77.2633398284305,78.3558485826961,75.8078000437042,74.9779937301548,74.4494523732027,63.6597243241416,64.6370544349192,63.7329211934889,62.6518739651553,63.8017931345272
1002,31.6860217951314,26.0172986940688,27.0280050376055,25.3646940896067,24.5055021346293,26.1487216458361,46.8726988357427,46.6419396991145,47.1255240101735,47.554833726532,47.6551131933286,46.0600786872247,21.3282378918926,21.1158185687165,19.6850686966799,19.3331762348676,20.0925136156142,20.7170471284932,35.6440584869248,34.8883373889407,35.5221900454165,36.3688605709814,36.5448887271164,32.2106676759734,31.8319657764552,32.4601211097998,30.5424250201951,31.0377658114963,37.9720704761771,36.9773189699745,38.2683384236533,38.8380712376037,37.6118856778535,38.7838344400802,57.9620414237185,59.0199243212152,58.292199990766,57.3055723551109,57.6562449383582,57.8944776984957,58.3844941413151,59.8730071213086,60.0565096963575,59.4980358908095,59.3554234395098,29.002828069564,28.8699380525846,27.3477476728704,27.7981710145559,28.953671772041,29.6534810297278,0.949786984652672,inf,inf,inf,inf,inf,78.5790071230281,79.0130233828613,79.7186300746716,79.1753765405213,77.7280884460666,77.2170721676586,44.036109889969,44.5082056217892,45.4262704149074,45.025771067892,43.104797122227,43.680089627957,45.8685338776666,46.367747836355,47.0197828713133,46.6841202887912,45.0582048886297,64.5195241076725,63.3658838150131,64.5981978294244,64.6696242928624,63.0777865552799,64.2090539643042,62.7322260849715,63.8218266935211,64.7117052196938,63.6431326223525,63.317645049033,71.6903807448668,69.7607711030254,70.6659530081795,71.8203660074626,70.8320435658776,76.1564059123092,76.1914238093277,76.8698687136673,76.4335781749346,75.559390994635,75.4254582934993,63.8012434381167,65.0825084282053,63.7481609946048,61.4682732280187,62.3785020824643
1003,32.0061563254021,27.0023960414533,28.0908995657498,27.1116477572901,25.9087659167635,27.7292165697231,46.1613382138033,45.3628410688919,45.7828081009892,46.854268397816,47.0803233245668,44.9779958481804,19.5508118079472,20.209463388072,18.9081616515528,18.6622119071432,18.9721206184401,19.6288728019999,34.5753590317246,33.710466548128,33.6416284387289,35.3161816924082,35.1667909760894,32.7701542285823,32.6303486925259,33.8310590633418,31.8942867814528,32.3311084508974,37.5523022982593,36.6397114625536,38.123488904589,38.3995129870292,36.9619955638983,38.1818546966166,58.3018131386577,59.1347585571091,59.4562344912123,57.5190773237234,58.0225184475381,56.7621620631895,57.462733483007,57.6771775783752,57.7024669220593,56.9392831245728,56.8295718745466,28.0692921308629,28.9286230031219,27.1229262282785,27.0432769826641,28.9832520654134,28.8454519551467,0.927114101540384,inf,inf,inf,inf,inf,78.4307695721911,78.5977366842844,79.4776332659999,78.8524767843668,77.3836010130585,76.4121228749237,45.5820476838505,44.7735784642359,47.2399234151975,45.9714905196142,44.7177220379593,45.4074669433493,47.1418731232345,47.4888083876574,47.9622833434541,47.6445762164998,46.1456716389876,64.6136446408941,65.0132113285177,66.1133358048834,64.7976451176213,63.1622657637805,62.9583685104868,63.0453664009009,63.9075078909147,63.6349712513402,65.2998342603252,62.0405355316804,70.7156466323356,69.7937334748772,71.7225512129566,71.0989949000542,69.9836043323528,75.5122300431245,75.6500936235143,77.8988485914143,75.7442724700724,74.9047779129774,74.7674571976005,63.8334351981085,62.8367366902907,63.6644465271813,61.7593245703886,61.0352067380242
1004,33.5128995419982,27.5194058760671,28.4304641692408,26.7689869655925,26.4399287947119,28.4560305121017,47.2467702350078,47.0358136903714,47.5094503100043,48.7382010472726,49.0470147582395,46.3477720491572,19.6068598222275,20.8606774689154,19.6856276311572,19.1118276118491,20.2928509150358,20.3351992529974,36.5475611592821,35.5239901712624,33.8555520692664,35.2599534023674,36.8319814176813,32.4182843728828,32.8522098117066,34.1585638348693,31.5819600294735,32.4913362453928,38.2324580569384,37.4020736783539,38.8996390814674,39.242007240662,37.5501874256081,38.7485876094397,59.4345668746305,60.1468246162106,59.9024950915572,58.9676881729669,58.2027887571422,57.3885195296351,58.2591658393365,58.211622808612,57.6202137300293,56.8061668733555,56.6624489710043,26.684960110726,27.2744372447543,26.3081656998306,26.1892768222509,27.3793613343367,28.017285591498,0.908236439859613,inf,inf,inf,inf,inf,79.7867770754801,79.804772511039,80.903019192963,79.2556599202465,77.8055300829798,77.8214459838371,46.4854518037933,46.0351525131088,47.273053713179,46.0596444042799,44.9240368540991,44.4686618748187,47.7707929473979,47.9024131752332,48.593251175417,48.3880702131033,47.5006809838788,63.591575247555,64.0077836792057,64.7089884761777,63.7357848336892,62.5076177272937,64.0352112731377,64.0534764527554,65.7344578322999,65.1926110900313,63.7176187479189,63.1291280623249,71.3984288293177,71.5816438692571,72.43137560157,71.8280022678405,70.688170881961,78.7023539708184,78.8230827977575,79.593448812484,79.5045372236153,77.9131074643543,77.6872195204021,61.5350547888737,62.6017959476176,64.0701052133984,63.1965661573318,61.4447020730611
1005,33.3384498938132,26.9244771642608,27.9680593642994,26.8281321112673,26.5933977096011,27.7572686361931,48.8081323989005,47.8070115721595,48.3048041014254,49.486028938034,48.8664618204437,47.0972898332842,20.5191498756711,23.4105941463455,20.5631792116443,19.3822892589711,20.1625526594259,21.2419903594412,35.352315991809,36.2493653973788,35.1853532742055,36.0427368990937,36.1675971663858,31.6489780260898,32.239257126215,32.6162748972715,31.7201938150315,31.7279926793686,38.884316228387,37.9890300087339,39.4967224105554,40.0040542344881,38.2599095209602,40.0268934835621,59.7128081820795,60.2864626466668,59.8728820500296,58.8712615125763,59.1866929396126,58.1429169166843,57.6414746795101,58.9864923472994,58.4047200012179,57.5906465717475,57.4455232749351,26.5644263863621,26.8199583787209,26.4725634568367,26.3036184036219,27.3896079932361,27.4243624816814,0.716701886061764,inf,inf,inf,inf,inf,78.6567901456504,80.0484797752937,80.6867936858316,80.1765280695529,77.8152130251564,77.6850484558636,46.3393120484522,47.0516776403144,47.2038411051463,46.1141558509599,45.5503030127392,46.3268539368898,47.8664546892328,47.7268601848181,48.5998336155606,47.4221109391999,46.8236247938262,63.6298222849291,63.9054982996933,66.582685863599,65.249238085885,63.312806103773,64.6533406005408,64.0796224096568,65.6078060110509,65.2439594288347,66.4934134083565,63.357948822283,71.3607665801212,71.2918897128641,72.3276574611084,72.3601805277273,71.3590320582697,78.2225218703809,78.8439804171645,79.7925642927269,78.639282797663,77.7974151840145,77.3565163047297,63.9598491500627,62.7370407870406,64.0731841575832,62.9926706836738,61.4023290174319
1006,33.1628500353042,26.9295237999525,26.9422969088518,26.7427014875509,24.9550774693156,26.8343163751588,47.766183512276,47.6945138729447,48.203661470552,48.4615452554395,48.6550679510913,46.7832153052936,21.3223102245922,22.4478400331559,20.4697712008122,19.3101439810754,22.0781071823533,22.2207133917214,35.6040194057813,35.9099871069944,35.2396961467805,36.2466516793716,38.1586308605101,31.0839143220426,31.7687010839904,32.0255721154462,29.8362265567781,30.4950255624451,38.9031032576138,37.9506980633513,39.6429511937489,40.4265390013345,38.4382504665177,39.6290968602253,59.3117710026194,60.0635634000151,59.5780911858979,58.5579304658239,59.2031764940436,58.770035685362,59.4731038050926,59.7029874873,58.9591865923649,58.4321823723481,58.2633225138434,27.2960747876194,27.3873886576377,26.3652944417261,27.1460051379333,27.5395446372011,28.0862123587572,0.733910053367824,inf,inf,inf,inf,inf,80.1641947733292,80.2680572285813,81.3123129105698,81.2504010351076,79.4696912256303,79.0188153044149,45.0630707523551,45.6932731625857,45.9717185783422,45.3560794975707,43.8588760257202,44.9260766616484,46.5556292467447,47.3101837286645,47.3154539492861,46.4430274013849,45.9255778517593,63.2316616320063,63.1666297859521,65.0632341484764,65.5707457602461,62.1351157221872,65.2809015379353,64.3757815634301,65.9345392358676,65.602940320045,64.5535766660753,63.4404114689084,72.6277486364153,71.2328702350245,72.3405019639083,73.7052856318224,71.8404466349381,77.7034287430644,77.9442432741056,78.6333478623859,78.3900080624898,77.6093874277648,76.9090855237671,63.1391638371741,64.2061981667972,63.3696186910644,62.0517583610782,63.1361757837149
1101,47.6920165288448,56.608911430564,55.8720831276883,57.1964712447754,57.643954917533,56.9395433259975,66.3193806947551,65.6554072424451,65.346787299096,66.3024410616436,65.8150379082487,66.7393013376985,74.5413008710886,75.1924775162003,73.1854589911856,73.6230221642017,75.2194431489784,74.053775948349,66.6829667546891,67.4626958690639,64.792863350983,65.397234856358,66.8199869715189,89.6901689948565,89.4840282373287,90.6208117873502,88.8132464937542,90.0737328669444,39.8442688552827,40.1953559996617,38.9217815640861,39.661591365583,40.6209928774637,40.350402929049,23.6841133550322,23.4720613551695,23.1051305342344,23.9982046933582,25.3158443308731,69.3874564416924,68.7977452718173,69.7354358067254,70.2862842879636,70.1754758182039,70.089880120704,103.767630837316,104.699699699743,103.458836803781,102.983066353005,106.220544371249,104.951482935059,76.4022464396945,75.4776746447595,76.4613232030031,77.268777990042,77.0841533552028,76.3279327467384,inf,inf,inf,inf,inf,0.905593015194939,39.9949426945882,40.5975561740914,39.5394946114125,39.6634293898515,40.9633411208867,41.5258914287621,66.6975527030965,66.3604098102096,65.196937193413,65.9001596948585,66.9876462695898,40.3151948385442,41.4924701012301,40.641140410447,39.4968831916832,40.0170161289304,26.4693338802098,26.6885433632748,25.1329647388885,24.7795702138154,25.619494369023,26.3444702700769,22.7606907125104,25.3097710628694,24.2556216761435,21.9074961043499,22.2658216170423,30.6631473790875,31.5309749779261,30.8942639286502,29.9109817082134,29.8717472466989,30.6321497682987,31.664604924612,32.1285397228229,30.5692129802249,31.4678948368337,32.6037736711841
1102,49.6090804165451,56.986075672891,55.8912096885739,55.1549340262167,56.9560004030143,56.9108647664679,67.5005197722744,66.7613229531528,66.5323379200789,67.5805532857165,67.1036744679901,67.9246953219964,74.4276268080312,74.8333597310972,73.3594602989864,73.4317102094891,75.1479401606605,73.8689833014419,66.7467784163964,67.9776061274982,65.2803653396955,66.1233609211929,67.7243618949663,88.9864860794081,88.4443922378592,89.6515171650533,88.1368262059126,89.5333559060021,40.213674771725,40.4079390181101,37.9214730435273,38.4639039088387,40.9825911207136,40.8522659592327,23.175432384289,22.7746207419407,22.7376745334675,22.5664769442981,23.8838235198411,69.8005466421276,69.3453011752116,70.6895649646487,71.3776738896614,71.4985205318061,70.410454908041,103.199901854532,103.73270671852,102.634963382483,104.833430576252,106.041071896826,106.64505224347,76.9382039045711,76.0906535079174,76.6844103986671,77.4852629434052,77.6053743755783,76.7120042075684,inf,inf,inf,inf,inf,1.31918940099421,39.4968960693183,39.7082339737513,38.6354881032891,38.6198351883567,41.0338318736857,40.578531786905,65.7298350904732,66.6473985526005,66.0019794432178,64.9340667949222,65.6988746425762,38.2226748503026,40.9691951838317,38.7443647454388,37.4171891959107,38.039698398503,25.2630386901206,26.1811489428083,24.3850981520391,23.6398181803581,23.8379081338309,25.1487882377655,22.2898745411351,23.2455842982825,23.0824307797674,21.5078472001028,21.768097736303,29.8086929306077,30.7544888801564,29.7825859686578,28.7583077569571,27.3862311225592,28.0482774794953,30.1944647934566,30.3598796686932,29.191123837653,30.4498106053026,31.057354992865
1103,50.0716479629032,57.782524300066,56.5080386788265,56.7783154784975,57.871430063352,57.626459894953,67.2983563947915,66.6217115897612,66.3397863407249,67.3028330179604,66.8163572447924,67.8020289654067,75.8613984825531,76.4102062175499,74.7358297853459,74.9007803556229,76.423799590101,75.2500262834188,67.1113667286168,68.5434763200399,66.6322686204826,66.6149735273271,67.9085515186278,89.9675028627909,89.3270558301958,91.1372192539995,89.152731432218,90.6180568597133,40.7808755571066,41.0512273445656,39.8581944571059,40.6111822826781,41.5395389975421,41.3022251990572,24.1188498171301,23.9117791342444,23.8203248091776,24.6607855824298,25.026008441515,70.3131146191756,69.735420842739,71.3946325946267,71.525610148631,71.3896752017688,70.7470465726043,104.873321203879,105.248274608272,103.940587937849,105.803733055648,107.537066059726,107.580994641627,77.3305213108592,76.4116029904951,77.2654425446433,78.1155413440025,78.8912871400776,77.2222831627112,inf,inf,inf,inf,inf,1.72995031439255,41.4259059098051,41.1568435011351,39.5865802495488,39.539272222627,41.6091894825571,41.3846710066619,67.0294510914095,67.929112552177,66.8387748172564,65.8029550209227,66.739744337204,39.9829982574916,41.6309021856125,40.1953120901012,39.1263709536508,39.9547877906793,26.114083141838,27.0576570160568,26.3347798303824,25.4914349078067,25.3782348893658,26.2067419051584,22.7285952499547,23.8471514747764,24.345673424426,21.7371648208815,22.4168526792524,30.7067174655387,30.8909568658862,30.7160311145341,29.8497463277646,29.0449337646722,28.3713665832147,31.3513537394107,31.3929979341612,30.3105240563706,32.320247133165,32.9395732011546
1104,49.3424112674009,57.4404211129931,56.6356732642232,57.1756459888601,58.4187329690333,57.8689743174872,66.9707366387085,66.3740962234192,65.9748407101202,66.836065255351,66.3096299477975,67.3641933799054,74.9468095644974,75.7106439462386,73.6933634210389,73.9363676082681,75.3238097640751,74.4050142741935,67.3008592137916,68.2895094122707,66.1864457082911,66.9348072305449,67.6661937113702,90.5600133858252,90.2386649913355,92.1677149520984,89.6895625684277,91.1861713369507,40.4359881370723,41.2511185984208,39.961806607011,40.0418632891061,41.7805051096498,40.7424986255468,25.1304625950367,25.6072418850094,23.9577646748296,24.6088543244509,25.998449087104,69.5325581093054,69.2049266902544,70.0979045184711,70.5117796753231,70.2090683668213,70.089326447996,104.825248442944,105.612111007242,104.749906008423,103.785501707952,105.295934997849,105.771910254399,76.9048873511366,75.9434761166273,76.7710296770711,77.5588036921942,78.3360901893595,77.4436776515108,inf,inf,inf,inf,inf,1.8773626877631,41.3472614618393,42.1811104170912,40.3801254506034,40.4825035852687,41.8211561686551,42.291216526808,68.0656233906784,67.2098642626226,66.5211510976104,66.7163270124797,67.687624504513,41.6515951304847,42.2038223740607,41.456644693936,40.1508680877229,40.1383464964153,26.5735101155566,27.575768181655,26.5817086061587,25.7252200028508,26.3341241603567,27.1189497838474,25.2705401080819,25.3555627778297,25.1809950422805,22.683535016725,23.2990206169209,30.9768632197952,32.842336283064,32.7317101615602,30.7112337415306,30.7512477315889,30.7960363489471,33.4733327763235,32.7274149443736,31.3530431320596,32.8245313535254,34.2299967506118
1105,46.6593565889712,56.7925481979538,56.0655697479307,56.4845777426356,57.6187669899823,57.482341276509,65.2718448993557,63.7125532813957,63.5650940697054,65.1079594992774,64.5690797866172,64.6734798085641,73.795751502607,74.2504484740981,72.4323751099065,73.1181240241454,74.5241308973964,73.0623677591747,65.8181400746845,66.6808482679531,63.4937775129439,64.8510870833273,66.813129434573,91.0513140399785,91.0458007238668,92.0157041110084,90.1916676439158,91.2202157519535,39.1202216882441,39.134226260543,38.2490456175075,37.865571590469,39.7714659837864,39.274559412111,23.2397358395217,24.0938314624317,22.5564834579937,23.3385399341472,24.4785009321197,68.9353909183588,68.2443969208268,69.1630479990777,69.7759914630464,69.7712898979651,69.7107064430435,103.406726066788,104.336014876576,103.243852667354,102.483837049866,103.607984249597,103.740719065828,75.8693810904116,74.9093903459442,75.8106722539114,76.5609315401845,76.5759346389435,75.924348184422,inf,inf,inf,inf,inf,1.1159078508391,40.1186913156477,40.8193191637725,39.8432466384807,39.3028122704533,41.3365542308982,42.0278519642161,65.753269752502,67.2231090178473,65.8427922809547,64.8294741180912,67.2087033676222,41.7920235415416,42.663167760858,42.0218503161394,40.9353647238097,41.8360221856942,26.104729286057,27.0480873489384,25.2907363235131,24.6420578824674,26.2760024926209,26.2148645965721,24.5350012439549,25.5641267481936,24.6303971604412,23.5326725524905,23.1841234084179,31.4494722407731,33.0008786615073,32.183346284668,30.7651611983387,30.5315313947048,31.2281977476387,31.6018571888276,31.1956650475553,30.6204587840657,31.4443492979846,32.1588558662871
1106,47.6905998352505,56.0510506304439,55.2364698642808,55.7415269305106,56.9276657234316,56.4766662595965,66.331226984888,65.6025537585617,65.2519230585303,66.3740288175449,65.5337082528561,66.8691805635119,73.101837054362,73.6872455836596,72.139306827736,72.2194071062634,73.578371937141,72.9387956612256,65.2732110971543,66.797515768083,64.1903897150391,64.8004511847294,66.3833873544256,89.0340387053674,88.1232111713471,89.9996796400277,87.684521416886,89.2051294216468,37.9281936752503,40.0291929455392,37.9440240775411,37.4652577402446,39.8890090330995,38.1561380589427,22.6584066371076,22.5456027085074,22.0272494731838,22.9189434646765,23.5340962691295,68.7111611358004,68.9506584255449,69.1856988986841,69.66171132613,69.4699046043478,69.3697505171692,102.540178602066,103.302811303102,102.360146200534,101.740266904975,102.962907483467,103.486635792976,75.8499891743656,74.2655170020241,75.0126057454156,76.6785254782861,76.5024961942208,75.6810557062625,0.881785283422266,1.6303874054648,1.8270815907931,1.75643789097749,0.994535251807997,inf,inf,inf,inf,inf,inf,40.2595545591288,66.1346481296668,65.6326291382689,64.8234667196614,65.5050906425173,65.8704088669649,40.3172653273419,41.1479057533476,40.5551755662934,39.1471448669848,38.5292698446068,24.5134587516258,25.9327474708367,24.3956145713459,24.1073028950578,24.0378291141586,25.7505498279167,23.2400701226208,24.2196821972954,23.5234739584984,22.551982117587,22.195467815925,29.9841416835344,30.9898475884445,30.9209257203685,29.1395493791604,29.0402279898742,29.9490344069719,30.9069143906752,31.5968312452398,29.9702876847712,30.5524853625661,31.7362836706801
1201,19.1786005713663,19.8363147348228,19.1622119971744,19.4402156390567,21.5757251827461,20.2197438752081,63.2935180955454,62.1258193488014,62.5320663583078,63.2727483838728,63.0708102544744,63.0348129473445,52.6710580209277,55.4427797229082,51.6989400302323,51.9393706817023,53.2132055600051,52.4159505475013,58.42170769512,59.8171644083509,57.3342880070731,57.9617852952688,59.2539344465931,48.7648199856779,47.9643300609108,49.4875917973036,48.1094817782837,49.5997359582854,30.2410772163351,29.4295444483289,29.4353607928085,31.0653637866481,30.9112223111509,31.0784417222968,16.9235993608938,16.67401408711,17.4741458822381,16.5625019818221,16.1265648527588,67.561717433114,67.9650445468047,68.4836003719653,68.4046874238831,67.7655921686747,67.5908615422937,71.9420710722242,72.1595770044802,71.5690779812102,71.7258426166467,72.7866434429424,72.7852468148567,46.8565580062819,45.3707333711146,46.0662702268724,47.667793906298,47.5281220627025,46.7429033781586,41.5289353553004,41.7133833835834,43.7700262587554,43.2909846811357,41.5832747124921,inf,inf,inf,inf,inf,inf,0.986015408960915,25.984102457626,26.8778636004824,26.1461043255525,26.2390485631429,26.5062037555635,22.4314391005486,22.6819358882627,23.6518474103866,21.7641388054215,20.4456766715336,18.0669407049953,17.8059813893351,19.0222788225911,18.6915868619555,18.2971708639295,17.1383679437454,25.133835082115,25.0208461662618,26.0853953604809,26.0578189681245,24.9445127533711,29.6743767018753,30.5760638658184,31.546380807125,30.1246762722264,29.2913146989018,28.8153452827735,15.8465259622564,16.8635856736418,16.451960390088,14.9366051280613,15.5064647178965
1202,19.4694016830267,19.8794560154491,18.9454507056234,19.7451067491429,21.1544744536371,20.5772462134262,63.9071164470172,63.1645319106262,63.2642676422358,64.0507724376042,63.884660594621,64.286931470509,55.6810750569524,56.1169035167856,52.2631621856417,52.1598667225523,56.4142991743203,55.1449543608767,58.3713160587597,60.8767770890343,57.2527058936534,58.8285965292985,60.1155093365756,48.7148165582058,47.6271239085426,49.0369033758427,48.0867817276911,49.7031529301673,30.8340999253722,31.0313225603047,30.8990864739915,31.6250736422163,31.4891098277406,31.7298555183865,16.861640621259,17.2398375527176,17.5465995535481,16.8242567032134,16.0532831459974,68.5260015672499,68.8125363501334,69.6772056117477,69.4081957889564,68.7432858777123,68.5639966844856,72.1969346492677,72.196903280074,71.2278539650899,72.1509646436836,72.0372061502148,72.9354382915992,46.9289914015943,45.1269581061832,46.2173946495115,46.7777753926079,47.5381392146181,46.6526980711725,42.4592781274266,41.6492992998442,43.2625952989907,44.3032483281975,42.8872855797492,inf,inf,inf,inf,inf,inf,0.834541258520276,25.9004095015375,26.8187336023166,26.3210606169041,25.2283214435956,25.7113173701699,21.2018803882579,22.6591195411331,22.8674665620485,21.5033454350934,20.1141939945101,18.2007258716473,18.1911481446695,18.724225662027,18.6137415506445,17.5477806618103,16.5250439861863,25.1533166002244,24.8070677046297,26.1391573656572,26.2518221278612,24.4227506121125,30.3506198221687,30.4805221558353,31.2549278091165,31.7741095095119,30.3488697005888,29.5925672326182,16.0226288208701,17.1074500937759,17.039894094636,15.2178826424547,15.4725395590947
1203,19.2208766190502,21.1794308805358,19.8815986715809,20.512047977875,22.2924045572578,20.8337615930504,64.4691535983493,63.8122694569037,63.4892471791446,64.4379364587441,63.9473620676765,65.0310437603347,53.1538011260566,55.586073432421,51.7953880809562,52.2471529912635,53.403134998367,52.5558136697218,60.7788331207023,60.4392051396163,58.018678352866,58.600213967993,61.4078819590572,49.4145565415594,48.5484372562533,49.9917770778815,48.9092955906848,50.3019876965497,31.280454474517,29.3913832998355,30.360531745178,32.1714021085041,30.7097248295108,31.9751400804166,16.1477381348056,16.6989919663865,16.7991795714487,15.9451753177777,14.506617004058,68.0244825730017,68.0824386332818,68.8436899254813,68.9820880850349,68.482366150198,68.3280115097846,72.8021755601059,73.5502297317167,71.9667373187975,72.4834150972203,73.6064228222032,74.3709814723198,47.6454338942123,46.7158004766717,47.693362167985,48.397659350229,48.331086962336,47.589012333301,41.6595699512175,40.8527687369562,41.6945622043159,42.5133919842537,42.1923778800919,inf,inf,inf,inf,inf,inf,1.63837793398624,26.9201855476232,27.7801702512557,26.7207678481256,26.1479856906325,26.7806235188102,23.2262106074674,23.4027661965752,24.6488359522211,23.1689536754714,21.5459709910403,18.1582618737281,17.5847460881184,18.5383401499777,18.6262851285007,16.7264599712322,16.342850666855,24.5044048696059,24.4836229433771,25.4316238375262,25.206714225042,24.1681089025536,28.9606008837022,29.3199729236528,29.9392836102543,29.6205299854243,28.7585727212405,28.1061803268261,16.2028577436771,17.8312861500587,16.7011461658965,14.7697058208791,16.005909408427
1204,18.3213377878665,20.1806779061248,18.6698306139448,19.6476300631002,21.1275155449998,20.5238415496777,62.3929464536804,61.6508083586223,61.457265456346,62.9891570059558,62.0510297981015,62.7642614509699,52.2469946061754,52.7242767536541,51.1861435427414,50.3012509526359,51.7546501623983,51.7518335751015,58.4271875857552,58.8913320141528,56.2801633082076,57.8313036620338,59.1262785373979,49.3348606520457,48.5716618121163,50.2096375493086,48.5016007222806,49.9257211560623,29.5383596867063,28.5843362045307,28.5339364464207,29.4124618677845,29.1734854289373,31.4338014263474,16.0857428831995,15.7909396635723,17.2891143064232,16.2788497265463,15.1992355483586,66.6726452494335,67.0860786922435,67.5794898364107,67.5863138308085,67.0857069673943,66.9405465244678,71.7899376163372,72.0494314102021,71.0908964339537,71.2935336101481,72.4807646999479,72.7225194584159,46.5909036235052,46.6013780111543,46.4778553049456,47.2458555365996,47.3101638545751,47.1595877977173,41.6930679687465,40.8053548814316,41.9734702075288,42.4440146415937,40.8575639220276,inf,inf,inf,inf,inf,inf,1.82926530388419,26.756095195649,27.6722579019763,27.0198302954424,25.9534400052327,26.7461927161746,22.7074816597225,23.1126946921865,23.824369785483,22.8516910108432,21.6247063254016,18.4930410386246,17.5782879934215,19.4166694972118,18.8948085644128,17.8280419263703,17.2991690724982,25.4398122597844,25.5953668474011,26.4695675832573,25.8735317004424,24.7341512291092,30.6899427755616,30.7929695478256,31.5796211325992,31.4854075040765,29.665883905924,29.4099757538534,15.9420935610706,17.0088206073716,16.3136157036632,14.8820751644829,15.8393817157158
1205,18.4321236526537,18.9338311380036,18.4190216916203,18.4614239823788,19.7560158757961,19.5682135844866,62.5546944606116,61.6209898025466,61.6828722202336,62.7347240442306,62.3812168200743,62.0948133906288,51.9214939976438,53.4825305466235,51.7228524661715,51.0560968313766,52.3651534001263,52.3039520324815,57.269361428817,58.2514091860982,55.5502115342536,56.8991978965895,58.1632165019315,47.8948449889227,47.1934894624762,48.8745377796496,47.1907546936065,48.6660256197867,29.8324514652919,28.9149805689213,29.8703965107937,31.7222061425039,30.3058726488782,31.5210630352301,17.9382908132007,18.1585906959874,18.1588682126295,17.5241160934559,16.4200656532351,67.7324250238231,68.4152650685844,68.6530031390113,68.3061649542463,67.5203762475662,67.3396608282265,71.1171577494237,71.6452462993696,71.5750461659907,69.5457636970218,72.0285197971723,71.8952338990615,45.4009078481456,44.4367620625341,45.1952252054369,46.0061110851497,46.7245732114786,45.5359729589169,42.9307194113455,43.4477730874128,43.9577223663503,43.8211139474878,43.421680173893,inf,inf,inf,inf,inf,inf,0.878045996045321,25.4613154357466,26.3818520759248,25.1367590194483,24.1830735697734,26.2209294331261,23.5863404106751,23.9881122202512,25.0860254029898,23.7703737304709,22.1349357117934,18.9916874179223,19.080578249005,19.9407514641438,19.6699917570024,19.0910275020175,18.0739066438593,26.5614648901763,25.875010428383,27.5687551889669,26.9433259640325,26.7678029515968,30.4668739994269,31.5471920492836,31.6167527274948,31.7980092274432,30.9593474003746,29.6347195349456,17.5960933441186,18.9056717870095,17.8143499808346,15.965460388773,16.5408581977172
1206,18.7056898104645,18.9873150048383,18.1194640478162,18.8208657847305,19.9968292321575,19.346850202942,63.2939834762015,62.5599466381889,62.5382970611144,63.5594283040198,63.2211264838548,63.3040856973997,52.4216947356065,54.7883044869248,51.5080016291126,51.3455284341247,52.7391502996652,52.2394733470346,57.3502145366255,58.2761869408813,56.2207036267927,57.0563791204584,59.060526824928,47.7819197314886,46.8873379873012,48.3440378808194,47.2573212277276,48.8686967592445,31.0658802857874,30.0638948085354,30.670753903851,31.9404839031861,30.6705488367249,31.8594241459722,17.6380599890967,17.6265302412375,18.7094269761528,17.4391213462229,16.9072120831527,68.3604804698654,68.8724486935691,69.2982518654044,69.0778210572741,68.3277298756365,68.143367838781,71.4540316361015,71.3737484189585,69.5214390039016,69.9033917364714,71.2016100476929,72.1364232564785,45.2552463342866,44.301247927503,45.186223242623,46.2610290723767,46.8055458846327,45.8820827618512,43.637624548624,42.7661296771777,43.4898359012087,44.4137686468052,44.302142722978,42.2025911669598,0.963204174573425,0.823245520089466,1.62700855259345,1.80804422038828,0.855697240085963,inf,inf,inf,inf,inf,25.4737864194792,22.7818865330676,22.9945168291212,24.2068036938601,22.8538823126882,21.1112236909874,18.9910904653503,18.6426684788547,19.6864737871804,19.4628687628216,18.3939478989038,18.1098403147435,26.9145421356059,25.6825483697491,26.9153697411934,27.0062842500295,26.0447520256002,31.2132856748938,31.2944623932138,33.1292509845599,32.6347260480999,31.7553148460497,30.461118712234,17.0323755841943,19.0402732384827,17.9681854608986,16.0554336943619,16.559413616753
1301,34.8118492535392,24.5915214182016,24.0087259638796,25.6492423575992,25.1663551995445,23.5879851819617,79.8759731506303,79.3881054294452,82.2050442467754,80.4597224942499,82.813047492967,79.4232902512719,58.6930835830785,59.1507734846248,57.1662863826732,57.0730530806253,59.406334666592,58.1784669708339,70.064108541696,68.5239208167665,69.6948643294765,71.12374133804,71.0160891826325,35.5438189672492,33.6343688424284,35.1938536041959,33.6176851231876,35.2593776078361,54.3894091766162,53.4337431712553,53.3625842428188,54.1624908866598,53.951644468176,54.3361554364727,42.382635289932,42.1653988860832,43.1140533254668,42.3161006381085,41.4565876199093,90.9109592716067,90.9622794053972,92.5362370984457,92.399630584151,91.1882193061768,91.0116617772905,61.5809899951804,61.5757979575264,60.6123745059916,61.8873171776444,63.0825266564435,62.318912027696,47.3477494135335,45.887472275015,47.1811569454892,47.9241281276418,48.0126007105663,46.7007453492458,68.1036427563235,67.2562265117626,69.4809367463585,70.5469501752123,68.0610912406478,67.3134729166238,25.5931382581366,25.4074891438093,26.4442553917869,26.3606519537242,25.0660188622904,inf,inf,inf,inf,inf,0.840019851375369,30.957651573256,30.9739910363054,32.7310324162864,31.7575571300265,30.0289219317793,41.0015797022765,39.8259266298884,41.0650702815506,41.6955839878329,41.9013298567751,39.7677149785375,46.0881970771201,45.6632253066045,48.4370918260871,48.1696013448344,46.0251532652826,45.0876600439112,44.1716329004149,45.0715054111489,45.9585579186128,45.6149621597273,45.3037103167264,34.9855400817713,35.3268072914163,35.9771711225705,35.1318962649345,34.1391085710415
1302,35.8198959029345,25.6222707589635,25.964643806576,26.679615672017,26.1533246489037,24.0865431431933,81.8459582809391,82.5606167661458,82.5499747865057,83.7313725243259,83.2740361618992,79.9891934165168,58.7713483464057,59.5277929969772,57.8248252674667,58.0430674195708,59.3076554169796,58.5761262947407,71.3020548777297,70.469561438336,70.6387203081349,72.0394591977225,71.9375197736654,33.6927475798464,32.6742443246235,35.3809867673424,33.4204050427538,35.2407658172257,54.3253230449091,54.343545705261,54.3194037606545,55.1003987812919,54.8733320048066,55.7206179649535,43.0935243246434,43.1174567991619,44.6099432361046,43.2482649059013,42.4013238043515,92.5015513904305,93.4858022238889,93.762278114354,93.1485820404635,92.397990088313,92.2147020143518,62.209245508431,61.6074421982259,60.8181704567535,62.6722636911342,63.0630671567274,63.0592756162172,47.2446448083525,46.3825358896841,47.5269037498943,48.0582969655291,47.8806645004762,47.4390378980849,69.3903513206462,68.3597345600705,70.401862805275,70.272517294962,69.9252388464187,68.0032308210998,26.4848075051951,26.3292048531541,27.2877032919238,27.2759801151804,25.985967525778,inf,inf,inf,inf,inf,1.48622819673403,31.7633495851296,31.3633366886641,33.0862040682091,32.4695099256013,30.7459415232999,41.9219670246519,40.9678641090979,41.9481652971553,42.6181922924703,42.7921811021938,42.1918683593225,46.7347418672638,45.9923389313315,48.5415860758498,48.9727839715867,46.9122821252704,46.0744773255601,45.1595397175396,46.9207178147896,47.1442331198732,47.1039050011645,45.7008801589067,35.9151979031264,37.4327551972782,37.3122960028746,35.3468529075784,35.0674201316188
1303,35.4309666076379,25.6695467617771,24.9759021778187,25.9930069544089,25.2731201112869,23.8097156135387,80.9354964387605,80.0880013642607,80.338556192153,81.6098926257599,81.8972624270978,80.3251402331665,59.5471082036035,60.0950667290853,58.5044611444494,58.999089486045,60.6031903209843,59.1196371461936,70.6840190428653,69.2648021193847,70.1068910783044,71.3618080991333,70.6613590307154,35.0463181568481,34.0410376780521,36.0352797739067,35.0369944378255,36.041896977739,54.5829130715281,53.641848060933,53.6932266495924,55.0350661911928,54.2907800787776,56.2699734490803,42.1306542515652,42.4092927750228,42.8814646128244,42.4848185200855,41.9224459904631,92.2637124554924,92.5154525813818,93.1354073588784,93.2047925265592,92.7072014802088,92.5568439654876,63.1176261736348,62.3832974117643,61.4561608404263,62.708654696871,63.8670072068996,63.1751241085809,48.0449889740969,47.080814940458,48.0154849000438,48.7543500788174,48.7555123250406,47.4872856882925,67.7525636124878,67.2371095530783,68.3119093243104,69.5368258129897,67.7965426732906,66.763905215503,25.7503153747733,25.8216461897971,26.1626190198237,26.6248107178942,24.5212422670186,inf,inf,inf,inf,inf,1.70468974324058,30.2205145803148,30.0518313360192,31.206195344334,30.9093311400607,29.5530996600512,40.1294867005773,39.2531048761871,41.2506982624479,42.0995301688444,42.0783343589563,39.9669617148283,45.7175776235366,44.950078266145,46.2321108654126,46.7062421895152,46.0282446221565,44.8077761696055,44.4551942580295,45.1808227155498,45.8029886647834,45.6131592266443,44.8111941756688,35.3256270325859,35.364654128142,35.7160372893118,34.526223553118,34.5427686744544
1304,34.360270123839,23.7366744699601,23.8877108765497,25.7732482760909,24.2922653379972,22.7433174123915,79.9108869771513,79.2467950211958,79.4093264117325,80.3339104036215,80.1043588811973,79.6513075237649,59.8250907960563,60.1212198410762,57.8672836475396,58.26841648935,59.4933118982987,58.9611392235984,67.7313747728025,67.5268864691133,68.5592648294077,69.9691071483301,68.7589134332757,35.7215539695421,34.7664194474356,35.5677975420668,34.6304449764509,35.930108079461,53.3238636930641,52.3209498550004,53.645527787449,54.1983059235008,52.8965382719765,54.1084181789656,42.0354708746849,41.7010274020439,42.758566124673,41.6804904828615,39.8018965915415,90.9443134406188,90.9284834844361,91.7995748679777,92.0834859656107,89.8522047084055,89.6705936193865,62.069253669984,61.4478300529949,61.1814798841181,61.8125682698145,63.806556598127,62.2821966437759,47.0781043370069,46.600403020267,47.6680912520728,48.519668980703,47.5205994066746,46.5603843976699,67.7085083234065,66.8459040625475,67.5757883401916,68.4994150202522,67.3566033317671,67.4423668548216,25.5674150420875,24.6614282414693,25.6274254494237,25.4376388813421,23.5325490848429,inf,inf,inf,inf,inf,1.42329985579229,31.0337635352154,31.1887437822169,32.4470716255881,31.4946764397194,29.7505393063588,39.2861118934738,39.8929766269675,42.3370061439619,41.6152113265403,39.8530052368949,39.0471418452644,45.7971290685728,47.2211659194179,47.9810639229157,46.6397472678565,45.6606353888631,44.6155276101737,43.0079911768429,44.4481492226044,45.4512244022118,45.5774636185451,44.9718999097376,34.8624935453136,35.1198511435003,35.8481135496335,33.5448624641474,32.9814234878591
1305,34.4923006716241,23.7401189528922,23.7833162203287,25.5920141438794,24.1181959376992,22.7245677365557,79.2492842167104,81.4564686849021,81.2803103564024,82.3340509156842,81.9082948898007,78.5965212709467,57.0929448173611,58.2421007735762,56.1895843621061,56.119600082255,57.5016222789585,57.0250438524972,69.6745710718564,67.9679560067318,69.5078600087565,70.3842860855731,70.7623094060497,34.7100898193606,32.8508828905637,34.3762162336451,33.7274352323927,35.6341338425584,53.0981745427638,52.1093007150994,52.615992967589,53.9492770227057,53.8404151000043,53.9439173965147,42.2160616417321,42.1671837489197,42.9693435016232,42.6144741631807,41.2474632656456,90.2805098992238,90.5209139262009,91.0490285412899,91.0978687444965,90.409526691489,90.2275448376223,60.7492601282094,60.7978797777207,59.7936223551667,61.1299816906839,61.6551785689759,61.5103396338492,46.7498251318998,45.0703253874122,46.1824600901694,47.5858056505915,46.9279236130876,46.0458232111945,69.4393374421265,67.5822251025767,69.1735246025593,70.1507248478238,68.4735935290722,67.3254511336546,25.9170541224782,25.2320777189101,26.3065374572575,26.3610658617224,25.6175546069549,24.9793153668731,0.890925750709498,1.39851209557048,1.80050260862321,1.50731366279428,inf,inf,inf,inf,inf,inf,42.3605340886334,41.4404092030094,42.0927739093709,41.7065552077574,41.4591674181733,40.7208357804688,48.4107029280427,47.376455868272,48.5013716789895,48.7594142018862,46.3871708922182,45.0076056676517,44.1629097279153,45.1866269640622,46.6548816177092,45.8256828087866,45.0522595783094,34.9697616097232,36.24604353532,37.1956156581171,34.794835454161,34.1261979916098
1401,41.3097346965935,38.4151634680055,38.1906243503552,38.7226774555783,39.479223029207,38.8252827293648,85.4202782208205,84.7780169855418,84.9530386425345,85.6458796261618,85.5061166473393,85.4824287581643,77.0450806879269,77.4469982477223,75.6726466844267,74.5927613389944,75.4548781452796,76.2644440312944,81.0065918311306,81.9701630410064,78.5686057980414,80.431666545149,81.9420650109576,65.8401444109468,65.5565364342589,66.1891757516484,65.6863707979351,66.8313916005876,48.1960457840833,48.3003674192604,47.2993350460554,48.1815523008034,48.8900244958767,49.5831443566659,22.8603772444652,22.1214601398794,23.857159172546,23.4325071563053,22.0002148331681,88.1064596689677,88.1589891865739,88.8907101048505,89.0814420750827,88.7048994746949,88.5818347659062,89.7974650793388,90.2939323510265,88.6320019833794,89.2647278390181,90.4680613910029,89.423801011995,64.2364740863628,64.0601445239373,64.0599383106368,64.8548401767362,64.9505361611724,64.7069647076017,40.1489953051834,39.2702615521131,39.9177877245592,41.8715323125878,41.2250018492992,40.2800982480807,22.3582719832975,20.927894345926,21.4464389372498,22.5088472252535,22.6340715704896,22.0039478499174,30.5624682924248,31.1914511606296,30.1584824762133,29.725168623209,inf,inf,inf,inf,inf,inf,14.8807268257245,13.9919688783257,14.9004244975247,15.8142024773014,15.5828877517144,14.8357585507052,16.2129383732695,15.1114878928015,16.2064198317393,17.2698580105542,16.7955002739742,14.6185749035221,13.6343185353684,14.361483364511,15.4029766308272,14.7192863901087,13.8574438722985,8.7414781765218,8.81290591650297,10.7685312004559,9.53412127513115,7.97306563694621
1402,41.8125045428513,38.4844299779037,37.0748014365338,38.2160765186851,39.3846487176736,38.0984169767547,87.3651085306052,86.8210839701096,87.1738916555458,87.9133017429101,87.8222170551954,87.1591162232471,74.532114341321,77.0116256212105,73.522838701305,73.8610810301995,75.1639145890574,74.1904408113892,80.9039842013754,81.1641908375208,79.8287457854382,80.4102114498511,81.541663409669,65.6061379355266,64.6368340375402,65.5276334619795,65.6813614965514,66.5923503535076,50.1683579677992,49.2458464156124,47.6250939975323,49.2690504183664,50.3108757662543,51.0856145631523,23.3743808323416,23.3021735406556,24.1193700132986,23.8453342675197,22.4221895026465,89.0287025691237,89.2020606934785,89.8852087748367,89.9715691485874,89.4495330285708,89.2913100251203,89.0814914895891,89.3404301344342,88.2486060842952,88.7771256084098,89.8910540143403,89.4796523213989,63.6198517030179,62.6861568737258,63.6889422219946,64.3855394625573,64.3112087266422,63.5645376216867,40.8992546564022,40.2430288501377,41.5287744443699,41.9210054772425,41.1123807069158,40.0897287479871,22.1540747220715,21.6795674065729,21.2845867483895,22.4996670388982,22.4216608759716,21.6374091149409,30.2219807619702,30.6548085571651,29.6100747499638,29.5488604648849,inf,inf,inf,inf,inf,inf,15.7402173950823,14.8265308823432,16.4431849062601,17.4297191817798,18.2160707634289,16.4932349227146,17.3520280250816,16.2785029605918,17.0798784916357,18.3043072832117,17.0176225778183,15.2865790736005,15.1117279530751,15.756737161162,16.2387011842079,16.1479047216388,15.4097832624363,10.4640886950228,9.59297690240479,11.4599849277579,10.4595490765031,8.92165687050521
1403,41.753055613113,39.4346261543899,38.3771505966101,39.7203228478151,40.496607381092,39.266676455573,86.2783496975236,85.6106316477293,85.4515412262606,86.4912283068448,86.1372999478982,85.2141218681858,76.0286677258909,78.6779635663447,76.891343101447,75.1107260353628,76.4329087257902,77.4930784149341,82.1156132898617,83.0529266754558,80.9819426173198,81.790214317709,83.0395118712465,66.7369981321858,65.7142862117706,67.2469201205742,66.600533115661,68.5468311886784,49.3695825641373,49.2294668697903,48.2163260899216,49.7123770396611,50.0666797857725,50.2321515546396,23.8386914017133,22.9056618269485,23.7374052866282,24.0643932061447,22.8843293819304,88.9632980607629,88.7275218231688,89.6123230986044,90.3068075160608,89.996783890187,89.8781861254015,89.6029873826575,89.6274421644645,89.41340462125,90.1764893640867,90.5293745624228,90.3405263910283,65.1245105647468,64.1595100039918,64.9774654952508,65.7698891871359,66.5441793377292,65.6459318886377,40.7444275579145,39.5627283191105,40.0288479126527,41.5942233731719,41.305242587927,40.7502895500724,22.7668868605591,22.0791173695486,22.3218700244803,23.4161342037791,23.544565937838,22.9003743238169,31.573314803167,31.8791756955926,30.7912393791895,30.5496239272917,inf,inf,inf,inf,inf,inf,14.952620623073,13.9959902633523,14.902088210916,15.6194739072146,16.6220604817106,16.3968256504394,16.2685602679009,14.6090155420917,16.0097525526306,17.2001510540606,16.2869313600304,12.9114752372832,12.6171700324296,14.4296071728542,14.6099080293601,14.6081108781637,12.8133391850542,9.52056884474005,8.85349958660261,10.4985044438599,9.97525400976022,8.54346579115033
1404,40.3107542873492,39.2037373095108,38.0862554684794,38.6409648464549,39.6665772206285,38.8641314447325,85.0853166624553,84.3683359874662,84.3958812401992,85.4022802316747,85.0831089938077,84.7602673065814,74.8111848076626,77.5498629219282,74.1310247184339,72.6762379872641,75.4241521553085,76.3997300208177,80.5740168774999,81.3958067461721,79.4393565703501,80.8186181841453,82.1175176755977,66.3855889632374,65.4031942920651,66.5655282719887,65.7724266781552,67.514929333619,48.1937757206312,48.5106289496322,47.271125559301,47.9830268552835,48.966938382972,48.6789935500128,22.0848041056215,21.6946696450595,22.6960165426693,23.4702216093325,21.1196376260152,87.6531915957552,87.4914261987298,88.4088351418063,89.2396328465685,88.580000255522,88.4360265712635,90.2664662569365,90.7334846755932,89.2175873697871,89.5051283902598,89.5021177596459,91.1804717972605,64.8782412482678,63.9475582293484,64.1855655600653,65.0454626634739,65.5810258864692,65.0086316171985,39.3109830788646,38.426712904348,39.0511254714584,40.0364925369005,40.3692476741014,39.6178031162491,21.4756204319767,20.6594500071933,20.7274082102392,22.6946538428647,22.7559733547485,21.4193941795168,31.1559904427098,31.9278724005459,30.8824078825742,30.2523813795563,inf,inf,inf,inf,inf,inf,14.0393471647966,12.4602281664735,13.141162838733,14.8775540943918,14.7354558299771,14.001880474344,15.2485142744111,13.8059294599589,15.2548042949252,16.2993638776036,15.8659137254376,12.7417942762528,11.8737709023303,13.4051483765515,14.4577045551397,13.741631997437,12.8091457998204,7.95073002210078,7.93039829308006,8.85718103545573,8.54346579115033,7.25794692502545
1405,41.0151361483476,37.8977399588834,36.2037046608292,37.0005175402266,38.1485577502318,37.3400178907322,84.5428911850705,84.0126511949868,84.3332883735953,85.096875684931,84.9946148391492,84.1954428471352,73.2889680398169,73.6353183657288,71.6023580583505,71.6140187666562,73.4723570139113,72.6787819383276,78.8331369799575,80.7231242889185,77.7287831343608,79.3349988609525,80.6143463655261,65.0190771768959,63.4405482391448,64.7464515499295,64.3113610873818,65.5071569697243,47.818238472035,48.0501767256088,46.6004788116539,47.1026815130295,48.5993653631069,48.4520751740645,21.9193451832807,21.248396376683,22.3936219920527,22.9520228979705,21.5436647151912,87.5163508293573,87.6716573427223,88.4724588071633,88.4373654435365,87.8621569572487,87.690782410984,87.9623730507282,88.5686199316546,87.5005775550053,87.3290486764834,88.8024903788816,88.915422052327,63.2106570531287,62.3591266813363,62.3487228818651,63.1686350765615,63.8511386058359,63.000368513357,40.1697163724824,39.3207888755554,40.5690912132642,40.4380488258756,40.7977526070494,39.3965936136858,20.2308849544969,19.6014574320152,19.4274458824945,21.3003676624276,21.0655031171771,20.4262876702703,29.771355594711,30.5265840397713,29.5750085233551,28.8607486757693,inf,inf,inf,inf,inf,inf,15.5789378036688,13.2046045798317,13.3743177765804,15.4710453690243,16.6074957760073,14.7734418485707,16.274461356005,15.1871420014011,16.3148382114476,17.3097672120417,16.838633582773,14.9691245256491,14.0506007172448,14.9502217996037,15.8360453273882,15.8579096466062,15.2034908489422,8.55295012962325,8.89258694762441,9.5431321847097,8.73073152272423,7.70900278174892
10101,34.7525861485766,38.1507223520416,37.4608293852517,37.5377612411551,38.8895547403599,38.1902487416563,74.6456729186145,73.964611725059,73.6937249882531,75.6575028983056,75.0941660525736,73.7843970050578,64.6704942888993,65.4406542060768,65.2881015914817,63.0410439352574,65.2087284969627,65.8266790103866,68.6251666678467,69.6749172400461,66.6815336886683,68.1585601937103,69.4486906130305,66.5672542856212,65.4505939713545,67.1630436619049,65.8042932428394,67.257664626678,37.9920230124332,37.6288700997987,37.0702660265966,37.8311444327412,38.3876090508315,38.9935838994557,8.59753519608775,7.83177392685099,8.97296178922809,9.83889304159879,8.49463305837208,78.4521864002644,78.0449685232286,78.9671905333937,79.7696101791461,78.9892424708353,78.8074365395292,94.3349444816813,90.0771681181905,88.0890467907986,93.423857101887,94.285688380699,95.1139739546434,63.4739358661579,65.8871535725768,63.1634526496756,64.0038976890289,64.6163308606834,67.6265376093901,28.3050229694149,27.4195226073016,27.9367143751589,27.7336295470245,27.267570258421,25.855546421978,17.7478172562104,17.9766902359421,17.4720370147504,18.1984947295157,18.6138691820475,18.71856187192,40.8543589333457,41.7725647462977,40.4558321904263,39.4701899553509,41.4737395710569,17.3709599181901,18.2044957677534,17.458981343655,16.5202198492322,16.4244532562094,inf,inf,inf,inf,inf,0.875038188179313,7.73463941318018,6.96259834422504,8.74261054598779,7.98608114000184,6.92032838640389,14.2255321263486,14.090983360786,12.9669172895705,12.7413037373715,10.9407050885614,10.8839277216465,5.93937802074478,6.73711298401465,5.1200586516998,5.53777684675643,6.68764695628616
10102,34.7746193589816,37.5149396501572,36.8841858150657,37.2465291884421,38.4218685591521,38.0564135203484,75.6568618317812,75.0230819504133,74.6062073908315,75.5060509603247,74.9669312188219,74.5717337757875,66.6752013182285,68.3473982521715,65.3127269460989,64.1910887974836,65.5191972954012,65.9410756402176,68.5336405692391,69.4013180930412,67.3817615910154,68.5416032265968,69.5114462630462,65.9051926363291,65.1243345762926,66.5622539685474,65.2883286057783,66.731717721165,38.6159337008116,38.2441742722652,37.329268993108,38.2563719124696,39.4627876667477,38.985982599566,9.26793903233511,8.43905466120582,9.49145180959527,10.1420908842986,9.37883745249267,78.8385479794431,78.7875285865732,79.595036040896,79.8135531445979,79.8802554928461,79.7039810720914,93.6731023321541,94.3952728670562,93.5144990981417,92.7962000376149,93.9673520388615,94.4085556727515,63.343974314103,62.3855679940905,63.2794337565922,64.0370896044208,64.0487711384981,63.3759974337494,27.7263202795518,28.3595174777895,28.8978324182861,28.6095022289462,28.2078528902102,27.2927949578999,17.5480078138835,17.7344774316309,16.7420606724712,17.2911268657086,18.7384339195733,18.0371082055309,39.960405211158,40.8367820974732,39.5315301959238,39.1398144846133,40.5504836080001,16.4588403441547,17.2621122894268,16.4944955886737,14.5205662721328,15.0342020518124,inf,inf,inf,inf,inf,1.36124065865884,7.45611541089602,6.83410245815739,8.43436912116738,8.00819508974201,6.8768567679649,11.1131062622146,14.3437897086428,13.0644653015868,11.5124655928528,10.6683717599253,10.2839808200061,4.82256108613036,5.60199031386192,3.98293651795147,4.53333131242371,5.58793804580676
10103,36.479851156577,38.7536706847729,38.087561059857,38.3529214683564,40.1337892691268,38.7704961236234,75.2245317896902,73.9371149883445,75.8508159063428,75.2121797023148,76.0797053718492,74.835458289678,65.6420480613066,68.5675958178635,64.6747226617562,64.9039502819066,66.1796914095258,65.39690564054,69.7269487166172,69.6965218665625,68.6383797695347,69.270820633461,70.562123027451,67.1343658508708,66.3383756319264,67.8684733301936,66.4753023351285,67.9645220550713,39.7617080745486,38.5935431955062,38.0034422609139,39.2297559169039,40.7127714040532,39.9386683832488,10.0089083066845,8.69843210263703,9.86990264399883,10.7507194695881,9.40764021902146,79.4311047276166,78.8726091568132,80.3571450254044,80.2598842478548,79.608774323106,79.4326144678283,94.7234598880841,95.5650727709243,89.8411947990497,93.8282546137715,95.0107996519322,95.6410704706734,64.870306771121,63.376561290973,64.0747956020454,65.6863502626742,65.5392684955276,64.7499784301214,26.1667689671401,26.1165977281548,28.1678917160378,27.5677656592933,26.2041371009958,25.1728244824862,18.6582582395182,18.1345144618093,17.8192754862694,19.0771063210436,19.5177493294479,18.9670044988823,40.9371239438349,41.8344462782415,41.1159466970871,41.0790205044784,41.3236954496596,16.3796344341492,16.8964273794932,17.3926361098419,15.2361922646385,14.0693849145647,inf,inf,inf,inf,inf,1.90378884128193,6.11308706939213,5.32555959324406,7.84347502965614,7.04695358950634,5.62685106520327,10.9514210316267,13.1796169357669,14.151388164732,10.9096952186803,10.1230897483191,10.2822926800656,5.66123517321815,6.05233769121313,4.7407560675943,6.00815383128853,6.42445610755626
10104,35.8261356884698,39.0306692973395,37.955490199059,38.394007035481,39.5625684713082,38.9575672650027,74.067246730207,73.3245228842074,74.2862443164367,74.747510154145,74.6822070584072,74.3986786948344,65.083114873392,65.6051701082918,64.0296156140701,63.2099065302435,65.7591454751633,64.629854111552,69.5297019424748,69.3805563395178,67.338900017139,68.9457191266313,70.2429110694701,67.5665443574934,65.8718535674049,67.4550577831498,66.6763729303288,68.1288825738244,38.0326638155774,38.1030758936051,37.6214583791805,38.2342757687607,38.7403843745511,39.7388823926477,8.835339611247,8.08748283075087,9.45099646111418,10.3947112358318,8.93824915927487,78.2655242837569,77.8238994495048,79.512102600236,79.4223617158366,78.8411072170914,78.6809718928091,95.1771332987582,90.8674512379717,89.7584876135851,94.2110957497959,95.1548874314933,95.9906268633556,64.453475246734,66.3426266098594,63.7955854394986,65.1388488234795,65.1703850399334,67.9083693174711,26.2847069802383,25.4130345546088,27.3068181684933,26.8720352297819,25.6989778098201,25.5546894053407,18.3209089879659,18.3376427105113,18.3005631660618,18.5419960996935,19.2437859058262,19.1401052172318,41.5874692311045,42.5070572151754,41.8931237334556,40.8137364044502,41.542487007986,17.0965427149041,17.7289718181432,18.1342613539453,17.3277217467393,15.7387283633133,inf,inf,inf,inf,inf,1.57998110535812,6.52981913866883,5.70279524428452,7.55124261732571,7.61469876202199,5.84894441200338,13.4499302195913,13.5065053036919,14.3266279284525,14.2614646622655,10.9459240225673,11.2320601989513,6.55516143074905,7.12257472327042,5.67264867665068,6.78568062346194,7.13976090817171
10105,33.8943954422091,37.864652387503,36.730283943661,37.743544163197,39.1086157840358,37.6062718153474,72.9214252286602,73.5400322096378,73.1835009017885,74.088935772065,73.5740249395855,73.2090076738202,64.0094860992159,64.5375625998941,62.4651620508283,62.0940096870899,64.7272498615649,65.2416290272143,67.2292307280254,68.150281973336,66.0999233268719,66.9241998014051,69.0052544058315,65.8575508557351,64.8499201361559,66.4464838077384,66.1234082159861,67.628823981413,37.5040432921919,36.9854130535483,36.5945567058311,37.1919975640236,37.651212470162,37.8943155998066,7.83100268525013,7.07459013516154,7.97367594957964,8.71190143564074,7.91536694613206,77.27973234676,76.7978316398483,78.2052916595135,78.9231048761573,77.9155581333966,77.7854114360806,89.4465568447457,90.0804967501311,89.0702813625833,87.8048780821707,94.6215806173917,90.3984459831741,66.2720718420989,65.3198603691065,66.2073889636297,63.6935442304904,67.8161080181094,66.8985721731554,27.4366324645964,26.1113672568134,27.1817355823,28.1600011158614,28.1523628086171,25.8844214626618,18.0646418560982,17.3223578894109,16.3761187387955,17.526487121096,18.8107332260995,18.1217148842187,41.6479379772226,42.5479209441071,41.925712611459,40.0788927465183,41.339752423248,18.0985619897354,19.2484782576627,17.6089200559827,17.2432404333013,17.2884228592407,inf,inf,inf,inf,inf,0.861185814319699,8.56722961483605,7.25101956228475,9.84991068299011,8.64015711779244,6.90796512409315,14.4695285000872,14.5403876304703,13.6196844920169,13.1064448335236,12.2269529613526,13.7267237028458,6.67569696200567,7.64430290243843,5.7715164697244,6.17396772630502,7.47523060620367
10106,33.4795972150062,37.5546741973598,36.4673266432967,36.884767287935,38.2559185849901,37.1413383581985,73.6944174931799,73.0112946231765,72.7520837914229,73.7306963826077,73.258875788823,72.7975083414544,65.5034485674177,65.8174429718264,62.1396556357449,62.5295480185804,64.2875437825312,64.6525895792429,66.8055094704073,67.5179141382969,65.8098226567876,67.7189939740627,68.3711544053163,65.5599262818518,64.6117377371859,65.3874329346765,65.2597250919158,66.6422230235268,37.1038035045049,37.3435204705381,36.1845060817841,36.991240167633,37.8482658590453,37.6707948812713,7.84698124502262,7.09415771646567,8.19602716975121,8.97638925209945,7.64484151812962,77.1020548140437,76.561384765409,78.2932306754533,78.562401447725,77.8241959324839,77.6667178534774,87.8586021342074,89.2884399162676,87.3829015816586,92.9452881660264,93.8528036798103,89.780737849819,65.9384254027015,65.037104650177,62.2846863008939,63.1295393726944,63.3473963732303,65.802755991179,28.1716387261053,27.3051053207435,28.0199491848435,28.9545790970238,27.4243537586772,27.9177567792925,16.8811450897064,16.3176660697532,16.0336125454299,17.1000898100207,17.7425694636244,17.8837024128829,40.0841142466838,41.8565272153121,40.3053733100796,39.2276807201674,40.5629498144847,17.3417959651352,17.4179728679033,17.5666818705278,16.4974223246579,17.1796734320361,0.896329606593446,1.50854547342861,2.13402341527981,1.63565185768251,0.886501162519207,inf,inf,inf,inf,inf,7.80247911502,12.9187035547122,13.2027058361723,13.8899693900918,13.6949455075934,11.7428184430621,12.0803258454768,5.98786286499995,6.89954892745488,5.21734487569715,5.40529006259705,6.93376162033837
10201,42.4127362536454,46.5436459047461,44.9126698818787,45.860983261659,47.1880586586397,45.8135797456626,79.8979001902743,79.156656151475,78.9449659341241,80.2479410615282,80.2170205586018,80.2823417250975,69.7740215471414,70.243411292633,68.7134862254529,67.877511962818,69.246955630423,69.2726377409357,73.929178021367,74.7678591135029,72.9487720545371,74.5752211133015,74.8432746056257,73.1128095714233,72.9520387432547,74.1276849802805,73.0188265674518,74.1080705998817,43.1411196395096,43.290088000256,42.7093206005661,43.2949579699345,43.8929007196639,44.4820541301386,13.5381316210511,12.8019893866699,13.9396451516036,14.4896276267524,13.1931299163231,83.3656649093564,82.6073224294583,83.5186244024144,84.1762621593499,84.2367736378509,84.1904451975907,98.5447122392557,101.200980144902,100.088354378454,98.0526473050133,99.241492608022,98.8361297350691,71.288782550775,70.9802937522329,71.1647273118882,71.9421756211505,72.0075371290112,71.5712408694733,25.1128958276728,24.2020483811928,25.3018419021431,27.2827904287819,26.0727302745139,25.0433612756092,25.3081349540654,25.1516626683868,24.3975931020709,25.4950992890235,26.6478876425841,27.0125665463535,46.6537684007783,47.2727293664074,46.2420888207491,45.8239485551139,48.4964016935342,18.0055943104264,18.8923888335815,18.3901581816762,17.1699100056463,17.987269447425,8.64342633189117,8.14703810788784,6.17633046698816,6.58909120593944,9.6792666422912,inf,inf,inf,inf,inf,0.880857128496016,6.92377694886772,7.96543271219468,7.60310762714472,6.75137533649679,5.97756773187642,6.45093083584166,10.5760584774635,10.5410177825036,9.61455674523891,10.9606407983483,11.4196961861701
10202,42.0248065581434,45.6578283495907,44.9952834378658,45.2587717135683,46.504554784314,46.3950835406124,80.4273127718267,79.188095772208,78.9889673442791,81.0902682967573,79.5506602623873,80.0699608849172,69.7835029803223,70.9802388929269,68.8244455464788,69.0323724130047,70.3124273597703,69.5543109665577,74.6326310486653,74.4360889363,73.5408257389495,74.1843642123082,75.4739666415286,73.0469243229407,71.5308834605069,72.8658111218224,72.3130493208975,74.0105064657654,44.5812089628562,43.1891666553284,42.524638888597,44.054131206656,44.7185214461225,44.764607235632,14.1774269484614,12.9226931724059,14.7854690209662,14.9970170149054,13.620194246573,83.1475837213478,82.9213423636071,83.6044148056688,84.0879672944841,83.9267595180928,83.8352597997166,98.287437363627,98.4894769224536,99.6127906943134,98.0993259467373,99.1422775863364,99.1223704101008,71.1481094312778,70.3079513747543,71.0140105570841,71.9716827292009,71.8123017305219,71.0146398726733,27.1312453030512,25.3877797710391,25.6483994721084,27.0412471016964,27.1550969465895,26.1247980774157,25.0870519762848,24.5523466940195,24.254638020437,25.5183004918684,25.9419312589879,25.3849033543349,46.1308508404061,46.5580105606556,45.5113170109148,47.3146120678387,47.5365579811027,17.0659611498659,17.9759730388135,16.3305941553895,15.7067397580608,17.0365052982201,7.02600886542675,6.87399178185504,5.25887570016109,5.50236262993377,6.57165829134679,inf,inf,inf,inf,inf,1.68519353437351,6.15010656374579,6.97000424651181,7.26744123885654,6.13639466714195,4.94236051597149,5.46560301984137,9.62066865025907,9.06114581933788,8.69051710752277,10.1963962058887,10.4447655917137
10203,41.4213355519958,46.943990884649,46.2640536925919,46.7217021028271,47.8698766180796,47.4460322108471,80.6628277870027,79.9460605844005,80.070616846813,81.0182739284613,80.7671340421273,81.6394440895435,72.973243857807,73.8686925386278,71.6124253054378,70.3250061717978,71.6526454165145,72.2444799908436,74.9580491783654,75.8145166809776,73.8052681102316,75.0966829459357,75.939577787782,74.1854556158568,73.17684782154,74.2109785063421,74.1379103736237,75.1805513115591,44.8781305965753,44.0757185213694,43.169863696351,44.5354061617279,45.7215032050537,45.264623021217,14.6180483233063,13.8698917816729,14.8410351759193,15.4930915694077,14.7104925452046,84.0832406189831,83.4072661571274,84.3260938606562,84.936190740538,85.7227893715551,85.5450605467041,100.360338663768,99.9854349954444,99.5843430165066,99.9510789274743,101.116459165767,100.757960883659,72.8265289249095,71.8704227180401,72.7739773779928,73.5273468386409,73.5294658132196,72.8448292502725,25.6196335873137,24.844556797392,25.7447188241486,26.4909852422365,26.1246487879039,25.2173726335909,26.4897919319261,26.0874953094819,25.5952285636146,26.7463997929226,27.5848674003551,26.8771968955937,48.1627511163823,49.3706262698094,46.786834949336,47.3295032396113,48.8246723877497,17.4294125319329,18.2156887026627,17.4251749747187,16.604386782423,17.6835481265775,9.08974548344722,8.6214187253545,8.19182631571379,7.15515512029008,8.53625809846605,inf,inf,inf,inf,inf,1.81418224806595,5.4801345815233,6.97327346888414,6.25135253279322,5.17842199694116,4.74566082862117,5.33998148187483,10.7635527796417,10.3783936807401,9.96263013282607,11.4479693657706,11.8480784326656
10204,42.9162282779733,47.4584530823097,45.8264767554359,46.7360665753293,48.1104519427513,46.5680923634941,79.9830072961215,79.3066209682632,79.0235714262369,79.997538939629,79.4977011477957,79.1403631056736,70.3055380140485,72.7275544247623,71.0513460119717,70.2270125696267,70.8702939304063,71.5672743853896,74.5794041803232,74.5358417558955,72.6182592117671,74.0823707884896,75.3764567269965,73.8913340208562,73.5703226232157,74.9777326826695,73.5634978905652,75.2306850162891,43.3858692423054,43.6564447546654,42.4631028893221,43.2117060166881,44.1451295464216,43.903617255638,13.4898545314661,13.2999341154563,13.8915426107467,14.7502886863498,13.3921224805349,82.5007712977718,82.3532481884011,83.853167660514,85.3329165938042,84.5258022309856,84.2048682182841,99.9296873429277,100.296879216008,99.1771012108553,99.5582976498958,100.249422734312,100.295493479547,72.3707486836325,71.4506076545482,72.2408975998879,73.0906987417593,73.668674618319,74.9156490664917,24.34488597643,23.4590665380795,24.0524206502017,25.0538001604305,25.0124427453099,24.1875825382725,26.1629889574967,26.3750117663145,25.3042564445558,26.3147578356558,27.0460334564162,27.1197304049269,48.9795907674967,49.6823645676632,47.1875973942831,46.6248108261107,49.5873834446366,18.4587483907793,19.3270067978697,18.6468207337014,17.6020262460058,18.4534035967387,8.15158845316426,8.12733731833107,7.20528216733529,7.89288571262348,8.91752776692661,inf,inf,inf,inf,inf,1.11425604828807,7.16485202195428,8.17389216768022,7.5368076201707,6.43555230673621,5.7874894476858,6.22697024827994,11.6592151866667,11.6668418787958,10.6279821465785,12.0606241328925,13.183783126091
10205,41.2207849609688,45.5502105669684,44.1505867059101,45.7866429314188,47.2975492004921,45.0466735247918,79.1551874473531,78.4257623348977,78.1440482831705,79.1804613428018,78.6821352783028,79.6668068868069,69.1808421168748,69.4473652836975,66.9327672723755,67.0208557960427,68.3727172535004,68.5097398495855,73.4294119460738,73.6176062702788,72.3386042818257,72.9605952610801,74.1006340532221,73.4838139999186,72.5007372934454,73.9025147609827,72.3160084830994,73.5801881821742,42.3868445778568,42.6951822057481,42.2121431715255,42.6652565927617,43.199973979905,42.9685031958397,12.8361760280969,12.1394259118001,12.7748917495437,13.6356838094256,13.1170405634983,82.3865920785329,82.4996222710865,82.8860215560389,83.6314884556316,82.7822986428153,82.6155611861157,100.377716326778,101.024402565807,99.9736898174187,99.6851438885943,98.7091571619393,101.462734526556,71.0633276371603,70.1825286127668,70.4878250495033,71.3346659835515,71.7207312603276,70.8969160331101,24.7056794525581,23.8574211935593,25.1114137775915,25.08483958244,25.0518655586319,23.9417462153113,25.1213815884821,24.5351671602659,24.2936399991205,24.8948182527573,27.0125570255362,26.2059375067656,46.5396434990174,47.3143268733037,46.3759301257535,45.6210355559337,46.9551408544549,18.7249856595107,18.7074139463383,17.8244711902149,17.9513201933468,18.4070177256023,7.60452226797152,7.3225744610515,5.75912688474448,5.91533404196247,6.94511265585489,8.62791184349992,0.96443341538571,1.87558494987281,1.95871486664475,1.14430276510988,inf,inf,inf,inf,inf,inf,7.301489434757,11.1244666331622,11.4601552896215,10.1153805906757,11.1266819881761,11.9899860440567
10301,45.8402601407686,50.6508838223334,48.7836809317539,49.0907345596562,50.7611246066731,50.1119810853812,85.7675986292913,85.0347060074865,84.7730567468936,85.8168638056284,85.3331095881451,86.2643434962212,77.0923835815246,78.6164417030797,76.1326700235154,76.1857606288194,77.5542700564878,77.6733488446013,81.2661331414499,82.7967014651538,80.1716343174613,80.811899847162,81.6975249694033,78.9740249840629,77.4781075356237,78.7320303210308,77.7371425350145,78.9900379958155,49.5061026083845,49.7896063753436,48.9479465661837,49.4046653850533,50.3054328909074,50.1002338690147,19.8399420080227,19.1369708572433,19.8000512861818,20.6493377684755,20.1094087741075,88.5098803472891,88.0298200045571,89.7558610483599,90.498227494509,89.2585748574363,89.1538782314776,101.80350962618,101.909901367408,100.879276046234,101.644030189013,103.101197825946,102.600694240226,74.8834934699732,73.2526797916168,75.0925207652637,77.681436192228,75.5324112949515,74.6974624217959,32.2512093219028,31.4341597065844,32.7247146017678,32.1669013803109,32.5369080398465,31.4081278136998,29.6626322295697,29.0620994559316,28.8466089517299,29.9708736847818,30.4963842669866,29.8919766708906,45.6050614705838,46.5254652652234,45.2853639309733,44.8987823131684,45.4376996750634,15.6091136040535,15.4125889130586,14.0996504956464,13.7165672658458,15.1820794531157,12.4113642114188,11.5078503141031,11.2130845707571,11.7563028725834,12.7883669354969,13.4673482212286,6.17525202611143,5.52431190363416,5.4545718567045,7.03594315684575,inf,inf,inf,inf,inf,inf,1.02142390694309,13.0002688980477,11.937265556952,12.9780847053228,14.082159553594,13.2008258739469
10302,46.1022198244433,49.1625800569706,49.0211177246957,49.1716362366887,50.9590461877837,50.5726165500627,86.0458955637048,85.3065388142615,87.4947984620235,88.8827325492143,88.140433803999,86.3026993700351,78.4628832342579,79.067165011371,77.4319749611533,76.6892082814274,79.1032624548418,78.093451647495,80.8404957225662,83.8573280499901,80.1677220606228,80.2846764987494,81.5842023724099,78.0495243918092,77.1348805281074,79.011031081111,77.3320034474885,79.0424632279919,49.8516248227671,49.8771834910599,48.9310634735138,49.5915321836894,50.5586903488527,51.3313491957501,20.1796782120201,19.4207820325168,21.35708551903,21.4219119199979,20.217273058635,88.913636791398,88.9213043167989,89.8154278840386,90.5642881354467,90.5479984330465,90.4917439989167,102.400928814691,102.048230415418,101.158697236947,101.486123026665,103.157848662629,103.314652877148,77.1254604009685,73.3700667647411,75.6000598702304,77.8677992621492,77.8333357062072,74.987473894193,33.1967148997239,32.3456072084174,32.0308692723719,33.4368283863143,34.2891129618083,32.4012689825194,29.861176215273,29.2580533606278,29.3043112364726,30.1522481427203,30.7727853504535,30.0444956229153,44.7246316620946,45.6460829809764,45.0887002763754,43.5036718185583,44.6321874790736,14.6850420750286,15.6201583369714,13.7328581615041,12.867140258214,14.2859629414329,12.4419899226257,12.5216160047056,11.5129210978992,12.0463948786206,13.0980587059389,14.1401397497146,7.12695793400498,6.25508060595765,6.83372168984137,8.021337024772,inf,inf,inf,inf,inf,inf,1.47699948186599,13.2855227467967,11.038394644188,11.3957546975508,13.5393617383123,13.318350550435
10303,45.2275402481246,50.7723781660004,50.1686206077754,51.0685468294815,51.8383425711237,51.4071112111687,85.9807667162508,85.2833884054524,85.0858606494768,86.7698094972456,85.641193458204,86.3304271751972,79.2009996812872,79.5912013251419,77.8274816652115,77.07811013573,79.1726611168575,78.4100350594795,81.4499113797394,80.9683352945239,79.3625602208274,80.9680761666621,82.2763413639019,79.4702311406,79.7557378471512,80.3957052365631,79.2951086719765,80.4584528185054,50.1243142107224,50.2418638636296,49.2264737191401,50.1100224709281,50.8222625267758,51.2454868248128,20.8448355843238,20.0997923080809,21.0361741904677,21.6682118861376,21.4597695858944,90.0851089685608,89.3016077385659,90.1725509782226,90.8469697442935,90.9467862417837,90.9101071164713,103.312682206811,104.015030948891,102.51863464171,102.753467792283,103.962599190628,104.558991233616,79.0790774738162,76.2569434098578,78.8763209045949,79.6780513426873,79.7934842234628,76.9103855068981,32.4367420442244,31.5646526495071,32.2477900504838,34.309718509138,33.5910919374254,32.6487253842825,30.2039123289078,31.1821515328453,31.0077599646692,30.3315305572508,32.61029098431,32.9188603878009,46.0069240325276,47.6492252036509,46.1885287792984,45.1260976428946,46.0637149020533,15.5599523402767,16.4625775614713,15.8905659177621,14.7099537866246,15.4590382905449,12.9560341287812,12.651295218295,11.8581518524003,12.0559651903474,13.8902147606028,13.8143358556817,6.98508707089133,6.69463405743997,6.15039313009098,7.35580430630148,inf,inf,inf,inf,inf,inf,1.98631408078793,14.4129641441653,13.4973180628685,12.9396413420048,14.1731130163683,14.522955487268
10304,46.3263076358623,51.2259525384357,50.107037598741,50.483390447466,52.3498033241303,50.9113651212685,85.6049509214141,84.9519658071016,84.6184884375497,85.5530082090131,85.0525087591316,85.8879672782927,76.7168158285914,79.103297052411,75.9540047235495,75.5668370594602,76.9538647883573,77.9757777374145,80.2226205674486,80.092135655156,79.7111221902646,79.7181809490628,81.2462986803696,80.1270049023987,79.1368379193798,80.0756625256109,80.1322525063999,81.116806573941,49.6742439270632,50.0657785445133,48.7563964546854,49.4317950937355,50.4641925530678,50.1290325817112,20.4288664987597,19.7742770536403,20.255231103586,21.8011454798771,20.8456180943559,89.3163761482789,88.6896250965829,89.6194470621724,90.1976345284378,90.2645196673864,90.0827602394702,103.052372315551,104.286444551026,102.22374939963,102.705600920021,104.168014969635,104.539725309624,76.6231656592468,75.6840638446399,76.6299754461329,79.4871847173672,77.3137521079369,76.5819841920866,31.4309579159409,30.581702752953,31.3583234589472,32.2435748659173,32.0393368264032,31.1394566820319,31.4054407188147,31.5372647945647,30.5218425386675,30.1336603978677,33.0361949452645,32.3022591989835,46.9002053331259,47.7851223634452,46.7547691725228,46.0772946675107,47.359790045704,16.602586564674,16.8604344556441,15.9762584110137,15.7685891680519,16.3639326544409,12.3367249932584,11.3077977016939,10.7921702057058,11.9677394054567,12.9915200977148,13.22456502611,6.15916819338472,5.71728259188011,5.1424507868698,6.33222347853306,inf,inf,inf,inf,inf,inf,2.27735514795275,14.0552094529468,13.1335903593526,13.910878444396,16.4898497634598,15.4053236809947
10305,48.3819934002376,50.3217569352957,48.8468489301737,49.9207936734683,51.2462639228235,50.0302017911893,86.2151481667391,84.9539108565349,85.0911648654349,86.0675646960871,85.4970482930548,85.2516315815401,76.4581953741355,77.8646554931875,75.4240555304451,75.8639946174782,76.455479321265,76.0517268637585,81.3771870176996,80.9371577651755,79.7996442748341,80.3184409435961,82.2867867459447,78.5980840381435,77.6006139316538,78.6037462798703,78.6044229682275,79.592033700363,48.5153389525175,48.5826696237264,48.0045503833021,49.7188189575782,50.1140750051483,49.6263319982358,19.7811907797518,19.5733418626653,19.5121837423064,20.4413085184856,19.8961161707288,88.3697028778637,87.6995319986755,88.6385630793121,89.242163277699,89.2099001528574,89.1417106745729,101.867329547765,102.196577726172,102.830667479229,101.489741921595,102.637701124434,103.499769173033,74.6097055148501,73.6526450659601,74.6019400330885,75.335009165758,75.31503157573,74.6203397964954,30.7109899898472,29.4940821259174,30.4900249312052,31.8564528591167,30.8861477227458,29.8598592306187,28.9045030831343,28.5001436419119,28.0145799659917,29.1900676217271,30.5325676025051,29.784262807026,46.4770453467413,48.0608720695496,46.549602606527,46.4208172166449,46.858309973031,15.305442674015,16.1330693434626,15.4882035318657,14.4597297429909,16.1135476959586,11.616222299241,11.0473099334107,10.5560742408295,11.5296153724438,12.4578235972939,12.6011053109063,5.27866316168607,4.72742494721692,4.49927188249377,5.83644264176368,inf,inf,inf,inf,inf,inf,1.37955478265943,13.0603943283951,13.4154920094446,12.9899145227432,14.2999084063454,14.5107134554312
10306,47.3012591227706,49.2197807742167,48.1671060736056,49.3886117442831,50.9038092465533,49.5177494801648,85.458508504912,85.1730245049116,85.2285145398056,85.4760099358479,85.8003106937448,86.0661303311083,76.0575348535218,77.2252977983097,75.1067040682084,75.2889475480148,76.5754285378316,75.842241108229,80.0081584491069,81.2497180407105,78.9105141094887,79.5707824727462,80.8581497027013,78.1777686099828,77.2054920353326,77.9759238522831,77.3639664341322,79.1371152295054,49.5298049989328,48.0912456472088,47.4801559768424,49.0157483258145,49.4035846492303,49.7291212419036,19.1637606556874,19.80805148743,19.0549447280817,19.9222235180895,19.5673986764629,87.842198013264,88.0168245288456,88.3130772297565,88.7872619676818,88.612977665397,88.5185561636891,101.317835932015,101.500066990853,102.511129239364,100.694276369493,102.180115818627,102.144058255433,74.1379413030016,72.597320682727,73.318056775138,74.9678815018679,74.7968137786524,73.9879262876885,31.7580741013333,30.3979755219998,30.2353961781343,31.5808353844707,31.7977802581093,30.7665190220862,28.3780168810527,27.8258873222445,27.5532280908663,28.8218212633159,29.226366848513,28.6582972335972,46.5321586085312,46.5936417126669,45.876656660979,45.9655475482292,46.1957857922905,14.6734156928803,15.5802953607295,14.0301673190048,13.8077486497743,15.6255164943472,11.4668124397092,10.7615509393714,10.4866612833269,11.5098049738566,12.7138948559854,12.2760362580563,5.59488936591442,4.78339267079885,4.89878146725608,6.38889325424715,6.59468842616172,0.904583065148819,1.50255841733475,1.83437045765769,1.79610365875415,1.05991794536471,inf,inf,inf,inf,inf,inf
10401,34.8748169181204,36.4600927224881,34.9890115351829,36.2129470514765,37.5926877688164,35.9295578737753,76.6212522346408,75.8887704244239,75.6233934985411,76.6656223156527,76.1779939285797,77.1176565727529,68.6237985545114,68.9058957566106,65.2932439635383,65.3518044479634,70.3748030927134,67.962493719978,74.7062031671997,73.2981141367959,73.6115091347429,74.2503893856769,75.5873814359989,65.4904020915737,63.8854164739342,65.2524143866105,65.5209198797872,66.7685105470746,40.4940848059577,40.7788677803749,40.3528980373776,40.8143133995614,41.2955963754901,41.1023558820957,13.367414748909,13.1736368033306,14.1021557432965,13.9128705674119,12.437460717126,80.886923822138,81.0521430439453,81.5611668857089,82.3011529590794,81.2395153280646,81.0693255934,88.1556692079162,88.2618768798091,87.2321191957694,87.9899238602199,89.4765176115519,88.9535355159079,62.1145926994927,61.2476543278038,62.314364850369,64.7910585135116,62.7651510655329,61.9314978935083,32.6504746676083,31.8199027658879,33.0954043583008,34.4299397190802,32.9610315678882,31.8389516189345,16.6094156520281,16.601513343192,15.7124033185523,16.6085674690293,17.8181256789995,17.3201953195222,35.8715912227011,36.7927889247704,36.2364459903255,35.1480853512339,35.7262603507046,9.84332885379478,11.7834496840449,10.9459715043223,9.09434247661164,9.4602704112389,5.48546235426121,4.48947961845917,5.41134818878195,6.15642996034738,6.28592891560179,5.50356450092484,12.133267200989,11.0568197004406,12.225819710227,13.1750335203261,12.6691219550141,14.6164711307352,14.8762835814661,15.5500896503218,15.2898427902205,14.5037247683627,inf,inf,inf,inf,inf,inf
10402,34.5933982268778,37.9559100426504,36.939115389923,38.1483098473805,39.0240676157972,37.5902885010364,77.6697149923,76.9810327082193,76.740119716124,78.9359678048237,77.2589256186221,78.9356067657831,71.6429717013671,71.9892152886605,70.2695734692313,67.432564299261,72.1623626601971,70.817185584708,73.5330626675214,73.4921795679087,72.938090478457,73.9794434716005,74.3948031930202,67.3145331950414,65.7012862511854,66.4391196622322,66.4960361401961,67.9212989216108,41.614543973644,41.8114254112405,40.699466729675,41.5245691767709,42.3453301016525,42.7833576365734,14.020956601951,13.6281622563046,14.7211787576064,14.9400387849207,13.1818000741474,81.6354476860911,81.6004401463167,82.6161781397755,83.3248714361195,85.4945445848593,85.0600450389839,89.666304681532,90.8484441202982,88.7526260220371,90.351547699933,91.5739848641305,93.1151227235254,63.5140916652627,62.621886914254,65.9321600531145,66.7628140275438,66.9360383363727,63.3556984726264,32.926102019427,32.0486696273562,32.7121747635448,33.6798752985571,32.1593516634325,32.720663034608,17.9091078235074,17.7441975900616,16.9985758298171,17.9720402096038,19.156878929556,18.6255860469684,36.2414585965345,37.8814229916698,36.4098701417174,35.3556069118339,36.6350565165442,9.90718644586649,10.8007642402159,10.1922411168215,9.05358967245621,9.82840427082625,5.86529042097684,4.85682329689144,5.48331315591217,6.36794494190284,7.10737684121473,6.34746021772701,11.1355856497537,9.6846802472726,11.1665829269971,12.203049000271,11.7094122159391,13.5022194481632,13.4394248254435,14.466546874603,14.3290452363965,11.7319023408868,inf,inf,inf,inf,inf,inf
10403,32.8590868468048,36.5687199263417,35.5236461932797,36.9571824005443,37.6146893293002,36.3003916103899,76.349670131743,75.7072898490642,75.3028175426879,76.21449892578,75.6789210588608,77.385478616884,69.4632965674246,70.1558898037293,68.1031502782137,67.2196442711566,68.5468607958326,68.7369079539663,71.0335616565562,71.8847918673862,69.8803410455575,71.9582577191763,72.0179092116626,65.4821957708335,64.4748594875973,65.502208701803,65.4397834196107,66.4771021227168,40.4569059317717,40.0584279538108,39.1586284824813,40.1205494204476,41.2992035036365,40.8495035530975,12.4864797122281,12.3245566608134,13.2393012117325,13.0663237773392,11.5589709606305,79.9755628086046,79.9185972170027,80.7314445766556,80.9500902871064,83.1011094700518,82.9235332869813,88.6034437250608,89.8511968108454,87.8238158503698,88.1990898060534,89.3624608562062,90.6268019475044,62.8480430304784,61.8928861094214,62.8010696685744,63.5520333386702,63.5502796254127,62.8620773150354,31.3981784961797,30.6226996869156,31.5217133599347,32.2692832122653,31.90286218855,30.9951607768241,16.988844413393,17.2981882443786,16.1671561977454,16.7609275181769,17.9298317991406,17.8170277261111,36.7438935608112,37.410620525706,36.1483948169833,35.9108422404947,37.3918465350996,12.7226298012672,13.5082601271361,12.7176227216463,10.9357177840647,11.479433488609,4.60322335043955,3.59394140206571,4.46118294185616,5.23216838810612,5.28863583569249,4.66479635319154,9.96780378973968,8.90505795209839,10.2054224789696,10.9981235948772,10.4874881008937,13.9236453845846,13.9861504410752,15.4511510659197,14.3396973420474,13.4969718406858,inf,inf,inf,inf,inf,inf
10404,32.0644967650109,35.0388821383341,33.9830939911753,35.2393138828354,36.6006859728742,34.9305115333188,75.2832320691386,74.5356684041145,77.5270558548848,78.3501811249345,77.7920149641547,75.84676664872,66.0552132811386,68.9011077349231,65.1290847950146,65.2453958195088,66.5448807633643,65.8815499498918,72.144887665235,70.7955189868914,71.0353539289519,71.7348872320046,73.0153517831871,64.0387271350602,62.4246518830532,63.7845481928718,63.2479527163923,64.9846202499484,40.2251527923517,39.1239611674288,38.186249546391,39.736852574283,40.1224724925097,40.4556052714349,13.1587977347646,12.1512682075877,13.9096164905936,13.4808609297926,12.193588069913,80.1399038692196,78.2937942313951,79.233933849401,80.9286162760083,80.2395758105822,80.0591497052932,86.6551675756406,86.793336536136,85.7391794616902,86.8796272486663,87.535698209808,87.459827066265,61.1174225347785,59.503380027336,60.2548469456041,61.9650414683632,61.7607386556333,60.9260963550168,32.0958389221594,32.4580408482768,33.827852152342,33.8836920069071,32.1360431614909,31.1050093496998,15.1583372611024,15.3912350160815,14.3572946378929,15.0124497004954,16.0711246236875,15.9830015586183,35.8163645027668,35.7103874745892,34.9979641741128,34.1918110021625,35.4702082150736,10.9438611158186,11.8565578863527,11.5643883353247,9.91371076538015,9.81192164000391,5.37074007355036,4.4698250781815,6.39843891837922,7.20202757024011,6.01153898483198,5.21541749643355,11.6082907466235,10.6819749276404,11.9626953869124,12.8367258835231,12.0106522338541,14.5207794224959,16.1632387971634,17.1671649228791,15.0950551977929,14.2194157111376,inf,inf,inf,inf,inf,inf
10405,34.6182235485466,36.0016285599227,34.8881582647236,35.9882282864035,37.5043361885428,35.7266063210126,76.5758054314393,75.8367101947063,79.2678985046457,80.5891208194067,79.6855286875442,76.837403659287,68.4527828286242,69.0450472250955,67.4154040726209,65.5294282733816,69.1076671699295,68.0711985569201,74.4232640991218,73.1936394181313,73.2766601655758,73.8526026473466,75.1516668874038,65.5568262611574,63.7632673110659,65.2457667221034,64.6693077535754,66.0029855839509,40.9824680689216,40.5624911881641,40.0632365640491,40.7130602063947,41.2418296112148,41.4144799769948,14.233402824459,14.0457127213639,14.971953958538,15.4585235307721,13.2921463749943,81.5064847135337,79.6092602194905,80.6909586984316,82.0852223077915,82.0896263173685,81.5014369700679,88.2195871286303,88.1194086783242,87.2251530725135,87.6014407724215,89.2576311357622,89.4406090255345,62.2806092101276,60.2267647654326,63.5093527845529,64.6912551793889,64.6709208529555,61.9345229051191,33.6883813667734,32.8557132316163,34.1848589843407,35.2316848466376,32.9780864622236,32.8487206785431,16.2346982585488,15.9649420458432,15.3325474792663,16.5079328945899,17.1524674883141,16.7577402619598,35.0379643389684,35.9583278519071,35.4428313476577,33.6985577912998,34.8942254372457,9.12549860842667,10.0604282310835,9.9844246662604,8.46101734481891,8.63358763481887,6.26490304415685,5.28102875101613,6.35762532785981,6.957283007636,7.06941098700614,6.46387228460077,13.0731377615544,11.9868310807819,13.3820535044054,14.5379326124463,13.6192888525647,14.8880946450588,14.8958692439262,15.7516277040476,14.4579869685888,13.5031025457466,inf,inf,inf,inf,inf,inf
