,0,101,102,103,104,105,201,202,203,204,205,206,301,302,303,304,305,306,401,402,403,404,405,501,502,503,504,505,601,602,603,604,605,606,701,702,703,704,705,801,802,803,804,805,901,902,903,904,905,906,1001,1002,1003,1004,1005,1006,1101,1102,1103,1104,1105,1201,1202,1203,1204,1205,1206,1301,1302,1303,1304,1305,1401,1402,1403,1404,1405,1501,1502,1503,1504,1505,10101,10102,10103,10104,10105,10106,10201,10202,10203,10204,10205,10206,10301,10302,10303,10304,10305,10306
0,inf,164.870683141919,146.260681751095,150.503070244568,166.829624271954,157.004368074405,1021.95288805718,1020.66499634079,1028.50046220748,1032.86349661525,1051.24856784166,1006.61330089517,729.306519235622,729.502400262705,745.249256997546,739.204988702745,719.800532830034,740.33595815219,880.540815508348,865.693277574074,892.017867923058,890.889667911925,888.612784932476,735.086263529903,763.936392365535,746.872627068768,733.225001610668,716.2497435378,514.079887935911,521.776738657785,536.320135586887,504.875194261554,498.879652034181,505.029921943266,829.728606799239,842.22777184444,843.744330161613,825.849029520752,817.083823087634,756.70848275039,765.064614907417,770.373432565459,736.680634129077,742.677771847635,976.984441954523,982.365128317201,986.163128735644,987.88184065497,957.146408188591,956.338062519986,506.35125020033,499.136728888208,492.21656117447,515.691885625045,519.164845785633,507.21756073944,960.944855923058,952.588988480924,942.450780196263,951.708513078459,966.041055690082,356.773419813919,351.177876342849,325.83458036096,329.180014170278,355.399949694907,354.438558233882,391.448179331115,389.49229311024,384.417005513553,406.846342744723,403.89404627683,853.605320618468,832.556532646677,847.320641062477,870.788288046939,878.060972974295,403.672797588218,408.138245246612,416.912287908845,413.821315598601,416.281664441223,455.637313266224,466.840027405712,438.515497998959,434.500379825269,454.233811772863,469.545303787728,351.510001575711,350.220603219626,364.121219384249,364.39229341026,340.326862654267,334.907502371557,288.666703586142,277.193426202564,317.296020057368,298.849970337417,290.276811329667,272.929184462212
101,163.377474225066,inf,inf,inf,inf,inf,1004.23524999141,1007.36506358283,1016.13353228738,1024.59029137869,1020.92661078364,987.048605779577,836.143499932863,819.209090987876,855.056113927189,843.241231576192,839.283987200768,839.862407291326,853.152595577401,829.009339955567,856.783166701878,863.019719575511,846.998814293609,894.014409347661,926.914925978303,907.871276809606,895.764437244085,877.796704789703,650.299394643227,652.420060555114,658.413773239858,638.700522827999,636.483678770505,643.321472570409,972.172927858539,975.896903118145,987.718695477405,966.207379025203,956.621882400643,919.955473673884,936.364296361129,926.011378108344,905.616889217163,914.94897883366,1133.02839131589,1131.35843038928,1137.32918612131,1133.86645760038,1126.86770524213,1118.06610212905,645.801028394203,637.149315262263,620.137930181859,642.749985369943,657.535942068812,645.411836670033,812.973871293934,792.449588052062,782.022219617645,800.60118045842,811.94215997609,248.123687972943,243.794020324915,225.686156527833,233.651888330266,262.4470294813,260.382702365276,263.988843337822,249.598001922016,257.51861117662,280.564512282782,265.78709852838,717.560711798235,696.986848577615,710.920309729119,735.032241907864,741.731534566549,375.085580908955,376.509627802634,386.787472189743,387.428466666265,388.459230400206,536.782859516527,553.518473972158,525.747884365136,523.064085027371,559.887890480117,556.269009910589,440.175121957686,437.850138490081,458.463249387068,454.344464497066,430.901058325969,422.824527452462,377.087059703243,373.459796365123,407.052619578877,405.696158232551,375.043066241062,361.902441911829
102,145.413631181722,inf,inf,inf,inf,inf,1003.15374733901,992.424891874879,999.46725597426,1006.85103676639,1012.60631566469,981.348860380121,817.53722511621,801.124889601191,836.251150799411,841.565038977915,795.074274555898,821.437564752695,841.470822945028,827.462312168698,847.252509517978,861.05119676371,844.939283507136,886.310588605358,902.941477820367,900.104445576865,888.242974481592,870.010038115392,655.732477678712,654.154708545927,662.044644372249,641.701683049384,626.366803772751,643.870040063359,965.070832168032,971.552655336289,980.324062323756,971.124891850991,950.120932807408,916.660846535885,935.152800124077,920.310166295859,902.443399604173,898.0289950469,1130.98221555658,1128.82551243714,1139.26420797575,1133.72521206065,1125.03596431762,1114.93738741444,643.125827154839,635.314921306866,619.872262760524,634.031626601609,652.502554195614,642.246506962996,828.975931335689,809.154876754436,810.559019477008,815.119066179852,821.097576221249,258.546616483902,254.131583377101,243.279389909204,257.079540591583,272.875943731984,270.863569882181,275.41057693537,257.08186807888,259.745606293065,289.655370792612,274.042668736065,739.587249584591,718.227770900754,732.933276991924,751.198068220713,772.496572541992,375.917283621315,379.334747517094,389.065245974525,387.550417048129,389.428157663215,515.390250353933,532.501769827187,514.377598911957,506.427647492464,529.727296144779,534.816794890672,436.131595030854,419.474038437319,455.835786782834,451.046585682158,436.65205693791,409.576721930756,378.675926384808,366.671490256244,388.716645134687,379.364591881425,366.436683283476,367.366158752536
103,150.000231878114,inf,inf,inf,inf,inf,988.109228287362,986.717586500282,993.768150298181,1001.88782183383,1007.73545281114,973.859294747569,801.453489801527,798.588703843668,835.08919510037,820.821563926709,792.470367399548,819.282442914838,835.209916845913,821.56131859607,841.739560468744,845.630811225534,839.442387246149,883.339674975166,899.395933710252,895.717819252477,883.701124467471,868.267863495859,654.488279388333,653.943571093805,670.354367863063,648.537101258688,650.015117987701,643.43425286909,965.849995644357,975.262604830829,980.135424007952,970.190863153891,951.095237774975,907.154936264242,931.235785121501,922.05151656646,906.492386690351,893.340127272926,1126.18631683642,1125.26744757775,1134.60755975182,1136.18063840802,1118.96741125024,1110.50168825923,649.30648096517,641.401648332422,625.480747465098,648.897120391448,652.710495784489,648.260070860022,813.640827674612,814.176675754618,796.961336468384,820.507565788258,824.962319940605,262.944349401152,259.046615518256,246.998274232367,259.503204336183,276.549152454037,275.310079931853,261.172505741828,256.883289921046,255.742949294473,290.358252430884,272.924971833158,728.766830547139,707.604739232316,722.306579180387,739.809658376169,750.581663072273,369.041311184478,373.494482553444,382.611856494126,380.289722211537,382.409904180789,511.245429921307,525.778649764986,511.262954177972,503.691072546897,526.477161035826,528.578204456157,431.722444752656,413.804842179494,451.702475662207,445.128274654419,433.948317289065,402.945387984877,365.298613254301,363.061044744199,383.028097366965,375.320126449226,362.905468318656,347.605763570378
104,166.29418616057,inf,inf,inf,inf,inf,982.359036341221,986.616530566416,992.462571154998,990.472829783018,994.845987622818,975.28652464527,832.232827497147,825.236194004773,849.355163693003,830.523015108306,812.963255265532,845.97349787375,836.465381492601,821.287172591282,848.312392801565,846.227744528612,835.53782616291,908.674734648837,925.91488993661,912.368376723317,899.513437487705,885.885069778103,671.836741349118,673.983870433386,678.406259948047,658.248491290353,655.318718456031,660.617073928588,983.756215974436,991.033465822957,999.03601434493,988.142770616151,968.910158222374,939.421973753603,942.613621530242,940.378782649601,921.542509772757,924.323702084234,1160.93674134384,1155.90167956069,1169.32969072705,1174.89243820543,1133.97154045696,1128.18993419865,652.801807180347,646.039586366428,640.931316249783,655.361206201947,664.156037233493,653.170226435466,787.66853907366,784.317832503912,779.343933462338,786.136141301889,797.466652799386,250.334092088759,248.060448222279,234.049569984966,243.146858838028,261.80807904399,262.2778834289,254.281833967243,238.308696775147,241.822259036668,268.199252769366,252.82578560799,726.621226966107,693.610327483753,719.46103065418,723.272047837005,749.758131666639,363.325136966396,362.484058686576,373.686606708574,376.382686549933,376.595839283413,528.924211399182,551.144468086844,515.207762586296,523.725841888485,535.951487382112,553.212598126149,453.847055614147,431.895902534797,459.849914753174,464.951722743991,438.926433919154,419.073946019311,380.306641584528,381.601785031137,397.999325539416,384.198019027764,369.723936404926,366.58133291929
105,155.085535201552,inf,inf,inf,inf,inf,1018.17541836567,1020.54177617252,1025.15713681661,1033.2236107805,1039.09927956572,1000.65302830609,833.032963999475,820.361506782305,853.198466526625,854.572157536853,825.998785037369,839.894362257014,863.865192359316,843.887606831406,867.799389509888,873.983820856088,871.013876865262,897.570793927355,917.002085924316,914.575527965179,899.669449876573,880.880045275776,637.467555846161,652.564627772948,646.39080609113,626.645473117375,623.465313776844,646.458603077725,965.466109232423,970.90304569977,967.528438669532,953.105852029023,933.87314007987,913.435471651136,928.440555187498,921.267384374664,899.590100053435,905.640993608549,1129.01339820578,1135.12384993999,1137.52096797485,1136.99828442328,1119.37820464497,1123.58422826448,632.744527927599,624.324649431975,609.212662454401,628.096016323668,644.716910378979,632.588102448075,807.598657478356,810.717013302018,780.556376093614,798.346886043197,820.188449323702,234.286982057436,231.007777222144,217.949177269234,228.432270704028,262.131022947885,258.117641261069,271.14082283504,257.804492209051,274.250055474111,288.250508338795,279.761150069449,743.298402978809,716.396500020784,742.529466086703,740.999066161256,750.181936280673,388.908767661102,389.905142604314,400.298021058533,408.152930777567,411.347946074606,540.315712350896,554.137292981855,538.833935272823,529.692365976736,557.039455923277,556.961726514892,445.97743108708,439.607983644505,463.309312320432,474.102491369202,440.711175520405,427.032381647084,389.704967370408,378.211470941868,409.629719289146,404.947841704008,379.504530835668,376.521639041056
201,961.957977329276,931.946015609082,950.24455814933,921.809959406335,919.471785097009,945.741266536581,inf,inf,inf,inf,inf,inf,530.656886117385,495.271228188405,524.435330167851,541.714892057185,521.774278218727,507.977602725374,208.763962115624,225.126427397307,221.472023203782,212.028091333135,184.987985595421,1249.32153591508,1246.90834144987,1264.92390533178,1234.73860894437,1272.71640417365,1379.05219602207,1413.5611395992,1395.02543198811,1364.06245469451,1369.86732745377,1394.40771311508,1508.30076540095,1521.46807360958,1537.29270238113,1509.23449954255,1496.45070071014,1400.79655481219,1411.70653828561,1393.87353976669,1391.65831748539,1407.38055219354,1445.44963954003,1456.04984905002,1450.28497352077,1401.89016473149,1438.89761363616,1440.98573009596,1468.64894633446,1458.27548024172,1461.73810209894,1496.42846487701,1476.05988877132,1465.18755809375,1472.22243844275,1489.92156130249,1459.49436556515,1457.61696691637,1496.56089640968,1172.51671005419,1169.76046408564,1153.96321451181,1147.12835161566,1167.36169014892,1175.73744082008,771.374463675239,755.802624506562,797.564068134485,779.904112802853,762.203982250986,942.673917714378,957.08118064178,944.129512173507,936.81214685815,939.261962495373,553.983658607392,552.608726170317,543.537150136679,546.233537712205,543.431348222952,733.553568535572,700.041723365378,719.235529626425,748.558791400621,742.897068509662,699.735055970075,767.191186047919,784.624196940228,762.048275968698,755.959473582972,751.375516127775,773.882326569884,756.232341306133,773.139568109516,748.849594127523,736.398472954547,743.63332458647,762.917597176535
202,980.347115088511,959.903025732871,954.874002100557,947.340345067781,950.517789886844,972.810368129848,inf,inf,inf,inf,inf,inf,542.625421921303,523.262908030676,554.839368832441,579.712415416953,539.577822615076,527.956866611116,214.646798312669,236.779884193623,224.335154862428,193.263580110119,193.345703702242,1273.22169442589,1250.26522670926,1271.38168907943,1259.16005382292,1274.04171073833,1405.84199053598,1428.8861279821,1428.29897283988,1389.3074177002,1398.88951228703,1419.71783443638,1525.7045350329,1540.32558554509,1533.35199325552,1529.86494391951,1516.16382731486,1421.21273497692,1430.05010742658,1411.48195408901,1396.06495156559,1420.9683843983,1452.65244197935,1464.42751646239,1455.18555119787,1457.68210424996,1437.89704702601,1440.40781674901,1492.95858183964,1485.34473820927,1490.40513301312,1510.26009646854,1496.91928000919,1489.55435156932,1498.76092420327,1522.72303625505,1498.47993824164,1483.25400512862,1505.89189427796,1195.57620251669,1201.97080578015,1189.33403434671,1181.84041292793,1187.16432412132,1195.39762273574,802.604104254163,786.759561913145,828.471885338446,802.435837528367,793.939609426942,987.18761135797,990.680294116394,989.051007446136,980.291970380196,984.774417686289,579.261128638996,580.785083142497,571.281165749106,569.830606417222,568.486381573601,734.339997026893,706.751106228077,724.29395861414,748.254784525895,744.452751106549,706.260339437831,783.063813263834,824.438522300327,785.596342374701,768.749764115715,771.941384036288,810.530401837933,788.103236971442,805.175101951291,788.754368277656,764.263031003994,763.66009564451,797.55553052697
203,989.168841068957,968.620912335507,963.836703035709,956.311146033893,958.275137623441,982.74423274602,inf,inf,inf,inf,inf,inf,542.333903412338,532.966373656372,566.293775756205,555.721265259839,546.040586779135,536.922904878236,226.132540316891,248.542721235566,223.082865276144,200.788629721628,202.734377237206,1265.5476870596,1258.31734566196,1275.65965241983,1266.32999559892,1270.48515927368,1423.2448576018,1435.95116784755,1436.04388699009,1397.97514224931,1407.38225975451,1427.29234875248,1533.40378377263,1548.32423574161,1539.96815843202,1524.66633396349,1524.51645527192,1421.42682131758,1434.74338457808,1419.95538786943,1416.0232789875,1427.27847938108,1453.5828345472,1472.06111390249,1462.45377070513,1455.59717553518,1437.84744192445,1443.3053315767,1511.51695519063,1491.40004013735,1495.32003308474,1518.14935790749,1524.78893393873,1496.02182133654,1524.29992987549,1529.30147851719,1506.56294365488,1489.58835791787,1510.73205534203,1203.00377405771,1208.3353611925,1194.69735116865,1188.62965095993,1195.46172493453,1203.5976810981,821.671481152318,791.693086969113,830.367510216042,808.2043826273,796.901281907494,990.397318478131,1004.07017354066,992.757230489073,983.044848646329,985.36677320122,586.485646575794,588.05422757799,578.561555914283,576.865713389567,575.710728522339,742.61788207829,737.912711857239,733.446618440046,757.185213398993,751.696634063238,738.388151879265,792.251755069339,831.931619116778,794.030073178491,777.399612136894,781.464392420715,818.892854944864,796.177100787904,813.211751774002,795.593664351531,780.062873518427,770.504179011261,793.224148996577
204,983.391343558699,974.274356811076,966.108630757713,959.457251910938,944.219723712823,986.459916713935,inf,inf,inf,inf,inf,inf,557.350590621279,516.912546361794,551.058201719029,560.164073511282,542.225459354995,540.557545248862,227.266368091866,244.980486394234,238.320019743751,228.469701398958,219.32044399699,1270.57835881225,1268.03234535869,1286.48592092939,1255.80649757364,1275.79106475043,1424.47333796181,1435.8306861891,1417.11222409737,1407.17581852146,1392.16533867994,1428.09947787688,1536.79077217673,1551.09883778162,1558.13113858389,1531.03552205112,1525.16741158809,1427.0146481228,1438.14729590894,1420.00570840488,1418.52150207439,1431.96019825202,1466.72559699532,1478.93655763557,1471.35608140249,1415.81389033071,1453.68109522506,1467.67506123715,1488.05213664405,1479.75885326149,1480.31490926822,1517.71293812985,1508.53425550916,1486.11052464888,1520.54530254363,1529.8416454444,1505.31322355997,1500.48633610584,1533.20085887393,1190.96928850929,1189.94058620298,1175.70593819518,1181.13790091393,1199.81658039162,1202.20796190952,791.403273294203,776.351251282843,812.225188796404,798.779358929805,780.505563121072,986.615935977679,986.229180811941,987.549587113357,980.796326008276,986.70936432807,587.928840494593,587.312800409378,578.627905270261,580.18322470704,577.998565313377,743.042430816481,737.697327178615,733.121489728002,750.277455191292,739.577463192517,736.462128201265,778.402996671915,806.25882481371,778.904474752904,768.671893782361,765.53588062816,807.165903377468,778.448206533799,794.972342332233,782.282595098991,763.012804044387,765.935272237728,784.775588085703
205,1010.09092810685,972.431556071922,982.087787949874,975.548893407162,959.560403498654,1002.62009823931,inf,inf,inf,inf,inf,inf,550.840571175469,543.981806978594,572.393034844886,566.31484884742,560.485324664648,567.198823380869,232.920585687167,254.090621976899,232.256411503263,217.396138203042,212.121187975304,1272.06456017851,1267.25467482471,1286.30423558011,1257.46403510299,1268.74859940852,1442.89623000499,1454.59814659847,1433.40084095235,1425.97717222462,1417.71553996403,1436.22863899555,1542.28424403024,1556.60538567207,1556.79252208407,1534.79547951991,1531.8976581199,1430.84784843765,1444.99309346018,1427.15287145838,1426.61342557542,1432.48568258501,1469.72982616982,1481.50401254532,1473.21575331766,1460.06733172558,1450.13613136142,1472.15336483992,1520.52252683218,1491.18766824846,1492.53247746616,1525.54892479452,1510.83488756987,1496.85859579676,1518.60245950527,1527.97317689573,1505.25106891321,1501.31860524179,1532.64501739855,1208.23984885405,1206.89023798056,1192.60995906139,1198.52430971114,1204.40610951155,1219.59310727198,812.19675280647,787.44358301842,822.451425958557,807.29966713968,790.000119298773,997.486823473186,996.324716475057,998.436217091724,990.820121492906,979.565486114933,591.946482067927,591.717046595095,582.572159281343,583.284855913142,581.319557726492,752.011011854655,734.644011103288,741.473657939317,765.599889488952,751.833887232759,733.94858440756,829.357337011685,829.239611398005,804.56334723892,786.730874278985,788.266820314261,830.525606977912,805.393384306991,819.26952697585,806.759053849053,789.273706103689,794.390583859672,804.679543328097
206,944.824022426986,915.002771448209,909.538822002286,901.992815262581,905.110430104639,928.464375815065,inf,inf,inf,inf,inf,inf,500.381069073219,478.061838827428,508.773000040289,525.775232908994,506.322923754739,512.70993486047,206.45755528958,205.368624425163,199.862217778552,184.482972603394,172.227452388779,1232.54973816329,1281.07995404224,1248.39243933014,1264.2770142808,1256.73022298225,1363.39099405826,1379.17475065465,1383.87448893305,1347.89186740377,1356.89602033706,1377.52976844876,1503.68809370332,1506.33544943176,1508.06528296888,1493.00175858883,1496.60491285133,1384.35956855556,1395.59410997282,1378.13294315686,1376.47989586977,1389.19850176357,1422.7360881329,1405.1458721309,1402.03135847647,1413.91547095302,1406.88195728339,1436.46944304403,1454.53584108768,1444.59399333429,1452.56047524913,1472.22569483244,1459.87702443557,1449.96895021653,1450.01259675416,1468.92449027715,1447.41973747275,1438.85047324998,1463.40164687587,1145.46908957246,1155.73403814478,1141.92034202752,1130.24364653438,1139.82903828353,1160.25012317645,768.13267325102,751.71000439729,778.292889944602,764.243901607007,745.506030478974,940.274048759187,941.644853080258,942.816824432818,932.817583398755,934.055678147952,539.932287614248,538.230835149186,526.326540490981,522.988461367708,522.542781537611,690.03877407375,682.66347780943,682.908809123474,728.054915319717,697.083683497845,682.610527305025,749.09267796751,766.131031280686,758.623176664469,718.33519258417,732.524601752159,754.895883422347,735.406045985696,757.237479691855,732.252757908822,719.670005222997,717.380973185027,746.163538881862
301,535.069571298476,639.661284797662,630.151514040671,612.136257135931,629.17868839573,642.502792441127,415.1010429987,394.977288863841,387.294539642393,426.760827272654,405.916791908255,383.938700913656,inf,inf,inf,inf,inf,inf,219.185570436132,208.719686732761,202.899373419536,229.143608983798,227.008427667787,749.104881587137,755.253378485644,775.034636254069,745.205542208701,748.687597014679,946.502421148454,961.790202363988,954.816858605851,935.071182508229,934.31847319595,956.013765767457,1011.06063453082,1032.95796379048,1012.57702680573,998.379045873077,1008.66018399219,877.903821393099,903.792391351033,875.533775920726,866.283468260269,880.083320136437,925.0049320433,921.972349258702,928.364620418563,914.619929451616,910.993894052604,907.893213826548,1021.04044875756,1012.30303311621,1013.49093913979,1038.72803192691,1032.68895115782,1020.56490656432,1282.82588449674,1294.05042462026,1277.23343790376,1268.25380419965,1295.11681737622,883.777549576226,884.037361802894,870.315497825398,870.425482834556,891.445431730085,893.638637875399,613.38522127057,599.354393698196,625.905337709171,606.710242323023,599.605055127433,965.481453651626,937.495498101902,941.561356706299,958.216518622065,960.543716519044,356.284057273176,367.897447758,364.358212950749,366.821862601325,370.989686039223,252.705750215416,242.456008600509,248.667751412028,283.377865858855,257.094384303199,241.831694872109,309.013391795039,324.935487106775,300.553932194282,280.159847145538,291.590408564647,326.205726098836,311.906236506976,313.591473046533,304.535649353236,279.903717865703,296.723304884004,314.925605184418
302,536.551735459071,632.9138231761,623.413721340505,618.944383643523,635.766260377464,639.494946570202,383.004243279165,380.562237527491,388.210190303914,393.976106910143,396.126576565934,368.161926495834,inf,inf,inf,inf,inf,inf,197.916387119662,195.798296520384,190.569439682664,218.743127207084,214.697703857982,773.936290783175,784.740866379267,789.315000772999,752.573139626216,764.374307286336,961.088726317055,983.635655105253,957.614362617538,950.797173274558,946.410214533035,974.351838649157,1034.87359344405,1048.1848239604,1027.19712090922,1012.42852314574,1023.26450383319,907.261346066023,917.58943240601,899.612311212819,881.098581776318,894.432482876318,929.519181666861,946.365239318761,961.727177809324,932.952081637747,927.496312749009,924.740182068208,1033.54375755728,1025.65179114775,1019.76584139447,1044.17273808744,1045.96077399757,1033.87223840167,1293.33674303204,1296.22150897354,1274.73806393407,1276.67242999852,1302.19161659597,895.914765358727,880.142791475829,862.233814407281,878.005141656651,895.540326835569,901.369329356667,607.926878078025,591.86608278095,619.60115597406,615.225161467745,600.065177385157,932.050688580961,920.954355474815,932.900787314391,956.684027625583,956.398259495131,364.82698255936,361.904278758422,355.051997541146,359.710071670267,365.137644437374,287.831557299096,258.109837648309,273.585938268988,302.937755104845,270.59382353402,257.74181830157,318.259191146043,336.985725986402,315.51470218981,299.402199847749,313.571366301022,334.106441089993,313.148563094896,330.131970753694,312.870453152759,312.758089034159,314.031910888037,320.454541694821
303,547.703719363519,648.749577200171,639.23352962549,636.107318787917,640.307824814975,652.556123576072,397.755030655055,394.711033622049,401.7400346411,408.564493376913,409.798360079551,383.554093328662,inf,inf,inf,inf,inf,inf,215.201913711679,216.626155380179,205.125462126059,220.630172849576,231.44741047757,740.085039555406,738.425443104763,756.129231773414,725.368372368425,744.599641080696,948.148140525101,967.989211249173,952.730074480389,933.01834577422,934.09667619897,968.997277746796,1029.07981351558,1032.5188446047,1020.38033901128,1005.33963106366,1017.01544860268,885.208275358466,896.719201069183,878.754965068108,876.236493562152,870.411320226452,917.06678814062,929.154399562299,922.182769350894,927.694701921136,901.320918874151,917.177331857776,1025.92791117708,1017.6953158949,1017.80024346516,1059.00117752433,1033.78109463583,1024.19554110286,1302.20189283751,1313.0123755959,1289.97688935704,1284.68418959229,1326.13365593507,893.999376895468,893.143510756528,878.982876304345,884.082649736557,902.134686256675,905.160807216266,615.759154988969,610.240903792775,632.765349265372,613.801035746616,601.518216629363,958.610582671048,957.939050788551,959.44966620828,952.952218773796,980.417064409988,372.474616665717,384.736063786763,380.356895646794,365.444484904707,370.920994226787,256.40761222689,235.040998128289,254.109689217088,272.845242912565,263.44780471023,233.902800226219,323.155694868724,331.992236395107,310.765083849217,289.992497474117,300.449046367249,329.545522654072,309.794047689531,319.68651743071,314.443901517806,294.580694243605,296.71017692583,315.514564297462
304,546.931196139615,643.29578832385,645.426725257351,623.670505169713,634.199448565584,654.924615755369,443.258248350063,442.874149467217,429.012322472565,442.425908546066,439.854357599286,427.653278621252,inf,inf,inf,inf,inf,inf,261.265121553568,255.50864273506,257.285435123364,268.972623143326,283.300450313095,727.225275362776,739.596234649328,743.276571433921,732.741314088913,730.363399673031,935.8174477565,949.324541407646,938.773349455857,927.993386217597,920.224423903488,941.131541941537,997.89111949917,1026.16745693336,993.987074985654,988.246783178257,989.335120344359,862.859495265052,875.337563922709,858.536307771843,845.010446737874,867.650075203305,916.476902528162,908.761907526958,918.432190007113,905.468541248566,884.983504137652,888.444207321518,1014.74236209408,1004.40048753662,1007.38867213269,1031.25792816874,1023.39337771911,1011.86398404076,1300.82715356277,1309.69368566002,1288.23196237202,1286.70520553412,1314.87163165862,888.392177924282,886.945490434653,872.67656331169,888.057267837826,901.369362231653,899.55973680471,630.538393189156,624.164406298098,645.00272192748,630.742230196279,612.121557908914,998.881867318532,977.534236369145,1000.20696656955,991.712256585248,1005.89713707547,388.120958929865,400.412321993557,398.045297339821,393.44342764839,398.195949267604,244.273024600861,229.640645147443,242.699410611696,273.797232680877,246.428906092072,228.239568457481,292.600117375996,325.280402504219,300.530691581507,270.999521043915,284.519928865408,306.868283943194,303.004716383985,319.036125876203,288.171165556479,273.510766636608,287.820400079048,306.743886708739
305,523.738032652095,614.894500008168,605.500699290531,600.976271010732,610.004002601946,632.858498384776,401.422210255619,385.177575628988,389.798636436334,412.252877633794,413.488995938304,391.733925216122,inf,inf,inf,inf,inf,inf,229.607015759126,216.583523332901,208.660219160131,239.965190932098,234.800646773399,748.473148482476,746.041065284811,763.345876016497,733.730941879497,739.049283323952,936.154301880004,950.51185614564,947.132662768719,916.1952850544,927.669954590152,943.57751050925,998.394352120159,1014.04281273795,1001.95902460844,986.994611904295,998.481169641475,870.321467878156,892.344330531189,879.761647400017,857.040935820981,869.782596627848,916.514967819291,928.689964717624,921.143089425065,907.696965793293,900.998295761211,916.807719717052,1008.77935719233,994.698690171479,1001.13576426258,1024.48835469893,1021.58629681706,1001.41446707658,1270.05642368394,1281.83958271493,1253.96706514683,1257.3515773137,1282.24558222593,869.056281057734,869.455878792928,855.994451718122,855.892737851163,875.38286877906,878.813638674765,601.072232548092,573.230990792562,612.606767763318,589.009762270767,571.719425599387,957.666740212066,960.176400616261,959.371672283355,950.86430236336,954.934521663934,364.870645758149,375.992783418301,369.703065282737,355.702177327976,360.392980683521,238.708531312183,230.885027812174,233.072308010339,254.970977744012,245.300425050045,230.879072090042,293.881947457916,308.629472199576,281.446252553113,265.888406484572,270.171156818781,311.033635504193,287.038723940219,304.628425627762,290.23966084247,271.595850389137,274.279583040496,308.038185409871
306,543.166776881814,640.541287602163,631.066102409515,627.036301450198,643.809907485706,646.000113748279,377.70550097648,370.424986679839,375.825609991806,399.621996155226,402.099686187593,384.982033281868,inf,inf,inf,inf,inf,inf,204.850337292473,205.533350212348,184.874847093919,211.187612005497,220.478943140553,748.905734100519,757.903547465131,780.548502093986,734.523679923483,751.148570729327,953.912079973408,976.383620034628,960.611050609782,940.163734787971,940.422488892584,967.989406517042,1023.472013772,1038.6726346356,1029.71885246242,1005.1235611318,1026.42586013322,892.718397606617,920.672139348013,887.81483639522,882.153563027336,879.750002311095,929.441704185732,941.130939242238,935.398401668831,937.953319986027,912.42172366801,927.287841228722,1028.21450519558,1020.53479040501,1018.13238896839,1047.74916261067,1037.8522293108,1027.53032548791,1300.54427038132,1303.97981388251,1284.52510249797,1282.58043474046,1315.55809049939,894.317538649435,895.45778080697,883.116797446959,880.411942440485,899.785743206568,903.475481502019,617.467342219017,601.670181754081,624.206546091244,612.024209298577,603.716256448686,950.684093530322,952.222023348856,952.071360851691,944.324191495644,974.91270445226,364.144822732162,375.52038978253,369.752165402467,355.384621808474,360.3454689934,264.06819835875,239.005743475327,262.263842893314,279.048326753937,273.172403635681,238.260549976458,321.963267912722,343.719794409597,312.465139683552,301.25830545375,303.161996159618,330.804484107806,309.668805752019,326.518464469056,308.003708104308,306.098564994269,306.503062943968,324.996382357038
401,787.859610020996,770.020888432586,761.082731861597,753.839809166495,750.250677125791,783.572276047401,179.65397142313,173.813076238902,180.528461710091,190.425634426015,190.098451684028,185.305026917436,304.728924353858,272.953415434455,312.157030968384,327.00510786786,312.870552041139,295.348064534109,inf,inf,inf,inf,inf,1079.3530758409,1074.65974687569,1093.12732174694,1064.61556245728,1075.73587603409,1207.03913915806,1222.45678946271,1215.58197659879,1190.53576475512,1213.24953185855,1232.78719765021,1308.15940455804,1322.25093289555,1320.98795201451,1300.46179660696,1297.82250707518,1188.2533517265,1201.87015778903,1213.59174021633,1176.36310979895,1190.18825415614,1226.01329597369,1238.36083087498,1229.40451662742,1215.6700634946,1212.37684473855,1228.58717201806,1297.21969459241,1291.95425140691,1285.26250485533,1310.94574305189,1320.94502184412,1296.48737399978,1403.49084941849,1413.02437251064,1395.04562368526,1396.39174776934,1416.1613254907,996.690629973671,995.929315130059,981.728293468929,985.496732237806,1005.18833064447,1007.54455023516,717.566939938306,702.835736824097,728.96974126068,729.535798155951,698.079306494518,896.172566736974,897.72839520477,897.666936731324,889.574355208797,893.97791840827,470.447526843884,491.815396123893,476.355429326546,461.996094508754,466.959678762979,536.183324266635,525.506407912323,534.169572133087,553.350236284725,540.145171782887,524.915709966029,603.126370963439,596.381772817733,586.459468209859,565.999024374171,585.956579744592,603.391452904715,575.36672904616,607.902397205656,576.889361469541,559.589378043259,564.252833053674,594.717606352642
402,768.30624444829,746.914777066781,744.946932862105,738.060133553251,732.969605487238,760.856050022082,188.890834339791,185.398057737994,192.378488116936,199.730113047233,200.765192186546,174.813408765058,295.208728997303,271.27608971272,309.737347609766,319.622402698082,300.407893403294,292.187432563025,inf,inf,inf,inf,inf,1064.37569955621,1062.49239052268,1080.36077675041,1049.62653952694,1069.41163491725,1189.41185068393,1207.77482862636,1193.44482339604,1173.97388334822,1185.85212935666,1220.79684262761,1296.44307775195,1311.28177894856,1321.92816258044,1297.53689871015,1284.4471350585,1206.37601151993,1217.66859414376,1199.62763662513,1197.83805230502,1176.69700060519,1213.8526550338,1225.98635404269,1218.88195294938,1234.39235590827,1190.85324567686,1214.42936298113,1285.90503217611,1279.17874467245,1271.32143742529,1293.74253847977,1292.16767618825,1287.3625254697,1396.65013658237,1398.43947409909,1383.48669299731,1379.48527021769,1402.78956648798,980.871936769372,979.335248963191,964.980756974731,968.390224618647,991.611045193052,992.518356148462,697.668901460982,682.02239341211,720.06573815395,706.145705723491,687.675877787868,892.073141161658,890.47727156148,892.663895470175,886.780191448575,875.842676373847,461.144422723032,473.669626696636,469.895007129633,454.869621313729,460.509787378241,533.096620741478,495.702500482622,522.754513641899,541.980004284796,525.077791474767,494.463092159908,564.455811131495,580.973609343035,569.366820482607,555.162179049271,551.361147921961,593.380329543149,563.389140018927,579.823764094281,568.013871326384,548.134435697449,550.523588254159,569.353420344848
403,805.64203006344,778.630609720202,775.868712128876,765.086511510448,766.789765402547,792.402167812089,191.880938110934,190.530660674879,175.711011446477,202.784357268346,187.057069487067,176.506966864243,305.970642470272,283.658606250288,312.790539930251,329.64417502821,311.880586137471,298.206152995145,inf,inf,inf,inf,inf,1071.41685834355,1059.48858198961,1087.30735434796,1035.86330659803,1046.05219235601,1229.82837289204,1243.87798972158,1223.4502254127,1221.08879360581,1214.5411903893,1236.23162770137,1303.33402601332,1320.71996346173,1307.93319953905,1292.84543398839,1295.8143528769,1191.41506622194,1202.95135974679,1185.54853411874,1169.70698856061,1182.41349377129,1224.74670038527,1218.5917593188,1225.86263250393,1198.8302588305,1191.69910085291,1195.9947840274,1307.42171563067,1297.12556770571,1302.78587461532,1324.71987165731,1314.22192641189,1303.5558544177,1416.32927111524,1423.61706425448,1401.93856713475,1411.23561841911,1430.12640855517,1017.00734062226,1014.99802810115,1000.88268874721,1008.06312007604,1037.35632180455,1034.8583282353,740.035536684396,723.720690058024,751.05918439762,749.265430055081,733.595985897489,911.544485046254,931.231836851845,916.939378647959,904.040457315953,904.201725983701,502.028903501272,514.668956165314,505.829095660822,482.408186118213,487.316986610906,551.438016738597,544.188999114403,543.934627469914,582.687952211789,547.3815686522,544.126942682529,609.744519688946,626.762500369229,619.095763255195,580.701827650814,593.088673526652,615.35698724087,600.191835261413,616.664755317669,586.728500160383,573.578008200365,589.907255471578,605.421259150655
404,800.520911145525,782.452328364726,783.529913756494,766.734928706586,766.117822604816,796.255236592215,190.145434988379,157.538656354256,160.564667459954,202.031293552115,180.387771115156,164.039119000225,317.072004976748,296.680529854038,322.166328155543,338.484778342371,325.673355628497,306.32420963612,inf,inf,inf,inf,inf,1087.4671983603,1086.52251034845,1103.63716783822,1077.12913587095,1087.85051717055,1218.96218572646,1260.13806116192,1226.57644414587,1206.88178403007,1223.83545916863,1229.16635522318,1319.41341474458,1333.83106386372,1328.50439020757,1314.08459071253,1309.68309211153,1199.11957658489,1246.92888389221,1196.19932561819,1187.9629440653,1201.94907721757,1237.93504668815,1240.79501670376,1240.95443125391,1227.20739369187,1224.47197176735,1227.20461808692,1309.37679119656,1300.27975519308,1297.53468485787,1322.74347840862,1332.90209002877,1320.82872715354,1412.35787010648,1422.99554065359,1405.50536376838,1397.89894018033,1424.83664939301,1007.50051392121,1007.41576741778,993.468632433732,994.694199133798,1016.82491838822,1018.20006925759,721.626577483869,710.30101132195,734.763250528942,730.130800322095,711.764167996004,898.628699675054,905.361547836513,909.76867713285,891.443321013424,894.082246442173,479.80502440565,491.552823628783,488.329133798025,465.90631684936,470.236419168591,549.674335335937,538.72457723402,544.550368199364,572.338237521281,553.337333987206,537.950230707787,592.075438206781,610.103693079043,597.60321131678,585.721494467035,596.239802642352,614.545784176324,602.220067306039,612.325581827519,589.322204035972,571.084207698818,587.29132342101,605.765928730941
405,800.824986400004,769.568510324806,769.027921148552,762.543929662439,753.877709809393,795.093247208504,155.506971169439,146.942304098361,151.883003967255,177.067345275434,162.747558872747,146.725796601477,326.0227848864,303.433841069154,337.40239819819,351.062624699148,331.136636356044,319.975978557812,inf,inf,inf,inf,inf,1088.32136643639,1086.11915946046,1096.67414336495,1073.69826844457,1087.49221568394,1216.89776865533,1230.60937305954,1228.61822579867,1196.74924763397,1201.36664284335,1222.84682903623,1324.02406158381,1334.24974698743,1337.59158327373,1326.21049046066,1307.89753927067,1201.09774386726,1242.90187894882,1246.78615041583,1187.51041866673,1199.70560295485,1240.52719458357,1252.54073626725,1245.62974210493,1232.36330702772,1224.28131009997,1239.64820277286,1315.73108928121,1291.57461279647,1293.6566704952,1324.59544496368,1328.83259538217,1317.21750497553,1401.1563006867,1388.05247009747,1367.44704974327,1390.29719796453,1412.33317675715,994.602420189876,995.98682243423,983.571202927003,979.951325401797,998.510735664853,1003.0542606862,707.234439067521,689.673768527614,720.748651356092,703.135834087572,695.624466080088,885.130071771451,889.330400311335,887.249284866596,877.939751864147,880.871971793512,467.133886821612,474.447945711848,460.855576944745,447.698408369774,451.8216316353,542.347154421846,535.840280691695,534.946489140424,557.903784837021,550.05337192564,536.020399476464,592.446017394987,609.011155726825,594.024814833195,577.901222354339,584.43257696879,597.265943468442,589.666754818915,613.621706541903,586.869744719969,573.010973450164,574.791795123397,601.631627564676
501,737.833878156937,900.130101158804,890.620766631766,887.632861819662,913.477330756473,903.757897491053,1359.2938973191,1323.00049944793,1363.65359530118,1370.05715074862,1371.48829988028,1344.95173182409,947.89752816671,961.991314885502,946.114211566805,923.286196120899,945.300297648048,961.435588617819,1167.35110704265,1154.06843371549,1148.01112040351,1163.06922467488,1172.04228174873,inf,inf,inf,inf,inf,527.276106490881,546.286216472789,513.831616906654,516.218788703334,522.681491635906,542.319837734737,401.242975077466,403.622288062561,392.115321421015,372.027840212117,388.918793870791,162.927573731976,167.473951061881,149.969814673289,163.410639647813,172.986560362217,244.52058802923,240.837152247473,252.51554581335,259.470049290246,240.615863757353,228.266463363334,645.240613842544,639.215738668194,648.481576873085,671.525297236864,637.860730158438,640.290302796483,1715.47798395044,1701.73178124397,1696.03105414451,1703.20983896099,1715.01556875847,1031.20227004575,1026.19322867321,1028.45893255953,1038.56790851383,1057.96253620766,1043.27611893284,1067.82003109884,1050.56893494994,1074.73028146747,1083.30102052948,1068.43682884488,1496.12039543736,1495.17062255222,1496.8724041527,1490.60812960481,1497.01792765589,1009.35437363815,1013.75194500462,1022.99215133578,1020.27961361441,1022.62620323369,583.830463601341,580.240392452859,618.222920922354,586.53048951651,569.559463204231,578.984195618009,608.318773465457,603.94348510989,606.740464513828,636.663502990945,628.070958003313,622.171688762628,640.027873318644,616.33831167342,638.926888299652,656.507461250475,648.112868700466,628.562390865738
502,771.073029802839,934.640219827593,908.907232989176,905.357598810409,932.252931798931,925.300673021872,1350.68651968552,1343.72983115722,1349.46376651549,1360.53756981369,1359.30665991632,1340.46020337586,935.428373095401,981.45314373903,935.022290657645,908.736712941327,925.454034023066,954.080732521523,1167.59340763284,1159.93479583858,1165.40620454144,1175.82477673288,1191.67998762009,inf,inf,inf,inf,inf,544.182037070178,563.637732883355,543.329318840968,525.624599892999,550.169545688216,560.045551517731,401.622902332296,432.667040709273,396.158841730488,393.27214152193,392.043146684867,174.066145174223,187.661811579458,163.985499064261,177.357777955794,177.23982891485,230.386119790836,226.924507997849,239.117715993696,243.540384060978,207.422391596096,203.596758353859,670.596254806174,644.61701085384,650.954851010448,683.778038167777,664.701838307966,664.619910327821,1721.51326615627,1720.28268986768,1702.79775573181,1715.83256009871,1732.60425826752,1049.08225594335,1044.41272506134,1034.01674084745,1056.99630391736,1076.30411999397,1077.54302407421,1081.54224419076,1066.30896620652,1091.68438323796,1093.88592646773,1078.48345205946,1527.89900103954,1514.31891156865,1516.60205465796,1509.05249368528,1520.76439988547,1007.45668853845,1011.64724847807,1021.72654609762,1015.31512419055,1018.87203717192,611.051365179505,619.036842147712,619.732568447539,600.085723715894,585.619155250408,620.150305452716,635.14659228769,614.938878430801,610.592618044151,633.803676418859,631.372513472211,619.466680151826,642.063469556514,631.926469337164,649.256375503993,659.816429639019,653.67348755074,637.334956619643
503,754.278972498708,917.041443705593,907.556306025117,903.068063755737,920.024518049275,923.825599175458,1379.65227146022,1377.99924061106,1364.10630784356,1390.59001095206,1375.81433559052,1364.42785683805,958.445645635965,983.355651003591,951.555580993359,926.598657379917,947.666511196622,974.94118595657,1182.3038146453,1183.70163842622,1176.14449861675,1189.27487226116,1210.52797795492,inf,inf,inf,inf,inf,519.773937753737,533.445046599635,516.481178123491,506.554296913213,523.121933431216,541.275643515707,384.407951396003,397.038122665958,369.362092967972,358.376221675234,371.911786945549,154.154724714673,154.830006784774,140.177851843167,142.111602418052,155.089395894193,244.500646709105,237.88977916935,250.138883612788,239.592342349374,210.630315097969,209.719843390939,643.662854203314,638.225150265755,648.942531916513,657.964924215963,640.158733743541,637.915234263708,1715.58801693432,1716.65293869947,1696.97953581944,1706.93999329964,1726.28741703166,1040.16949056762,1034.48822633081,1031.81364843499,1057.64320840601,1061.45133227751,1059.8905357247,1080.12373424527,1067.04430867857,1084.53843832995,1097.01394919786,1083.82914030369,1495.59912337557,1485.83940674562,1496.4488551392,1490.80223865178,1497.73381306647,1021.48265405312,1026.15737508555,1049.00298126433,1053.8624784154,1034.01203051686,619.352575773868,623.777733310023,631.235964856529,631.609046512403,605.846855814497,624.364343623008,629.3740081803,609.371887811961,622.959898404149,649.300735351124,641.373989032849,617.409295114732,653.749417215117,635.971993494063,649.318055249053,663.781360256062,664.025315881688,644.210122531511
504,735.767623879368,901.923794366778,892.539400773401,887.98088157519,903.916735415497,906.835137592582,1346.30259358806,1311.78861921603,1316.53849337863,1357.07736135051,1358.57376065794,1314.91551259813,935.30386644987,954.623233703643,926.081166042681,913.708674392318,924.937651044243,941.744773017505,1155.62635808292,1142.33164996426,1135.40791525347,1166.01698242762,1160.43163154263,inf,inf,inf,inf,inf,540.901606635458,546.851538646156,525.581649053708,517.44510156364,551.088574274962,554.857556515243,402.098953967889,417.694454192909,406.097387218459,391.036709240585,402.782694271034,187.532087326578,185.68160434739,162.886833875891,174.078898484047,186.596552496231,240.739456088977,239.988044827743,249.171941061187,250.661640516234,233.439262204605,225.108978509581,659.571391160997,638.89270813828,648.985375922758,673.520012858769,659.004195998508,638.518853331569,1703.04249838834,1703.68838946516,1702.04623395255,1705.23004810673,1714.45575008049,1032.70771703163,1028.82600838383,1016.73260913813,1029.09521996844,1046.26023619302,1045.0726244383,1064.38660433067,1043.46697631821,1076.65829386529,1077.2265922168,1059.54757838792,1494.78393899558,1497.39889647975,1496.5086156777,1487.96619880972,1492.02812188635,994.075037723893,999.14848850336,1007.88856802974,1004.96456857556,1007.29393418988,578.41934713957,569.836342248132,606.826498666625,585.047756847392,562.638116550189,568.228263095714,593.782138653975,586.328887976934,590.932705260888,606.793250101199,612.680838931158,593.880487928641,625.011787958378,604.362373127418,622.551148034021,641.46052037015,633.200274861628,624.904373247715
505,722.164056143693,885.538936257682,875.983614403631,873.798805552997,891.952632621645,888.849162854792,1341.83077235946,1338.62514177983,1328.97075378095,1366.26011250087,1363.29255083956,1327.27251816951,940.861884910759,967.278296275336,941.040007113742,917.220659111474,932.553375409317,955.818474779755,1164.78706227949,1180.07055836915,1159.78244880771,1174.8519985016,1172.29522507422,inf,inf,inf,inf,inf,509.832353153274,526.876565581315,496.629855723215,499.584568493199,516.733902280153,525.136814698804,386.594758403336,398.604291743752,378.972490092988,371.686050551754,371.48187564198,149.897152429714,158.29137548183,140.101445977673,146.970208387344,159.773094105744,264.904416150434,252.973762405627,271.733551784699,262.350405865424,248.632249878641,241.037716877608,638.276364819536,634.580605197489,634.460446443499,651.150020184089,631.246020593531,632.29377616989,1694.84492209489,1698.65213147016,1667.84233528419,1684.79805382371,1707.70270037103,1028.96154881705,1025.87342535781,1012.58572875918,1022.5145621828,1031.34520409199,1027.75584716354,1055.59850934977,1042.09052245363,1060.44658086291,1072.57900994396,1063.18935327915,1465.48682456261,1461.42596544127,1465.03316523158,1462.60013654226,1471.31355238798,1007.00000327826,1008.0663843826,1018.42138011303,1027.64813947791,1032.91926399249,593.964763384923,596.051259071378,610.816268334837,586.608433570576,584.475682357612,596.108219564201,600.401906891309,581.172547889541,602.657965079369,608.500458631037,623.758854989677,590.636288753166,625.729869972396,608.066618087838,620.712355393398,640.609764851875,646.277784895192,627.233015527292
601,527.477538878903,664.549511074285,665.694273042575,668.34125466001,686.880622873445,651.19726177278,1472.10330012944,1475.37560988332,1504.42768164539,1481.21697610778,1486.99977485644,1455.07395913507,1147.04882847773,1172.78917634803,1148.94228977261,1147.2939975076,1137.39789628763,1162.75384617475,1336.97871250756,1305.08352743689,1348.91766087125,1347.31537295329,1342.86840095689,537.774204609508,558.026460883914,532.321615728873,553.053121364853,521.1117477716,inf,inf,inf,inf,inf,inf,376.03592352293,380.857832350639,391.357388512459,388.246789720737,371.759417032083,459.20636720397,479.766607174499,471.778231131617,450.9850787685,445.822051890158,722.454051893126,705.301564700743,730.95639106619,730.124503476198,712.46657833479,693.403835811962,128.347825494348,124.979032466832,130.356063324825,141.03114229484,121.03047932222,122.354998310111,1277.40962207302,1268.30938140877,1261.93945704293,1282.80963667328,1283.63604429885,604.936820041125,599.41208318783,593.626317714007,609.276824001994,620.396849891093,616.474680953577,918.847981786431,915.424246386304,912.167142509289,947.007015168595,924.103125938269,1398.46335778995,1370.14344239321,1397.72811637987,1396.26484434075,1405.65661402617,951.014090923121,951.055469850582,946.453280375999,942.199508873796,944.883303604108,736.799640789541,750.056267262828,738.74031917571,728.97849447572,744.68161330633,752.303951310031,682.275307624543,662.551319084848,685.895748965785,698.782056216038,682.186891025051,671.019514296235,674.282552264574,639.401660795805,676.126899647555,674.294568910995,667.221436033187,648.215934758477
602,545.415624863957,678.103743513025,669.832537491327,670.971122907092,689.615048687844,666.882728881663,1487.04550801869,1508.13542674311,1513.16416989746,1490.26013153331,1496.0507092719,1471.93156468689,1165.58118055749,1204.12868550357,1176.92778038635,1144.44553189822,1154.81556408856,1192.11204412621,1350.84739740716,1337.19018132628,1358.96421642232,1354.39710227177,1355.02684038185,558.537675613569,574.87374827913,550.571613538728,559.64116378467,542.605481695338,inf,inf,inf,inf,inf,inf,385.046927085332,377.32448053107,398.856638992819,399.631664323194,365.167247219439,459.329286638053,491.368792810006,470.43845926176,448.012625669391,453.144710107472,729.491721164732,727.997577031577,737.853646352467,739.955856351167,722.923199255686,713.612245872855,96.9530496744117,93.2335089242646,99.6586275846318,138.694890049604,116.261351305534,92.4560998137531,1285.42688529781,1271.40851370216,1282.97935950641,1286.85007846228,1285.22204842325,606.647013779089,600.500722685761,602.384877625864,616.659344855029,621.698332955436,615.508859754733,933.714342510029,918.664462050918,939.616293441559,949.480087372769,946.692124088636,1407.12646026829,1395.71856747788,1404.40064239907,1409.01502581217,1420.0104150788,947.511093033419,951.7804235123,961.026799324555,958.777514010724,960.893947416862,750.135073616465,759.27764500631,755.966221278339,736.751146971589,755.879014128127,760.655789234597,698.400604907608,682.495978097966,709.006276597766,717.705497209796,709.99067266128,689.568057850894,675.272616552303,671.322658291687,693.700592392047,691.638757561838,682.779774471326,663.177842955969
603,548.76996591012,673.041179046018,672.222205942707,685.112333671164,689.630269847678,660.498674948755,1468.68343595389,1474.68673637448,1482.09904303324,1477.91085175767,1481.02127783799,1455.30302030024,1168.08231447176,1179.73752567524,1165.2668625278,1142.09658822452,1161.43723226205,1181.67212640737,1341.75607994223,1300.30302747641,1341.92588420738,1351.16414349938,1350.80202596339,524.694727950803,554.418904573164,526.183051435686,537.803854426771,508.071567196274,inf,inf,inf,inf,inf,inf,371.800618944843,369.134090743677,376.330187656431,370.320567964156,358.085862798431,445.785323464697,454.377592925112,459.060741899635,439.758356777095,432.015821113912,706.053382745413,691.871817505022,714.551445845355,715.465833373031,698.264026451009,681.710510363312,142.17636009913,132.529287358659,132.247968006092,156.807438087464,137.038096728718,140.459507324872,1295.43455325944,1288.10121148099,1280.46446700048,1298.0315146056,1301.8670118472,621.512367502194,615.764362813439,610.330209999467,625.94608342487,643.220321539322,632.667931497894,940.228608566748,940.894506070726,931.12586394341,954.698498346102,953.935888236068,1411.74507774103,1370.66480576167,1384.84562068509,1409.605544703,1418.67850605409,955.390572296744,958.314038285691,967.929088355614,952.027479534195,955.970620395426,740.980277376847,745.994632220713,748.743411158003,723.475979953634,736.755559575136,747.480911496645,674.470131372423,670.060783585099,688.709483671341,702.413457733804,684.134175964215,660.68331823401,654.269805873094,637.804313443494,669.5311244484,680.749359218503,662.469660327728,643.30908486793
604,512.575103364569,647.240776433762,646.770408837144,653.357784290601,663.286650815677,634.800398937335,1451.49274076889,1452.14859779729,1459.03586019593,1446.88573376769,1452.73207141629,1437.32935254356,1130.57180947961,1155.52342776531,1132.36829355678,1131.92839391075,1108.33319663525,1145.9197202839,1309.69413850089,1295.07979666899,1337.97379832204,1343.04441390539,1311.66583349528,518.005525760446,526.788790740632,507.72683661394,519.65077452177,501.731792307381,inf,inf,inf,inf,inf,inf,371.673025239706,363.506186028714,385.401214092935,371.555190177787,348.626641346568,439.587724703294,458.117464762202,451.312201416559,429.044064135912,433.988467368232,690.129317971712,688.164411910182,698.449151804396,719.115270942368,683.715347596698,674.148403371397,128.208633995696,124.754228597516,143.689552028707,167.576955343202,124.202999935649,123.67461554752,1283.2766826128,1283.00233936524,1264.06324153825,1282.042099343,1297.76335385568,610.603030520251,606.341900457007,595.206068074315,609.029893016133,624.818969903594,622.944369771351,903.714329323082,897.310338117712,904.509524082567,928.378995070405,913.415017850011,1388.44426818186,1366.98949519373,1381.55126489927,1400.97661872402,1420.74475612612,930.281690189805,932.200676120546,942.61537547288,942.560032672535,943.905696569634,707.541715968167,716.233755996105,707.178245140025,694.214391090208,714.839980467568,718.001969231578,665.145837482539,639.108906345028,666.168828655401,681.141941917392,663.242047847753,644.610003248152,645.241758717075,626.629427634296,652.118586436404,650.371920954617,639.659815583824,636.192267702363
605,511.490061694826,650.092981588137,638.282852457492,659.887828431989,665.408555999013,636.553827150803,1461.27075191392,1467.12518464754,1488.75708788971,1470.74315084389,1500.32233171746,1446.9520226027,1147.48362329858,1147.36457604536,1144.09603046475,1118.90887978351,1139.80136524582,1139.67032686882,1342.81229807952,1320.94877820803,1337.13339494092,1349.94503045887,1330.95540737741,534.873200434461,563.465657940299,535.041373375193,562.778117913779,527.555112686047,inf,inf,inf,inf,inf,inf,392.165983306653,385.051827934137,406.243057382956,393.380034810486,383.996778615309,475.733615378393,483.686900430883,489.501640172787,455.70275862844,461.68623125241,717.574420902114,701.606206169295,726.717740845992,728.944945854884,719.816677437552,697.401147540465,120.426620451037,114.79075821479,125.374909026229,134.870224148471,117.407751903523,114.729326199984,1262.82667761042,1256.91958487596,1246.77554721817,1263.00819720021,1292.06127991724,590.673491881862,585.012758661153,579.371795744271,596.182712586957,611.827364053483,610.54464139398,902.773424695347,900.875020615428,895.597980435702,918.11743615707,915.264762434984,1376.06599468136,1344.32968188056,1369.15541961849,1368.12956661654,1390.46803169851,914.668505665331,919.060010977905,927.882907124342,920.576037890302,927.291311909161,735.280350479274,749.977826778332,729.722269198205,724.389859489698,749.5080484774,752.693272195939,666.438250563846,646.315526656198,681.345751172288,686.676170352296,678.071944874856,653.842636863868,641.916670918452,624.164677699596,659.82833540999,673.883381796899,651.873127778631,631.956636891025
606,527.966929570355,666.966807650964,658.340417263728,659.259066072577,677.634333595091,660.417383462148,1504.59552565748,1497.5295231484,1503.09558161743,1514.47103897497,1513.1786597849,1469.18192729948,1151.39807379314,1187.15303672513,1190.55315336926,1148.49892024249,1139.2076736714,1176.92800806516,1355.76873539277,1348.1474707222,1352.94068187384,1358.76866140382,1350.03155646765,557.005040835617,574.338970540704,558.973882912231,567.476859666066,536.741261168786,inf,inf,inf,inf,inf,inf,391.664556684835,386.494031917828,406.421298408198,404.913603421379,382.78372373192,475.570427166929,495.670355537942,489.66666512489,457.202136070834,460.010560949671,738.031744327174,728.839377223812,743.267206141389,747.087034662387,729.572752731381,722.712181426867,90.2269296279953,85.6237929632704,93.4530231936722,126.518296395273,105.701709696545,85.9635539845519,1274.27516246164,1258.10928475606,1253.76960113613,1278.30456534014,1272.67603549229,594.861124504628,588.42460772664,588.636241248939,605.362592562578,610.027843003505,604.179642046682,916.289526886987,908.911445685535,915.830978870704,939.762936077096,925.231564772167,1396.46511503617,1386.15892381411,1393.83766956948,1398.8908786714,1410.05679967437,931.81034802931,942.248445899351,952.581519987709,939.696277862389,954.006592884859,751.073411456687,765.081994826673,749.23319633995,738.196394782384,760.459120086058,763.849903121332,697.958413102073,676.630966706679,713.632566129999,717.798053249702,702.058946535871,682.132488163148,680.267622526525,661.896943513316,686.752529587317,697.969452627799,676.375829823919,672.226358911743
701,853.864587749415,996.956586990377,988.327997057658,989.270995939718,1007.63258516997,990.257539826233,1594.27254686112,1587.29736328781,1592.89830618164,1604.16346071711,1602.9272333893,1600.1048915455,1209.49857641962,1246.96903324708,1243.60923249855,1201.62523037086,1197.23098376569,1236.89035077452,1418.39874245926,1410.7046350806,1415.680216299,1426.55482011123,1436.05895578249,418.395311544831,419.360337954682,401.746126997723,420.062322571205,404.744091770126,386.321031041749,393.848739311233,382.259966420817,388.108060781603,404.311161024111,400.904770605458,inf,inf,inf,inf,inf,235.034254897422,224.321563296353,244.56325153376,247.955244406613,222.517455146593,509.544356875257,498.895321308237,513.254894907474,518.553236451707,501.028313619073,494.243494149128,464.636260871748,459.997693453311,467.792076712568,480.734809173859,459.940516885503,460.384926627573,1679.21473213634,1663.88850158351,1650.41470571836,1674.6782699158,1677.43983668081,992.447529471167,986.021102942993,986.28059307351,1003.04136073044,1007.60366587864,1001.753604563,1245.60822829763,1238.3484622476,1245.79855867869,1269.29870252903,1254.63186973821,1726.35204190287,1716.04138448656,1723.70551542293,1728.87390963918,1740.05304418947,1258.06438872753,1271.753089087,1282.15501794131,1266.01412328277,1283.68215334131,868.461768817679,875.516409738379,877.56432552776,857.902813419125,864.496782557931,849.753410845174,865.963221647783,865.540485130544,866.546264273044,881.537058844103,879.117979779063,870.933121552926,890.334379093587,871.924475089992,896.956823334549,908.060642185778,909.256977941804,882.185310932497
702,869.29249171856,1003.84035007829,997.787316366172,1001.66659083904,1017.94137362931,998.311376738217,1631.28393414433,1627.90527677387,1635.30831723643,1644.46849216919,1643.85513817087,1616.91915558286,1247.72079859047,1274.26673092186,1247.94226057747,1243.85361947085,1242.91146426145,1262.61077511923,1453.20826238517,1443.23758278289,1457.23854741134,1463.21952776201,1461.27047231114,423.805159994902,453.585800650381,417.314788444575,439.034501781615,419.786292689019,393.319257597506,384.502049009054,381.376204849781,381.642781709603,398.625800347696,393.29640754699,inf,inf,inf,inf,inf,252.328614527623,242.861046690164,261.842218206898,263.927547560142,250.001787979917,512.710356274428,510.477770135338,539.849576690692,537.200406544822,519.631514014836,497.632468740378,471.060673908127,466.444560792214,491.315653004943,484.676403078632,465.575106899721,465.156474306986,1675.70838851389,1671.64842965169,1647.88748333174,1664.01818297938,1689.54404092149,1004.6918301435,999.354078611432,993.211241790364,1001.79922105108,1017.33463182271,1009.52713610289,1262.0182947232,1256.99170947877,1256.93874810354,1287.70329396545,1272.85310557915,1723.69518474407,1705.74027136199,1718.66591402355,1728.79210674546,1740.32866498103,1287.02033156755,1287.96209752468,1298.32585649416,1299.0654242088,1300.08182867869,878.395840994973,879.865664313634,903.795406200256,878.198893258209,868.32295899415,879.869993722036,875.800019679711,856.763676349802,877.921103726892,894.035054038575,900.516375527305,866.659763773591,901.041748900965,883.418468454164,897.942345190754,916.284900724458,924.086736067641,893.482319465188
703,869.661420283251,1012.72638877364,1003.87050141714,1003.84640549913,1023.6163858228,992.665763137525,1631.68005756988,1598.93840220153,1603.39216575488,1632.83194871077,1623.48395891749,1605.49163689217,1221.70460438043,1247.4198408067,1234.95503648522,1199.25038579165,1211.93368772814,1251.11452066825,1434.50621755218,1442.37080895415,1419.89005660127,1437.84892656802,1452.14312317686,409.741561320191,414.560933159196,387.432264100474,424.668777377225,397.766578616997,401.586894615019,407.605920187603,386.334051567061,402.013880636595,417.171517107128,415.607292730116,inf,inf,inf,inf,inf,229.919294572743,220.691022555058,246.631025521447,240.539935525579,225.833671319529,493.556663501337,492.918047177256,501.993130830643,503.497145221296,486.307984091259,477.954266509953,486.419071647819,472.427347422243,507.1976396886,516.309839843442,476.425653988155,480.483619522163,1691.04871464474,1679.31206141734,1681.25560428312,1691.79940446478,1693.52860983565,1007.36903087595,1001.27177998837,1000.04480976127,1015.25100615796,1022.85069352209,1017.41465933534,1276.60089208945,1246.99964710632,1264.79324248666,1277.73652748785,1272.45651552017,1736.60079639744,1727.53760012582,1734.63996683498,1736.71830351727,1747.19500925977,1273.67883736849,1288.42591911716,1287.77929764472,1283.97154297856,1286.61233039571,873.967282350535,877.90035874954,893.928759731855,866.07489861346,866.301946145701,878.212125991017,884.909636907214,865.129440468186,868.091679430039,884.048643364691,889.22565561714,873.229263019425,902.477826624387,886.119929642538,899.063154988059,919.000132686144,911.577129951107,905.961731793129
704,851.02764639711,991.185772436668,993.039973383361,993.383493509968,1011.79124227274,977.693687550662,1606.01846826761,1604.31931870627,1588.96933704522,1603.41318573208,1600.32053104755,1590.73570339658,1198.18568348872,1223.21104280031,1216.97724833697,1191.8352944496,1187.49293705711,1214.47695897167,1413.9222144805,1430.6319305812,1408.45729043302,1426.71155845386,1444.35437243531,388.187867943215,410.547661308857,375.101422840387,408.523736648395,389.365291474059,397.307059803187,407.204069566989,379.712835184297,386.421854463411,403.554366314891,412.926937169987,inf,inf,inf,inf,inf,215.790961782712,208.979267801661,227.062430569748,225.202183828641,210.198192295537,498.75985200747,473.660875344913,496.722312440064,505.761299223071,488.092463723593,465.945570655548,477.669666621224,473.849373513136,485.630597802278,490.821934304177,471.354319289917,471.7015086452,1676.42052356653,1668.54893043139,1662.21164963489,1682.80519223692,1683.15018293323,997.814784109057,988.936481822397,985.543781227904,1001.49182388566,1013.11319774502,1013.13234674576,1244.74751278053,1242.34646067073,1237.4128695499,1274.16672978667,1248.43886202193,1724.01382802787,1689.92792446658,1723.58664113374,1721.44963931373,1730.7822890932,1255.72507245516,1274.22825308337,1271.39671358471,1258.69709975403,1270.75817567247,860.59401614753,865.283500331192,871.885116846201,871.121587738672,853.801311291766,865.820752227365,868.321022578546,848.312394242386,873.20154589248,868.342626813906,880.220097772209,855.983215320323,879.851900966567,870.632476736433,882.686488129802,904.929185219443,896.371107225696,878.687957447352
705,839.06477196747,979.007967205344,970.892844931551,972.028275199062,990.71475413189,956.706145833378,1598.75308902632,1594.21327843412,1601.08929869449,1609.63257846798,1610.05573416477,1607.74123535956,1226.59679322106,1233.0619406856,1232.20290328778,1202.99860938775,1217.34331769183,1248.47294193327,1417.30194194004,1405.13508023871,1420.70400769583,1427.4745023628,1423.52439032166,405.175455081776,408.926137397656,388.345232776586,420.014944807266,388.702134702437,377.185555616365,368.573589833125,364.674589776907,363.538113897383,395.007882241427,389.955887949728,inf,inf,inf,inf,inf,227.550545722508,224.035376580186,241.210370284751,236.313700867004,216.667765915019,506.837282445454,503.646097110923,514.906259720098,518.835968540644,508.504814221843,490.600930773459,466.196129511549,460.100662168343,469.054493979747,473.356924603857,441.992824948613,461.248577899547,1656.46698018205,1643.35150517986,1646.70485478524,1653.33166230545,1657.30802120695,975.953384379449,969.803630432879,970.618173171243,985.444495231889,991.415795888212,984.684798216188,1231.81535954161,1227.36111297694,1234.57068959145,1248.46786427434,1242.82947401524,1706.46209391864,1694.73276132763,1703.76411182444,1707.86211696645,1718.65686496941,1244.76587193559,1250.73914068966,1258.94014597655,1254.61573796217,1257.50945346256,856.154875364503,842.920288770889,860.954231534811,831.518451990049,831.310364177863,830.450410975725,847.640601300432,832.66161000164,842.918205201102,864.885026873285,859.454476368012,850.420511497291,869.352418717696,851.995847243384,878.139656138336,885.861196460235,879.011524546019,860.237590475187
801,775.672664905323,938.800964472377,932.9933749502,925.465422440452,956.154611519903,931.992699998924,1514.7203584924,1515.13747368588,1494.02662568052,1526.86973546267,1505.01157024418,1496.78104673477,1093.54440729468,1125.47341652186,1090.83851899185,1067.61292983853,1086.94975682578,1107.16652319204,1308.72714211215,1298.83170088532,1309.01540682069,1318.13677181973,1317.84128859481,173.445578435064,185.199595419607,165.400093942561,199.838398892742,162.032992365732,457.065140952304,451.189504980886,442.688895944551,448.057464336067,473.792673073988,464.739251578842,228.297363326311,243.3159900377,223.83681719134,210.557654246928,221.946450016956,inf,inf,inf,inf,inf,285.48460354569,272.468605150254,291.012644790311,301.932013903632,293.793414948205,270.869530931506,554.558060556385,546.885822278844,558.309385671777,572.028003561161,557.256856248022,548.181360158041,1738.74761409089,1732.18900157541,1723.37754668371,1740.82914040112,1745.75061179379,1061.20006373105,1055.56529010386,1054.33891923777,1065.67446960383,1093.68917650594,1072.56163490928,1138.98065165783,1122.8285788456,1129.80088323744,1153.38556328193,1152.77656137736,1609.17788158187,1568.98109045465,1582.00305460531,1606.7075216022,1615.54414751824,1148.57325338799,1151.40935046932,1161.05643370282,1148.07806557079,1152.04898514267,741.206728687351,741.594218838274,753.810484894841,745.656697754381,730.295041195806,741.300384754914,747.048584101039,738.039693386861,739.479094754578,754.803271274167,761.524541463667,751.897746117304,764.178656334076,749.779661186942,779.094073695609,796.840965519724,776.690748697795,761.866455119381
802,784.892622233013,955.563386318967,951.899327533251,949.868265188353,962.115954011984,947.340432101357,1519.27669693205,1517.86245603179,1489.70098049752,1530.18599715292,1501.06591215339,1503.92155179629,1098.21839145389,1122.88884272092,1088.61464254459,1063.37559564419,1087.09881026691,1114.76579056813,1327.33629440257,1317.23300558759,1321.97513237783,1345.94621820783,1339.29809827728,178.147038790703,199.272238829396,165.8364298388,197.457394088299,170.515306028286,478.63680443852,489.66599763979,453.140265820044,466.48995443731,483.445797315426,494.570554308891,218.376298632404,233.667009952539,214.299046827963,203.514902584591,220.077861687509,inf,inf,inf,inf,inf,298.923812968668,279.942706814552,301.236647884775,295.724354710845,279.007190943111,260.549795476829,557.127535717678,552.531909343736,563.890016475357,570.893231694026,552.232233514389,551.239592885465,1751.1587124769,1743.65536955386,1736.02816751179,1757.58826473887,1760.94410238609,1096.25710960252,1074.41768175915,1063.41468949452,1087.44158554784,1108.61636605141,1100.21134140566,1150.89938111988,1148.87659581306,1143.48077346356,1180.90139962867,1163.3900441149,1629.94053867351,1592.29862769977,1611.20706126631,1626.31307312658,1634.87680323107,1161.76883852754,1180.90155715585,1191.97474525244,1162.80094025684,1167.09313019611,763.263957963753,768.31840233598,774.531374441546,776.859169949668,749.625513621209,768.958737670768,768.957004895571,759.437367707173,764.117718200727,774.284229079257,783.115776718336,770.813628485022,784.383737380573,768.308631011379,800.443291822122,817.170562569719,799.695379527196,780.991447977455
803,788.517454693438,942.507942403605,934.585499448524,936.550351490512,954.684763939298,938.136974722531,1472.51380849519,1468.54352060318,1474.8729350378,1482.59472582678,1483.06600760442,1459.86397196547,1066.00651948569,1093.39427873681,1063.17478186813,1038.562378136,1063.13529815796,1080.61531221713,1310.1629686238,1300.42236673858,1281.82586199638,1298.06956902873,1332.96480403925,158.018547966127,172.17318096558,148.594073406554,171.747802494866,149.475648691279,470.0236233513,467.104632643727,455.988989958136,459.464979842891,488.736707436732,485.113334130396,235.718057333656,251.457979823907,237.675735062387,220.386116507383,233.892480180128,inf,inf,inf,inf,inf,282.074719380895,269.246486608803,287.290312317782,304.26817222877,266.667569433142,268.682506541007,556.126630725956,550.76486524772,557.841505422348,587.108194134123,555.429792962087,552.185849224829,1740.67914999889,1744.70546089773,1722.55350540613,1738.50429751366,1758.00114807707,1071.06623797502,1065.96501251721,1057.09863434165,1071.74903613841,1092.60710426704,1083.062172176,1129.86471076161,1126.87220838592,1124.6527303081,1145.62002170984,1141.42922439775,1610.19834558294,1595.22969481266,1606.72476784245,1612.31321989645,1643.58641428895,1143.81461056468,1149.27214890944,1157.59533692386,1153.64462115619,1156.39116863331,757.667140228961,729.185488299535,763.879322328772,745.123184127803,731.701210019219,727.421682285813,764.351090775894,737.740843119023,752.232462147282,762.098086553949,775.569951918589,748.94012458584,779.233334676632,769.775332432488,777.863185169137,792.498034287408,792.426786778235,781.835013864037
804,755.438094960892,923.643633073126,918.076309909198,922.336164779086,938.122967048943,917.328873819863,1485.9619586212,1482.8792512564,1469.60564721043,1516.53186262359,1481.64686968784,1471.38536059772,1070.26027777546,1096.58515489075,1071.04612133231,1036.14307088315,1061.82804613284,1085.42738702415,1300.17036298999,1295.96954004494,1285.76448551255,1310.31251468188,1307.60291024545,173.163561214055,188.672861952858,153.026433771563,185.18776717698,158.364612347268,447.905798592324,439.852600303852,435.723783532111,436.552039955989,453.601571306281,448.930575597141,240.522717470424,254.208864989594,233.790472688281,219.30240086351,229.648293374081,inf,inf,inf,inf,inf,286.593696038114,273.410868893165,295.00969958135,301.165838210527,286.990328997344,267.487767677702,552.885674532025,548.522445615567,545.809024086536,566.327266951357,547.035744532777,546.954683467363,1723.36862942281,1716.47948192241,1707.24546017351,1724.90347576544,1753.29291119354,1049.22475363073,1044.33592504706,1048.11179028128,1056.93700296865,1064.17301346516,1061.29060855394,1115.1890407292,1110.63517447739,1109.65110614241,1141.67050457218,1126.32246707072,1573.3331535863,1554.64383385574,1568.03789526018,1593.7676312745,1601.75885906789,1139.42918055445,1140.05956327343,1150.54024224416,1134.54500321712,1152.47415164837,728.3361709646,730.438426319235,741.009982415883,734.906985273248,718.849309556372,730.539761715569,734.078157843267,726.235374450795,726.616157713049,742.339401397215,748.45856135275,737.454930777053,750.188544093029,735.734054927018,766.995499266174,786.250570711696,763.598478536748,748.806512655611
805,761.115913964539,933.241713754062,915.657663662417,910.837387709872,942.538533225729,923.64169808647,1520.77623708829,1473.41763175787,1477.7239370917,1501.81216627727,1502.65163541742,1483.45089844723,1088.24004608455,1114.01314472314,1076.28426998401,1065.78945301312,1078.58186628267,1092.61550310484,1312.384357227,1299.81904063358,1294.92099207421,1322.68847265879,1318.19298040625,183.994996371088,188.609846314618,167.387135399017,198.854654805181,172.225455556188,443.270909903876,450.106261695167,428.509517965719,444.690520114497,459.751031620522,457.692253352093,216.848900558503,241.217439382159,219.84825291754,205.062839276729,211.740563418689,inf,inf,inf,inf,inf,299.868361159202,291.282905021953,306.817003069186,315.813094111027,303.621785945619,284.544776659858,551.870666983816,518.753671802506,550.881615734754,554.469674183513,542.600753150267,545.8978383761,1728.6802535941,1718.01947520457,1718.10388154566,1716.14617260134,1732.19181105834,1055.78703956953,1052.1131565997,1039.63677513232,1051.32437480753,1068.9838837943,1068.13313836631,1144.51204628461,1131.92550576054,1132.67126247406,1156.57315447919,1148.22627713736,1603.22961975066,1595.34450699879,1601.61297649088,1602.67041229584,1612.88980290563,1139.3566618821,1154.8728448229,1153.5395073114,1149.50763149858,1152.20098331118,738.427857456378,742.177901191523,756.184214247342,730.850918408959,730.57537618681,742.472967041767,744.796025644256,732.461399700419,742.635889110805,758.614515049055,761.464535065264,743.988362260683,783.273294310749,746.46353468264,772.915276927169,789.75157272377,794.674659897307,758.430347251431
901,964.119291513368,1127.27881187637,1117.8214928342,1113.60976673283,1143.10520455851,1121.3424692984,1492.81477910741,1471.61891135338,1470.55536072345,1503.69362145253,1504.41509482829,1469.09859919208,1098.02994141388,1115.02632508253,1085.20623101645,1075.13421903345,1088.4686328959,1101.4331357339,1323.73107139663,1311.25790659735,1328.11310314318,1333.994665155,1329.61765481725,227.099475385584,209.80623307578,220.581961138417,224.686132088731,241.058566611495,691.20882562243,696.355236748882,675.5313437258,665.368393133351,681.317139015013,704.789204229421,473.513400069116,478.847381779019,457.933716722561,464.527531464337,472.536370120234,252.874647793555,261.049035938923,240.665428223413,253.582149029724,264.207233257771,inf,inf,inf,inf,inf,inf,804.965411939682,786.907742325481,794.407052314034,821.803157913114,815.666383137144,788.785394336529,1928.73641865853,1928.08615186463,1906.78789668609,1920.19421644775,1939.59109574146,1258.08524623981,1253.88942615682,1242.40226931223,1255.31388130504,1272.02842147982,1270.44190119789,1299.7920244609,1263.99006089472,1296.84631928355,1302.19846815518,1284.70148395106,1708.72831166099,1698.79261421065,1706.53350450901,1709.23927153239,1719.81993987589,1150.37110522009,1156.3596224791,1164.5129422561,1160.47272644865,1163.22006084858,745.137978087731,748.88163562674,764.079822578379,737.283245359159,737.274485704094,749.143792615631,750.225040912782,737.001613289478,746.494745127827,762.456987845942,767.252178685494,748.710964677296,783.854674614116,775.591560779865,777.202416610139,792.842245683296,796.161364898859,791.956722511291
902,975.18127477583,1125.85022084456,1116.34362425802,1113.36859179064,1139.06938398704,1129.33919470509,1503.39251921328,1499.60782911523,1506.56417523335,1514.25487966799,1515.11495773483,1478.05955321721,1104.5713794527,1119.75691914217,1101.50689167694,1079.40455258278,1105.0304748719,1117.35183802178,1333.54160129396,1320.86426310133,1298.43610388531,1314.46877733731,1339.10950326696,224.569575588509,207.830805270153,223.633803182619,225.088138503921,241.349217116489,675.364419304189,695.980224944252,661.737488572112,664.419293526003,670.797672518237,689.801622022328,459.845987018985,477.541893051556,458.659680237193,442.065300064366,470.72709657127,243.838844261882,247.320163469776,230.41331264654,245.244339374327,257.362748570967,inf,inf,inf,inf,inf,inf,790.56892055565,784.761456877408,794.27542114866,820.48873868655,787.985274817609,785.486615451203,1928.0053546214,1926.8161841036,1910.10395062668,1927.11643029412,1940.15157521696,1256.96491707328,1251.93406375195,1242.77646601802,1257.3607186825,1282.63870901092,1269.02632767653,1291.74152875266,1275.2769075014,1306.30621615608,1306.93030176211,1291.49656741338,1719.75493199922,1706.61431340627,1716.59802663681,1722.17108062095,1720.17757059357,1162.83658537047,1168.05857007638,1176.79141746233,1173.18243327533,1175.84657942494,769.397757318371,734.754440177167,773.629531879979,746.327501066588,747.401981677108,733.316387806501,768.740310947502,747.219797948998,759.380150570013,786.532716061342,779.780984606802,759.605285021032,789.947166593975,782.019900840544,788.040110182714,802.146163235895,802.677024776103,793.567207577663
903,972.063550678194,1129.92748043983,1125.58713819986,1121.51461809573,1150.33338457284,1129.41001828021,1497.5079702794,1491.20551412139,1497.8013936794,1508.22424312293,1507.65518429599,1474.80803158458,1104.46192427517,1141.86501724596,1091.60760984338,1079.77671057457,1096.30306243725,1108.62081007815,1323.42017152376,1312.50670722291,1325.46811995598,1333.32732331681,1330.93591492058,234.618849936254,217.368661605417,224.010726427905,232.643423491068,246.532011662805,699.065640707119,704.071759001418,683.383760716144,673.173153958195,689.048054340542,701.162158350634,471.424755367634,502.364387775283,466.01387796548,457.936389510506,480.212365719582,257.054542810829,261.712589609644,244.393983909986,260.674107243145,269.816649178577,inf,inf,inf,inf,inf,inf,814.757571607126,794.066088142584,802.159264843972,831.301894300681,824.12715631696,807.895127560817,1937.72584069247,1936.57152642437,1919.36884946646,1928.9033291209,1948.42067545769,1265.9208593801,1261.5836209378,1250.3604487327,1263.34670416987,1295.197177692,1278.26118900747,1304.10114568689,1281.2708961098,1303.64166125989,1321.19349345495,1292.68102324479,1713.25072278719,1704.1358785536,1711.38239838877,1712.87157572785,1723.01623363642,1153.31644209353,1160.76595652132,1167.76533320926,1161.96515364369,1165.32878721057,758.360010362578,750.473990461513,764.411031861413,741.799035681279,738.925954221681,750.451912394363,755.562755521927,741.135572056831,747.756708817308,771.200543273148,768.775593942885,752.986296458288,789.696805588949,788.603260598691,780.994600146719,797.315777915884,801.736394444358,798.038642191652
904,972.835947056207,1125.96965077868,1116.51206626407,1122.46882712376,1155.08445677568,1128.38694642789,1474.73468927929,1470.89217076909,1476.11845694127,1485.19820347898,1495.69685709526,1460.01337591093,1085.42611808089,1112.05853158571,1084.6625767791,1060.96854555643,1077.58482159462,1099.98792481975,1313.11666427427,1313.91626859589,1296.19703796223,1323.0119451359,1321.07635952282,227.855703561493,220.466922343639,211.769977745388,233.001225722374,235.950931702805,697.173665295382,705.112274983431,683.236860970288,687.768422577507,689.784300354247,712.137685032596,480.786560069628,498.082825795301,466.139175436264,469.793714406803,482.755285075233,266.412901912847,257.877577236387,255.541792558671,265.230373379599,277.240594423924,inf,inf,inf,inf,inf,inf,829.51810814535,826.269891957153,818.257679664873,833.421926295157,821.652468574575,823.52096849628,1935.99342957355,1938.56688205582,1918.4851607566,1927.03502404645,1948.40013209356,1267.74683711298,1264.31641410231,1251.45408937309,1262.22979240241,1272.45172702602,1268.42505158255,1292.71499893055,1279.10385214276,1296.49721102988,1309.73099705799,1300.05384489056,1703.97183873845,1703.17084064457,1716.73152062242,1701.55629850742,1710.56732123531,1140.36423303091,1148.97245686387,1154.84670621542,1148.32057941758,1151.83990191932,737.837229892531,739.501072191197,754.226117492931,742.060183160453,727.977333169468,739.454552079073,741.693597254573,732.151192457112,734.867084691102,750.649636501928,756.465304941116,743.66551544473,787.38404768532,777.801188030968,773.044516112928,789.925858219623,797.232885514956,798.859640092299
905,947.154652408337,1120.94916050063,1111.91163599524,1106.42655224976,1120.75125190462,1111.76049652222,1472.21663411266,1457.10854177475,1454.98248428631,1475.92713145042,1467.46798538211,1456.3993541011,1076.37675295926,1100.91413741729,1063.98071185803,1042.21173328217,1065.07892649145,1078.96313851416,1316.98859463268,1291.21185497367,1293.07197402859,1327.42012022026,1320.3672263477,222.754330894852,185.120779168159,187.863772595483,216.939960888957,225.262586517826,681.021699692276,689.585781963199,667.541403868239,658.68337300513,689.091057819443,696.129140426175,464.210408057848,481.663382828068,449.8996294951,453.073637167113,475.786445156534,261.311884794456,244.201375359938,237.942845185019,254.097192397632,268.09962074313,inf,inf,inf,inf,inf,inf,812.469167507226,781.443976934294,788.790065226963,824.656892613169,804.38534151007,806.473482137716,1917.96001583156,1906.17336444702,1902.80563616017,1905.23467775136,1930.84178758645,1251.99309113895,1249.05608030304,1224.30738291327,1245.70046987253,1264.15893745484,1264.16446230622,1280.72078272907,1251.03396902742,1280.78114591955,1301.35835547342,1263.98033221775,1694.54858162122,1687.88955731789,1693.11122192782,1694.13044533404,1704.61934422818,1129.07285765187,1141.25023969373,1150.44269404084,1135.72093093462,1150.66482224306,733.290841854226,738.900116816974,743.738846463349,724.24669357463,727.537490357017,739.557588684315,736.835990529383,723.561844863019,734.479101313868,750.189611745614,750.712878430245,735.037144368721,771.195216956074,765.421686174839,763.810594182358,780.015217632326,785.134890964165,776.886197766125
906,948.201310630798,1112.50295633034,1103.00892104314,1099.15725435339,1116.16472142258,1117.74344923409,1469.3670278648,1455.83023112025,1456.91194877321,1504.03250603519,1506.72260328781,1469.12439035416,1084.04663264684,1109.13002517732,1084.99846615596,1053.52996815606,1085.5023074804,1098.9805973209,1331.52340563492,1317.12344291667,1256.05514156334,1302.5088867783,1334.08729425298,212.230858033635,183.273630421473,192.688906054713,210.441266736346,229.035896522847,663.231660547317,682.144747627047,651.339966203861,650.777734656634,667.873386579895,691.138005876941,459.488670692858,463.999800839904,443.607748358102,435.7032210202,457.648399848908,242.151543613923,236.091678866354,231.137186307417,239.229023631237,252.074971522022,inf,inf,inf,inf,inf,inf,781.963359192233,778.617431178982,780.270714614679,823.587724025766,777.683730416311,777.408045556957,1910.31649121123,1911.83680091737,1894.87200928416,1908.988065695,1923.82183643549,1243.28232304757,1238.89973907319,1243.573062199,1251.97316641192,1257.61481070326,1255.6035471336,1268.58688304338,1253.84857703153,1293.09727626265,1290.34333067816,1275.56371980716,1707.76662202687,1693.65486774614,1704.13961919455,1711.83251578884,1706.93695338225,1154.68623621092,1157.18391211116,1167.35560876696,1166.73066045612,1168.28856973629,746.471695612992,722.233616801371,770.823230326068,736.111735149942,741.643873658154,721.312379001961,753.142521188462,736.881390879975,753.52214160258,768.707575465231,774.469325052941,747.042163044668,778.61590499823,767.778123553307,775.586322798413,792.406889742912,790.727505158894,781.578127017605
1001,528.673000422372,666.849586991225,668.78286992705,675.983591280014,682.426532170882,653.363934722353,1556.77909630682,1561.92055812711,1569.8823946369,1566.82880482527,1581.63652155827,1541.48573896067,1234.14444781781,1259.28152845141,1230.09857906515,1206.76173343385,1223.6746846873,1250.49190420297,1414.41793169101,1420.30069883418,1423.65354503392,1424.85447159876,1440.62369197604,664.200890546758,688.452780110574,663.504789360029,673.294676392716,658.346156935993,128.580855550952,98.3652960435494,143.823903327189,142.007242325125,126.165777039972,93.322707774399,477.285584790935,469.60503915303,486.445682332646,480.017672925144,469.699789544935,557.418589244231,564.666139022285,571.36062738843,559.456756294863,557.37718272658,842.502759511262,829.959704206554,851.560259931085,864.738128586957,847.319492319668,823.157712326523,inf,inf,inf,inf,inf,inf,1189.23593944842,1190.02995648276,1170.59312689865,1180.80450712289,1213.24753858655,614.951646423004,593.236123623245,593.736584843841,613.89712508773,617.582782822656,609.664046695526,918.999865765705,916.241255427214,912.364882891821,948.206732256174,931.080758258895,1380.10699698509,1359.26664337383,1374.23761183391,1400.97149946299,1408.13785933816,932.260411051724,950.526540695287,961.537890665708,959.123831867601,944.742235217883,837.78198231528,841.89395190907,849.774881578853,817.966297877973,831.994740210836,842.414400152187,776.565765249258,762.732888251764,791.486742710841,796.804571483805,778.933230947946,756.486264516165,748.988638455782,731.206619337352,767.038621487219,781.656232633004,751.828061632103,739.649438975553
1002,530.592762793917,666.400939598006,667.555502135693,674.584949011774,682.177634750141,653.278420466697,1543.22937600721,1546.72963016681,1552.91348820427,1551.67788854267,1555.89645324237,1531.71762699975,1231.1986981237,1255.32343995093,1228.00935919768,1204.01546926335,1214.67211946824,1248.09530717592,1423.41715660498,1414.3290581127,1416.32138703409,1422.33286366376,1439.08981191688,661.110557292061,678.44589861649,662.59188400421,677.521394541948,661.854617949888,141.781636915301,110.292111083301,147.05718310333,153.767635065319,136.178740127651,104.291806431781,483.377874389283,477.482956800447,497.994272678174,476.406192859899,474.579627427773,556.373565522079,565.874220837854,570.569683341696,560.595887654583,540.275529134975,841.0933185847,834.821212935416,849.134387718959,880.136614127727,836.284387093959,828.907587774525,inf,inf,inf,inf,inf,inf,1200.05638925667,1198.20372589335,1181.22535188208,1189.56480587119,1211.51059571754,593.5968887654,589.150344267331,594.810054267745,613.845141785655,612.121436150561,604.067773487218,921.392270664024,916.868582346305,920.862822613359,948.512511967025,932.201270066988,1398.61252930598,1382.1075473483,1394.50515868067,1404.83772213348,1432.38371107167,934.730575120799,951.86670512919,963.131308965064,943.962012964459,947.008535708518,822.640565135509,831.222149197203,830.089386172961,810.794942457552,821.306422461571,830.913351045596,778.015581733338,762.922800190669,795.008109948115,797.521858108814,778.820431903554,758.065975711649,755.192341483769,736.232174568936,764.189232128187,773.248277176672,765.356283856321,744.592638916474
1003,511.915660637394,637.148303396825,634.957262809977,640.816158142314,665.57882524809,625.768436216972,1533.46932544544,1539.06056352591,1544.3227750782,1539.91819720828,1545.11576307465,1525.89868511492,1228.65388524379,1233.33963337332,1242.0499473735,1226.39052334959,1218.78302302118,1243.8496559854,1387.96197304883,1374.86927039247,1405.01347911677,1403.71989619939,1392.93626525131,663.308326552017,680.484238938471,667.310946669437,667.671838435868,646.508457793421,138.225138964293,108.130549077604,138.897465384938,156.704775042212,140.247164042703,108.706889383226,485.754525060817,488.19873359478,511.643951141681,484.029117289056,475.430906168929,559.99766125654,570.70841365417,572.869018604792,551.664967323385,559.146140111665,836.352075518433,832.339597607223,844.269425047009,859.216589770934,833.818890506634,820.094466973934,inf,inf,inf,inf,inf,inf,1192.01033548279,1178.87938590683,1172.3994231376,1180.05533430495,1192.09799055813,577.088378719706,573.050602312532,575.744904096046,589.644028449049,597.947598501512,577.037550149856,903.978742697383,888.530935890656,907.120513535103,919.898938811562,916.331125436613,1379.14143785006,1358.05443333935,1372.74468291442,1389.74603820242,1387.02477729202,917.488645832566,922.118082163247,931.227194196048,928.233728237912,930.68623933745,801.181845060214,811.640712687132,804.767043902206,790.247750658049,806.056975066474,812.326343397604,768.820495242524,740.806703081427,767.400553382501,785.904939998328,763.573176062144,744.481985864992,733.212933013004,715.90535835937,743.477437012256,749.719025442749,741.591996980423,722.125900676091
1004,536.309282947315,659.586527439529,650.928130656141,665.830478550031,675.657285529837,650.90631097819,1571.43054443878,1564.04272264955,1569.64413438797,1581.18988919434,1579.70495270736,1556.07317292241,1232.99793337136,1263.69732013718,1264.22995832132,1217.27348633969,1220.13504383771,1262.52865011038,1427.05420546668,1411.88902325381,1439.04058548668,1437.12813327338,1448.4111215835,684.860238383116,701.614560830801,677.748976786076,688.13058738574,671.081324290571,142.953485752936,139.130600593631,161.631540526235,179.072123060365,142.359718154474,126.998333487399,482.553671306499,483.798095410287,508.986217596758,493.734234008222,471.001325376526,572.016806449672,577.994872156691,597.121425035902,572.282647691119,558.11153074475,859.660987386367,856.409390217285,868.424693292605,872.74296177491,860.919692089863,857.410382953348,inf,inf,inf,inf,inf,inf,1174.89902776704,1173.93144955829,1156.16588288897,1168.94872558568,1186.14992186413,596.280807570785,591.213345874515,599.252133601959,623.275481468657,612.758120032111,604.337804871911,926.065637773495,914.885887241903,916.663349043728,940.17871588462,931.307195695803,1400.19410059213,1367.38147700487,1382.26368795496,1395.0129557743,1409.92048287574,954.384865108435,942.717180995434,968.670629850251,961.930928973423,965.593489247787,842.582093248262,850.274277065645,851.607122553802,831.940027315169,841.246208271577,851.342066415798,795.725409185574,781.984182531527,812.23252050383,816.414379475542,796.590627217821,775.296547052781,771.596522280427,741.957810996533,778.265567748577,789.241966461091,783.472045252225,747.647422717177
1005,543.52380405361,680.501606820095,681.299627563519,673.289693558739,688.057769293869,667.250371849242,1567.5876286565,1570.37438088871,1584.25113181136,1575.72557361319,1576.04989809231,1550.26987861522,1256.82399207727,1282.87223176001,1257.90729906757,1226.03542237668,1247.71401161994,1272.20375589862,1445.16463922474,1428.1596500854,1428.65701652133,1455.40103228032,1451.72635887126,669.600408491792,684.240908000255,661.747818196178,675.472031495977,652.918331473709,126.316333781308,116.864918715438,138.755608398793,142.536653598857,128.349074178121,109.517184493445,463.403851088976,466.323468207408,478.660374433394,475.910207423798,445.091090502398,563.636456852063,561.758984896264,576.311023455784,555.678542377902,550.189630413426,850.846293668609,831.719948650085,859.352810270482,858.729182474785,841.09218847016,820.036321056831,inf,inf,inf,inf,inf,inf,1203.92164260018,1207.41669752732,1178.77139253269,1194.46660037456,1216.63296030722,613.774747035349,609.047508895658,618.838958982361,628.780013922851,631.773561695578,623.544176693216,949.176754442647,929.9601536014,937.434737207131,961.37518718764,952.267507624309,1414.96065714207,1377.56006007682,1414.17992444865,1412.75563467361,1422.06648108876,962.779853514813,963.329794074964,962.850229662653,957.869408469033,960.827902703017,850.678568930911,853.678997157693,844.616571175028,831.927008283943,842.068873568293,853.882724524456,783.822593247505,766.535801860263,795.360766837964,803.843086927548,786.923319031313,766.265243724401,780.894798558267,745.511915711015,782.190786030651,781.945588751436,775.612952146973,744.473450892182
1006,530.569325747063,667.470775280266,668.47840644279,675.511489800018,683.378121854778,654.214795433854,1555.12395772144,1559.26769334008,1567.82594085075,1565.88930036314,1571.73885160045,1538.74798588979,1238.33739016398,1264.42697923343,1232.19401712292,1208.41826194455,1236.73834466807,1253.89221739234,1413.54404902427,1419.68853401884,1419.94914248985,1445.16722636223,1441.94315405789,659.654795491353,682.897041421304,658.20577624657,670.643015583431,652.801289097521,123.29032831461,94.1531263828504,141.406093065923,136.892727084303,121.180973636206,89.3442681576968,472.107794653113,464.060750377768,480.875180536754,474.414376112713,465.06805559598,552.702404181469,559.405246619894,566.763496762967,554.229366896329,552.108067769616,832.579430066607,825.013363126586,845.262537858856,858.752541902738,841.335260721527,817.648617282362,inf,inf,inf,inf,inf,inf,1206.5312257175,1205.4143263314,1176.98025950868,1193.75254588546,1222.23035907464,614.149938308304,594.588666386334,596.511347987129,615.458250852148,618.14800920588,609.949927448199,921.112473273516,916.899502464608,915.575601447766,948.2820154338,932.403336329041,1380.18766554527,1361.814283363,1374.9468066984,1404.92366845226,1411.88692811568,934.007823668916,950.418948388578,961.10439998904,943.272587171192,963.501767033707,835.861330478355,842.825942873647,842.35013892478,816.951086039057,831.217010273246,843.029237600724,772.069298840771,756.950240569969,785.985617374856,792.496050078266,776.295162167775,752.925287668384,749.702789444963,731.979386469228,768.183732892728,768.744250801421,750.890194086968,741.506792554369
1101,917.37193005706,769.017420917994,777.787513964768,767.499916554517,744.468954480521,762.644032856574,1488.20046382415,1492.63852100813,1495.18551903581,1487.11758359013,1492.85079015738,1473.7626296059,1437.25744302721,1415.67014329417,1450.68902899787,1436.83832579452,1424.60568740131,1451.36075330463,1430.59222121068,1417.42111541413,1449.62500009538,1441.76629390898,1424.60898051588,1666.33283734898,1666.6019401613,1668.1879571091,1649.91739147087,1649.66069701541,1227.05543212745,1232.79639223887,1242.63901343453,1234.41021642212,1214.89325781862,1223.68403161054,1611.84149362979,1609.01339239641,1621.83676829104,1608.04534349885,1596.05419000463,1677.15959873786,1691.35098129311,1685.5572370311,1663.5285583873,1669.18364791444,1895.44154163775,1897.08904738807,1903.94377622278,1904.56599230874,1887.19916480297,1881.37269436747,1126.82476869404,1132.76047964809,1125.16959306318,1114.15777521228,1142.58772357101,1147.10461858358,inf,inf,inf,inf,inf,635.259070059938,640.626634673095,650.131667392541,638.813133768469,639.367772349215,637.727009669763,639.925923755025,648.483617381158,629.904069127991,632.771002835334,650.660585666623,585.999646718328,561.018449891795,583.509630756451,599.674205918056,594.582052158962,874.638489379975,865.65369565535,883.844711605138,895.484390288965,891.618237671382,1253.27180328906,1267.67158665401,1227.93206462142,1268.241091751,1269.15281051251,1270.47926975068,1187.84689017587,1179.7881016294,1204.50631252531,1190.03003762638,1154.88121617166,1151.04695869033,1098.24445477664,1122.63993167286,1124.47969456105,1095.453432499,1083.82182248717,1096.27223870413
1102,914.288224952553,749.484882380356,767.123825521009,772.293710276798,743.67411796829,770.096238820131,1479.12533006564,1484.33512484553,1489.68685282081,1486.65445118904,1491.26265686177,1474.08969534809,1461.03963060605,1434.38381492391,1456.25308585354,1446.23742884574,1447.77252073148,1448.38124125798,1450.05102999695,1434.88174304668,1462.63451632963,1459.9363110556,1450.64069829862,1649.81524449821,1666.74976229399,1673.05974680244,1653.61408839904,1658.95304578146,1216.69740122874,1221.1190845211,1239.91294767972,1236.64864535683,1207.74104176615,1207.03119589251,1599.95646391943,1608.48750694535,1610.75190948754,1602.65530446532,1585.17157362096,1672.64884961043,1685.27448243461,1694.35231675815,1656.73955240464,1660.14654132135,1905.14240367189,1901.42451112795,1913.8377240625,1918.35362954344,1885.86295186067,1891.40995511095,1129.96175905954,1126.79910916353,1117.52948248823,1115.55431025054,1145.68420600937,1133.72523792971,inf,inf,inf,inf,inf,639.882070756504,643.831336131709,656.097187876644,630.50144043362,613.973719496548,617.772785099285,642.737242483522,657.957635163776,630.44941620173,656.382026376942,661.448614812288,612.003542271248,605.054814723195,606.703496278203,629.219260535842,628.678258848786,887.411074836804,876.345351174854,884.031184098726,896.261042506745,892.488493706017,1248.26388331524,1261.47765118976,1233.54559942543,1244.43938610473,1278.05953735737,1282.66613956541,1179.68323949189,1193.12955674963,1207.66976152833,1189.34351086435,1163.49349765625,1160.58464604632,1099.301995051,1111.0711956406,1116.72304018846,1101.57291528179,1087.33278013471,1100.09165862291
1103,904.049117775324,741.932782995961,766.498796001746,754.998534222189,740.429328679005,740.853056468774,1467.44126592908,1473.36621180453,1481.34437074739,1476.91489294586,1483.54515873986,1453.26117955403,1445.14276938635,1418.72473659305,1450.20258567397,1427.37665303941,1421.84945360782,1439.65707852942,1430.52141142359,1417.69933948562,1441.59263769396,1440.91066797468,1425.42001534035,1654.76662740378,1651.26065193609,1655.39200596539,1661.89043199549,1626.68819757944,1210.13124862636,1210.38883014194,1229.82215129174,1212.80868388145,1197.36832396942,1179.0349611974,1588.05882150451,1581.33496165713,1614.21899945658,1599.11576400994,1579.62082672938,1665.542812619,1680.60419109746,1672.09754402555,1650.90829254196,1661.89200329875,1885.6529695874,1886.4979369581,1892.9987891357,1894.68108369102,1881.70829804305,1862.25500701416,1112.31103686229,1118.58121511078,1111.76071023273,1099.58670375396,1118.91563755988,1117.77418897809,inf,inf,inf,inf,inf,638.583149002769,641.360409620635,637.807530733998,616.196985615825,608.364922342031,610.038302530104,624.621490594348,640.586918544386,614.39235270234,619.054526465364,635.255754429203,568.313042134252,557.370962713693,562.692065928496,596.428116358998,594.492506040202,860.664752950515,851.000053881201,860.308299302191,871.045078195161,867.984047683816,1237.30100963041,1248.42302923889,1247.55570254275,1247.82075211919,1262.29519445922,1251.12363699921,1159.01115915829,1157.82546509208,1195.99380604551,1171.86405544759,1147.79707728429,1142.46488335324,1096.41602524876,1094.93117407652,1101.67363191562,1083.14538615909,1088.29653969173,1082.14418498887
1104,913.214079989318,755.211911230197,764.424754082851,769.122493398209,744.073398392235,752.076716506407,1465.80885761133,1473.45453686268,1477.95673748137,1470.61355966262,1476.20874966157,1461.95178722255,1426.12391418989,1436.43959746535,1441.53956170204,1428.23876973179,1392.67070319786,1441.43193905938,1420.97128823391,1402.94914587747,1443.19645157657,1422.26591489171,1413.11704701626,1650.41482899235,1667.333609909,1655.55193861626,1653.41407852501,1633.81924000256,1237.65785352337,1223.10253659777,1251.01872433601,1233.7612997008,1220.23894626603,1219.59180967828,1603.8111432113,1593.8226877384,1616.61010643143,1619.01254890646,1578.82216653619,1683.50872912754,1701.93591978394,1687.7184020268,1669.21388764835,1653.55182664554,1891.96935758912,1896.42858183831,1901.22648435354,1895.15407843072,1878.57965351619,1878.64244054363,1113.64976194843,1117.66343291158,1108.88774446423,1104.05644945353,1124.05251861724,1124.59139003513,inf,inf,inf,inf,inf,632.290057407944,636.517618575959,638.519075323715,624.514658983468,620.019746709455,619.964330782879,632.210408214667,635.063214419651,608.086486902307,622.004707594857,639.904609974428,573.574664048537,571.834880763316,570.002805447365,587.921601791718,604.789843584724,864.829128825121,855.243851766476,863.32392787334,874.19541419017,871.051800920758,1255.1033558666,1247.24372007157,1236.20122885027,1245.1784212708,1268.67267633517,1249.6132029758,1177.16063243477,1190.74793886632,1196.51824349661,1193.05369747562,1150.2930579856,1157.88787275302,1101.54850113864,1113.68285296082,1137.09264484056,1103.24401203695,1090.02980856936,1089.54172098352
1105,925.847198231337,764.953165240502,774.302530468796,778.306237566677,752.49671725668,774.841804281422,1493.24317258324,1518.58220107032,1522.43149922062,1497.24837793697,1502.92109234575,1486.46514912877,1449.15401199625,1427.58907410804,1463.38230218023,1449.03646428886,1436.40123523786,1448.07451027295,1447.76680692095,1429.97616696605,1466.47369875971,1458.74062794773,1440.19453839898,1659.99623700296,1676.34137830491,1667.27769560256,1661.23272654325,1662.29558386102,1234.18990902496,1233.4275813969,1249.9813193137,1250.45473193156,1233.04018461868,1222.92731542567,1609.05522369658,1619.25192197819,1623.27542203469,1613.72291989947,1595.8468069273,1682.72978696528,1702.72325873008,1703.85198120446,1689.1868336327,1671.27651143998,1907.47401289395,1905.90797470136,1915.81692972715,1918.14103659264,1901.24471081095,1891.55241592389,1144.94117885115,1141.80409352346,1131.27640376977,1124.18246489935,1155.31629099483,1150.46877877488,inf,inf,inf,inf,inf,645.627950398752,650.338396414016,661.37683303237,651.465165625168,632.326537004652,633.371022806096,651.228852550147,666.271274666937,639.954345963055,652.476478632669,664.288077879599,601.85631671951,601.85817230719,598.667973407294,616.01027795301,612.037430728899,898.077539720689,888.203311793374,894.830682580304,906.14059751031,902.676005447365,1264.52889841649,1279.26720103447,1237.65966424876,1255.91418649616,1279.06051847076,1282.03582788429,1190.42870566832,1193.89147617525,1210.30210833751,1204.92146493696,1167.07180460408,1161.06214060542,1106.11653587485,1116.34330725698,1137.88451337619,1106.06962894802,1093.3332861425,1107.36080510429
1201,350.222214995378,242.178579503972,251.516820948215,255.648226087319,243.120728122233,228.641446659413,1225.07958774171,1222.77563460818,1227.65123293476,1229.08386593819,1234.77335150273,1199.83211224785,1065.07984126769,1077.77677038195,1082.36525318626,1065.16476514842,1052.31607707669,1082.03869777893,1074.49750913896,1056.77105815772,1093.27370638241,1085.37178050356,1066.51143825319,1019.87395916131,1036.35202617809,1026.69343135366,1021.44478352081,1015.92099280146,585.211500902952,583.309513234238,600.867985290445,598.553810482105,571.734831928652,572.810480111588,963.532656138041,972.520521972612,978.230165749114,969.485145408609,948.654832263537,1036.871833545,1070.01567641899,1048.17750858994,1025.81591469067,1030.6580307415,1261.74568482421,1259.90521261327,1270.05907436311,1272.5560421531,1255.70409686927,1245.75860661737,580.229430595049,562.462979440528,554.46443808778,566.965604455896,581.906888480692,578.883781915449,668.854817846957,667.534947285193,671.611939220214,676.197898967873,679.29239866174,inf,inf,inf,inf,inf,inf,420.023253377916,429.097022255673,401.518044212011,436.109409847898,432.476538819954,794.939868247697,783.490711198093,792.240265296161,796.642752847727,807.577036940819,598.139727241137,602.932227457021,611.884349017099,609.038053485552,611.379000232865,765.730618042869,780.484767913876,762.257922865563,756.898299039157,780.129940287826,788.427688505346,685.8853691798,670.997561207036,705.686223943124,700.629736929041,679.918771887584,661.172304137803,630.232160047221,617.801219451373,639.662452985937,630.521998795506,617.687874216805,619.434779518976
1202,344.534887458196,237.857998826865,247.097802771006,251.746701313546,240.843717605655,225.37459626372,1223.39463802111,1229.72909283852,1234.42111457504,1229.11280990357,1234.45953882191,1215.61314965387,1065.25478753793,1053.60316401474,1081.19870782127,1063.61114935353,1052.63048493268,1082.87459781912,1071.70112247584,1053.16636525801,1089.15596849702,1083.2895072625,1065.99792180788,1014.93806674583,1031.72006796788,1021.00576352053,1017.63672155711,1012.93181167034,580.27564230714,577.734651665159,595.702246144258,594.905456187276,566.547682998088,567.340164779593,957.534343686225,967.436862267436,972.330466943644,961.069955057241,942.717993043657,1031.59259918497,1047.5274630333,1043.38346639947,1021.28325660425,1027.35820932728,1257.43222148678,1254.75621609631,1265.60423706385,1269.00763077675,1252.64843147017,1241.25827034338,565.342226646807,558.34574435147,550.863992276487,562.383405606333,578.30408126227,566.585264715185,675.204193296654,672.515794928199,675.966228106438,681.919986076861,684.983037240742,inf,inf,inf,inf,inf,inf,424.898769618427,434.294543691845,404.640785527552,441.418243909868,436.348302703638,800.260871929957,788.665157047008,797.579125459772,801.713293101151,812.543015701988,602.495591785238,608.144478948716,616.564795251762,612.671718391556,615.40418453391,761.607723722494,776.476642768996,756.616896441077,751.573435488548,775.056116542304,782.779391717585,680.057140482576,666.666050200217,699.52965903376,700.013340315712,676.66388951097,657.390407958471,625.040361312776,613.02072164644,641.282794332666,626.323700841055,613.162706245042,613.68998537723
1203,318.859687053449,220.114665752416,236.749650624539,240.201985131399,227.335637236396,212.683061128669,1216.04758750208,1220.97983209082,1224.69247281025,1218.80426297587,1224.09929934346,1202.34295631549,1053.38512464068,1037.42817355872,1067.68251232265,1051.18947694401,1041.02060067753,1071.18196098234,1054.53322713713,1040.87813784838,1072.06865830744,1066.39142170924,1050.74149683318,1016.36634775257,1021.47521599375,1017.11135300631,1005.61234129195,999.827468331618,571.900926182559,577.171242681985,587.69058004772,581.161225513646,559.83357370919,566.494978402325,957.24040724979,960.331664252236,970.591717860332,957.121709810496,943.037219004249,1029.22514873298,1037.11128949153,1034.58689601642,1023.83782987343,1015.38707637452,1244.73251140814,1244.38856506479,1253.16864155253,1254.93309983346,1226.60309455524,1242.86593143897,564.661275604321,559.607220139293,550.021022223939,569.879082617118,588.78250380452,567.177045291069,684.689653871352,684.740092645306,666.479046746827,678.073616349539,696.007321537966,inf,inf,inf,inf,inf,inf,404.855002702447,411.681415596149,394.988125012599,418.803854308895,428.668403904351,797.352471955845,766.394156579588,795.942531359349,796.050420100654,805.709821202626,581.480351313412,583.814238380028,610.25216584464,603.656709533854,607.264459434068,762.621887776553,764.534094242594,746.428509042813,743.190421407865,764.668390788358,767.30138003941,661.944704486231,652.017125345244,677.492720924082,684.441588745581,652.188585365223,646.958043944044,616.660428537718,600.243186664581,631.986649592354,615.149057516112,602.870806055647,587.827195536683
1204,322.068538766514,228.045842682897,250.55651029578,252.713172468508,236.438332749596,223.132197463528,1201.33512445688,1212.91406542018,1217.10883447305,1221.47637398545,1227.31186003659,1186.24311457072,1053.69355099884,1060.03415476729,1073.57794499788,1088.29361008719,1041.11805562676,1069.24607975374,1063.55875621817,1053.26773851648,1084.65170198066,1072.76098782471,1051.94847996713,1026.18958678707,1044.15697791613,1042.67450817777,1017.78853426416,1009.50477349815,586.12193415451,590.004420825411,601.876122117289,593.536772351514,575.985561858375,579.998437572843,973.316023349256,968.451889501322,985.300837079533,972.346281740273,957.3272437127,1039.60670802745,1061.08652658145,1048.45748180827,1031.70833812812,1026.1208359786,1257.95469142216,1259.28681960631,1266.46544015108,1266.01797609462,1248.39083971566,1251.04789749656,583.236040363452,575.704548593573,562.555600865308,593.946683204686,595.841065405485,583.829371892544,670.886427320927,661.766746368825,645.48363766458,661.593047216826,683.621404309853,inf,inf,inf,inf,inf,inf,405.018827669146,401.838383782274,398.083751185046,409.659836204267,433.227166774639,784.224063594389,762.185330065998,783.241028450799,782.527655287713,792.247214218536,575.128731166046,575.071978029573,596.802464743253,592.946429703764,595.510576624171,763.081847837581,776.855515331947,762.621621774842,754.265578361888,779.773169057128,779.67992242922,671.570515335469,665.406504780764,689.017054138598,695.180259730088,664.08928804394,652.720396023489,615.252655894137,601.166777935772,632.974304980055,627.89286912485,616.757548365903,599.669927195005
1205,348.080529493266,256.372928511493,265.709459910923,269.116050928521,254.457329842739,256.372275859076,1217.46260624866,1211.17006657026,1216.96155735799,1227.46317665437,1226.64810438312,1193.57523117069,1074.92301600361,1077.91000389828,1095.74746532313,1088.64298213818,1058.29903632791,1088.04615756786,1088.72593865181,1073.27372762384,1101.02778569287,1087.20988605817,1075.93364923215,1045.99843284455,1063.29778295021,1046.70334595837,1034.8049941723,1018.93494184224,600.065049880188,597.746345083638,625.934183813307,612.117741345633,594.581324478506,587.365087423533,978.374459465921,984.782494232944,993.397587089529,984.46894215174,963.703878931215,1068.63657786012,1082.89154697078,1069.85197011328,1039.97166742352,1042.83166949483,1276.31619303867,1290.97804290923,1305.74251847091,1284.71299151733,1268.49778459086,1260.71893225367,580.606162381391,573.498629033449,569.186773075154,581.621055508317,591.081670713659,580.622271339915,675.476137538084,642.973450352787,636.734377277038,659.849348759126,663.703296758701,inf,inf,inf,inf,inf,inf,426.269082842918,420.059722305723,403.690042190256,427.420676860718,436.045314011351,784.44750064231,771.518062242453,781.022822624621,788.652460947548,799.795240727932,603.897685121583,594.780206308941,605.484891698462,612.359311643705,607.351776092664,780.215719850906,801.537269004215,768.184416792502,773.240606051214,795.860067448107,803.741025388637,704.43180699994,686.456541942159,724.416272386109,717.344654270519,691.511275241325,674.848153473884,634.48370083447,633.193599630273,652.300903857219,640.816268591951,632.03924842764,619.282262407005
1206,347.993448032474,255.519147805288,264.886089344975,269.143843409243,256.215290469793,253.428720133255,1232.92597090343,1228.77343048329,1235.96141334095,1249.00396023875,1256.51343907679,1219.18887143594,1080.53517980625,1087.09707708243,1095.89749565971,1087.87222148771,1075.72616521344,1093.91800326967,1090.2653298466,1069.9927228412,1108.52022534339,1093.27047534555,1075.26969234682,1031.68592171726,1064.97797351231,1045.6360636782,1033.49052836033,1015.47871719733,588.61386951048,584.015387290135,602.609678814301,602.266240755673,586.711106551552,574.806254563723,975.630606649443,980.068197850864,991.13332860801,979.469737743732,960.145800741208,1047.57789882028,1074.14861957043,1058.92532708413,1037.20437433085,1043.73724155836,1269.06165385963,1267.36311020207,1276.88283023569,1270.75524699776,1263.04015133042,1254.08496869795,581.204034725278,572.276671649977,553.619114440624,578.066159087084,592.593061319267,580.505787225914,670.14081582542,650.932444107945,640.329165343364,657.956162570893,668.352299252132,inf,inf,inf,inf,inf,inf,436.292387742177,430.051955026778,412.714121607857,436.840207752188,446.32181123319,769.267562848334,753.343514988813,764.93355636539,775.162732625767,786.741795545368,600.39827392565,602.256071896635,612.245790091797,612.193527406649,613.476758516322,789.591086404341,810.428490355174,784.100715422285,775.751012075137,805.588742224441,813.176785539868,694.951147761823,674.538356207616,713.228790579152,709.238408150288,687.439007892909,665.744761551104,632.683313905359,628.820784344874,649.179201392805,643.41742562082,630.632618704746,631.343502215837
1301,393.989649026774,268.127781480391,278.144441280121,264.340530071787,257.922010107048,275.081467509962,834.428616582323,843.255548771269,859.657296717199,837.559674664412,851.733052123529,829.76861624574,836.393084376872,796.045287994094,842.584822402707,820.246296549161,824.340478349502,853.368278340847,803.985255891943,791.722436545745,826.958029059866,808.439803627272,784.684333016419,1064.15677310258,1078.87421585634,1075.36135308876,1062.65700819065,1051.81988328893,907.816330197542,919.820202948808,928.444489133348,899.159571861593,892.428141014574,900.249297494439,1224.30869081892,1236.35940088102,1253.59302466144,1222.793902118,1211.22444746056,1122.56635227469,1134.53400923604,1117.28060599361,1099.43361239791,1127.93731010595,1319.81087549078,1305.26996471664,1326.2429029812,1316.31373127273,1300.76983788816,1282.02736506935,900.630871385247,893.754562661007,886.412308538562,909.394737154985,927.809468500881,901.738043880549,683.642321898415,685.363293606377,665.130409047246,674.574990737069,696.336959470548,429.661318953271,434.306370875826,413.749956285526,414.968854762099,437.350699592277,445.685339917089,inf,inf,inf,inf,inf,463.662516486971,442.647627561524,457.424516109345,465.75678947318,486.54797861874,235.468394397666,225.760649034931,234.960163499281,255.162336430087,255.981798997244,657.939422378346,669.322855356747,640.972336314138,670.338038883278,688.695718107202,690.813753054835,588.222288965114,597.694041635555,625.765382900184,601.169555185912,577.107065273105,571.495467376078,518.165587267695,516.571174776067,528.333202261915,510.073346031001,509.936618243728,503.87747642522
1302,392.123633770069,254.135023172061,261.296070197229,260.787835011816,242.176576907144,263.017451746817,821.775127824345,830.336571400254,835.782236302607,826.322120235603,833.878828800703,816.25986568133,790.991154991799,773.251129162123,809.583350014193,823.616265836175,788.555603438596,794.048224322036,784.073378476905,765.561770862836,804.421806465973,787.90916355889,766.799899216317,1048.86122131853,1062.76745299891,1062.65090940033,1041.70734271217,1039.40672610283,904.593005801756,901.346764637451,929.036967346917,892.991670645028,890.728702253639,892.802360055778,1217.31975894763,1231.56873033386,1225.65450838813,1220.72016115252,1207.44241681207,1106.67664081605,1132.50250691521,1114.31324338109,1095.26965911839,1116.65651423463,1277.58726250581,1287.05368784342,1295.41738551708,1299.30885713165,1264.55043005911,1266.27122745849,900.79911067529,892.172636176222,874.518082517725,897.803109983334,912.560914102964,900.435948750631,691.382889178197,703.780280688988,683.669499586135,678.525561695986,713.771677999359,440.320035899287,445.535686022494,421.808469995799,412.051073005485,431.371946580913,439.642395425853,inf,inf,inf,inf,inf,473.66604027906,453.102102892188,467.014073407551,485.815745041677,482.018551527913,221.06487393177,218.885509815297,225.042423503626,232.328990980309,232.915761973765,662.971392902893,651.457299818976,651.447576041278,649.723343456391,679.384722775621,654.175554927988,568.962381113982,567.436635560713,587.365171384361,582.621218513769,558.931606715071,552.078027952554,503.263940633585,500.43868999561,519.883646586971,490.7123456454,478.118009339275,488.33466279108
1303,386.712937184466,260.524033032532,262.468477860234,258.154054859358,244.088754732717,277.450803399226,856.092985664935,864.172147684968,864.430493066869,852.770732865322,858.042513230893,839.298506789835,847.570803343343,806.475419599364,847.145288866019,833.097038427016,834.294477676169,838.444026226786,818.480321994129,807.322491862567,841.010743700699,824.619435397033,801.238206350076,1072.29849369446,1088.89872810259,1079.46785446351,1074.89279353931,1056.36912039365,901.479305376048,927.805845921341,919.861072475084,902.277043094756,885.596980656037,904.927723845057,1223.81154308403,1231.62140608306,1241.92790905742,1215.63236537834,1213.98807735933,1113.88438251361,1127.59164516821,1112.34993944603,1094.25872826944,1116.59662041858,1321.10942658601,1328.7698042158,1330.19598983065,1324.74265403938,1303.32523421644,1312.72027852678,892.914407614169,889.716419803426,884.910303478967,898.886709888513,914.260328781029,895.125066665417,672.235626734001,671.680692717664,653.493314551985,651.558588781738,683.686189291404,410.533973433948,413.530528168536,403.565383668097,407.698810679856,413.752981297595,421.989958296224,inf,inf,inf,inf,inf,473.592708503213,452.876033764837,467.902916666975,481.167588269365,508.220136549351,256.255822701466,239.231316884798,266.260503112081,269.38571562693,269.30333126822,664.907317570181,700.099029454583,649.56202032143,662.053529711657,698.866660056724,702.77873386955,601.181396587106,614.334113010472,622.827867339727,606.319652574972,591.719139926759,583.273582814845,520.927966313923,527.091486659193,538.076278849115,522.065203696694,508.079849567591,515.615774044813
1304,408.124918182739,282.148175097276,290.001872418942,290.566405635014,270.513904298016,290.250776145259,848.337343095682,843.764858554489,850.462244732273,847.52680579677,854.290897758585,826.866505493658,803.165566278023,811.899035563266,817.529374645426,805.620915991995,798.281913841958,817.123005529508,810.792609610421,781.197675628622,829.909133365416,814.744252573579,782.130890055271,1077.89854453836,1090.73088489937,1090.74616264289,1072.42671964673,1067.44075894289,934.587725185152,931.086478797339,941.688028433065,922.101618368543,908.761405398301,922.952807330228,1246.23389262033,1260.98515018361,1253.9241614419,1251.25975542985,1226.93048593197,1135.84044680473,1163.16471112639,1132.06741052782,1125.08535234979,1139.14919233004,1311.63994005443,1315.22791490572,1335.68328022941,1325.11279194242,1314.10398448672,1298.92242874266,931.191993919372,922.016412177362,903.387959889656,924.133102728248,942.222657489579,930.18951822023,677.163532935447,700.552466272834,660.360256730426,666.522563559403,698.238479850735,443.966074973563,449.097893592388,426.094881550679,417.208697834089,435.820745166047,443.949004192799,inf,inf,inf,inf,inf,442.307601254215,421.702169104679,435.830113112763,440.199995529689,451.855502944993,240.578868180575,230.887956010065,238.581613801949,249.560405965565,246.296442681684,669.906170927347,685.345204943337,667.85028385325,669.311271094766,689.999024947364,688.157060932695,603.317058003176,598.649185485622,621.06911921641,618.984121797808,575.08842761022,584.81006667193,524.025825950345,534.475414550322,543.608073529444,517.234186911368,513.008391877002,511.640395948412
1305,406.939935627982,269.542927204828,275.829526734965,274.580208745449,255.828930024316,283.133633097377,819.774896888728,827.879089853717,829.275120473026,818.33948763825,823.96173004167,807.478782371466,809.076467776829,782.455704708937,816.766070546165,788.720464695711,770.722533249734,826.609997096243,789.329994749114,776.378493377228,804.470304975883,787.440522052846,786.432380322706,1064.88455796731,1075.22840536617,1079.61390994254,1056.71366108802,1059.79546275842,916.059331553387,938.26657270268,945.64973291003,912.698413299784,908.664962713698,917.150801065281,1235.29006488832,1249.10315085118,1251.38871305103,1229.08909963572,1224.05448970359,1138.70954911307,1149.43579215297,1131.11277991302,1113.27421170753,1132.91900662007,1306.23877157834,1310.70122181575,1316.51745031855,1332.32713690248,1291.19303928599,1292.02609633502,906.418972917748,900.044269017484,894.231951882299,908.886854884292,920.428690330456,907.143269304617,692.378280654259,701.004700177061,675.377982333255,681.592046552158,706.216763558968,441.631832099589,445.288403635925,437.09220675817,443.802301406994,447.283755090457,455.644396434004,inf,inf,inf,inf,inf,471.008763848162,449.30494183533,464.81998859393,479.948040556042,510.596280629729,226.446508567171,215.677901666389,224.028399379522,235.969013949312,232.372563811188,653.967556861824,661.80464127809,639.854625159193,649.07978365658,663.909639209558,664.092901586048,588.747186816361,609.868586746081,618.228769184268,599.576993609298,573.575100138181,574.287668857243,511.160041343196,512.852205468086,528.775373990728,514.33053897098,499.967302920853,497.740732600894
1401,760.803109986066,639.936477380826,639.219285945983,632.702482497708,624.44645774149,653.128476446331,921.986849461732,929.590165313408,932.769538759532,934.783910218268,939.830872636091,902.691676668516,1064.30965107276,1014.4827913912,1050.94421656776,1083.655972571,1055.31163494018,1035.16982820279,884.165113641348,871.122190561857,893.647928204343,891.463934433136,866.56202033393,1383.30758158855,1413.79012627164,1395.72507123944,1383.7201528282,1367.68485140831,1290.6017195638,1289.86210440066,1306.45292381577,1280.72054762562,1282.05468544983,1279.35092945579,1592.82969575847,1602.02202887447,1607.20161741263,1597.38748909054,1577.92241034932,1501.38166247171,1518.02207400981,1488.23867209543,1472.46799196987,1490.07826893874,1633.57613804371,1640.14785995045,1642.20701027423,1636.64325814274,1618.15600118076,1623.13408575832,1272.51003001598,1266.68962886833,1257.82366049005,1281.36684298623,1299.20786237238,1274.15145599668,538.745435326308,539.247925205762,518.868505389933,521.963247830436,550.040231701068,693.993309002746,700.121425193242,703.050628892962,687.801199869747,679.815270085863,687.702047508715,368.392120837848,386.431122751628,368.216728787654,356.163583255,358.671300062945,inf,inf,inf,inf,inf,483.998575577682,474.093022168085,480.133737304889,491.589056386526,487.992646454339,985.589333017077,1000.12413590465,963.253189436889,978.002842724211,1000.80701481586,984.113879801118,941.642762895526,924.986003374094,953.336074193474,935.614019669592,918.48099600065,907.525630592896,852.906285091725,868.025977109709,866.366092588992,840.410834715605,827.979334039058,818.184435145289
1402,758.738661003074,637.026834319228,636.26356262957,629.845568977315,607.864251131133,651.0909092373,955.783230069611,956.293069127333,967.710898262452,955.263971352464,962.106070185294,938.587279296332,1051.78511222085,1027.42868059869,1071.67993326697,1074.56146742628,1086.73612430919,1058.08584114079,894.258470756621,877.227198816175,928.081175989509,909.704549620884,879.190691488867,1394.43378806266,1411.42146108229,1398.52608199814,1398.39600846535,1377.79620486426,1287.56341623795,1286.9320276501,1293.09898559066,1273.93825675024,1258.28536241827,1278.30531749299,1594.25828899911,1597.41611683606,1609.85825805618,1590.57775214706,1578.02888925552,1484.43874101735,1499.12286473177,1489.01898073622,1470.16368139584,1495.18380356726,1629.48163740289,1633.41121121694,1637.85545619255,1643.53614114152,1618.18110076959,1617.12975099971,1268.04880050724,1261.64898008876,1253.31215493518,1272.98099965921,1287.06047270681,1275.47036270605,540.859067285778,551.587087933178,523.664773026535,530.73639181472,564.081291600966,698.092321959891,704.075571546408,700.05323103133,692.4589958268,682.52853331481,688.623996069895,365.434491791737,383.196580170353,365.815947098952,352.020628224975,355.544178003159,inf,inf,inf,inf,inf,494.148818086268,484.566702847817,492.661176020602,503.427260232386,500.289855099414,1018.15739575547,999.88560337804,984.853688005629,1002.39352231906,1032.50336990138,1002.70645523811,934.316314505845,947.089277139205,951.49071756938,938.105804699912,916.653468952398,897.635556911027,847.527616656062,859.096403608811,895.318632022721,850.217313181403,836.895817239103,834.960066649897
1403,757.082458960135,635.587374635843,635.16590690461,628.812067458784,619.949791947993,653.849662158925,924.117226204013,931.404064937802,935.07598506331,935.388376441473,940.663488217408,906.299821353682,1033.09821112046,1015.79685480181,1051.44498016027,1084.84433840365,1056.70898932054,1036.27546774299,887.96365572394,874.033099671389,895.67792455776,899.647415598313,870.963765899339,1384.96057832826,1401.41286601834,1398.21410200528,1386.35472161157,1368.86873019997,1292.45502199982,1289.80168078404,1296.7967249864,1276.51010020414,1277.50057226541,1279.38247961753,1592.11753556439,1599.61604065281,1607.12259211067,1598.77187815515,1577.16148045869,1483.95283513201,1504.22924574188,1487.02331931712,1469.86886553812,1490.24158260163,1633.82371101664,1639.49960008675,1642.76231588063,1663.64169542196,1619.12104970742,1622.05413687674,1269.17947302173,1264.43259149197,1254.34188805543,1269.78609023529,1299.71683105923,1271.33999813543,537.181147331002,536.186248535639,514.736104279811,518.710857390365,547.69355568323,692.994796745551,699.139139864519,703.250888587453,688.408358433112,678.160589742474,685.63861455454,365.186597975198,382.587537541436,365.585244976084,352.702788296869,355.818019140137,inf,inf,inf,inf,inf,485.987058074408,476.154924078154,483.003365752602,494.284526728322,490.844994954919,987.979905781937,981.995347865815,964.998042526698,979.48925630715,1002.64352084259,984.269369236653,938.518783724236,925.716162376146,951.382704319409,934.537625215484,916.832403311365,908.739262330172,842.574988271361,865.443062387735,867.241747303408,842.744855136737,829.980326825443,831.686993304682
1404,765.618670426487,644.612052442182,644.102351254786,637.097738019525,612.285685711026,646.970721792295,918.868968107419,923.150524221089,925.877125977561,929.272418881656,933.955088511459,893.662389212788,1053.403912454,1042.63119315652,1041.84567441455,1073.44142225358,1044.94196202181,1025.31679545134,871.004510671827,859.25477181038,880.606128684394,877.733887222568,852.827099633571,1375.32726954082,1390.76852378425,1386.92336827933,1374.42675581,1360.73183265309,1282.94576822144,1286.0259419481,1298.85561577312,1286.41327985142,1259.28373522749,1275.99682101222,1590.60984001787,1611.50681665521,1602.8174772345,1590.50551851184,1574.71929098769,1494.91008457244,1510.17281385602,1486.06005019042,1481.93315547324,1485.38945453563,1627.61626800513,1635.94007848633,1635.4194485646,1627.93220528596,1611.32969389415,1620.42436387905,1283.82050083632,1269.07467013153,1261.55262769307,1274.34634596555,1294.0244205313,1288.84494795576,548.403768299151,549.751813272329,530.416606050358,533.863575302835,560.227203727812,691.330469664521,697.234176310333,697.646671204466,682.027724793355,679.374277257614,687.739698047016,363.983365172283,392.44669487054,369.375881646541,348.552239194644,360.925575024511,inf,inf,inf,inf,inf,476.44675602458,472.932244303105,471.357021187117,482.956401708707,479.181968192723,976.189818525324,990.604793071719,954.17463090935,986.849831062651,991.886560932516,993.412728659804,913.295297931601,917.481951330862,951.750895646051,932.845704197489,891.326437290292,899.852485311235,833.460329612147,830.767409482239,859.657861331369,831.426170558773,819.478191479509,811.925329411371
1405,775.092059321247,650.554278242142,659.341549302051,646.525230547667,639.429145897729,655.266019656063,902.284622953361,910.010941323687,927.816493897793,936.044745962931,922.648627857254,892.995261321141,1061.22423929793,1047.37544431718,1081.17101640673,1092.05785520185,1054.73857537895,1067.332867205,875.010341126199,848.26028043576,882.613728177603,880.01441432659,855.39293101725,1381.47736025527,1403.82185249537,1392.7553366045,1378.22661453409,1368.30856440461,1289.48791375212,1294.03769652939,1305.09764653893,1295.90658250688,1278.59996865043,1284.15964626894,1600.08662848761,1620.93130189696,1611.6700540387,1598.31619524994,1583.83862772455,1502.16395033938,1517.33009122636,1515.41683136607,1488.39294452431,1493.91044614026,1636.99910256686,1623.26597069021,1644.40133305013,1635.85652414146,1620.62820630531,1607.22980288589,1289.86012063007,1291.82838462019,1265.64748205066,1286.65650832063,1302.08670772111,1294.69033604751,545.141313831583,549.559932939758,528.482122408143,534.988830601224,558.15435132886,701.101698466945,706.912660470343,706.269332730054,690.705040719543,691.997177654419,700.359893010563,383.080470883789,386.082184587401,394.326469952596,357.857622495515,389.342211386066,inf,inf,inf,inf,inf,482.547475569065,473.003541810817,474.09165424217,485.700811038532,481.670805205815,980.911397719337,994.375289055896,966.895439276254,994.677273817122,997.929738077526,997.196341267675,920.82974854615,927.575960169646,940.320213150069,944.268141802008,898.938367434262,910.248886668376,862.31871301009,837.641182431744,869.223305245319,835.69596768332,824.948571375399,821.658194339016
1501,407.727592741649,382.743935240598,379.224310347778,372.338149906671,368.644912313902,395.185397802828,626.826394635427,625.450168135937,634.420047390977,639.310456712186,642.540225775112,609.265595320096,543.588882004944,539.373269681599,563.792487412853,565.735761750912,565.67905914053,550.977729433672,551.559197651696,533.86264780901,585.16438443688,567.278208732859,535.080894931623,1003.20605423283,1001.73485859289,1019.15177554109,988.568916105675,1007.97119774935,939.716881760969,933.342567622442,943.770615430857,925.227425066692,910.764308650971,915.492684483379,1238.151504249,1265.50495144834,1253.287995761,1238.22258198428,1225.97797682966,1139.49204721775,1150.64528976302,1133.20868913388,1131.05375068143,1130.01819045355,1163.86334120513,1174.92755393335,1168.25522048703,1156.52610441263,1144.62382252687,1165.04243108509,918.676738911602,911.784621613802,904.068535879541,942.369088785391,948.900014686693,920.00979336604,928.903496507635,939.988731114445,911.355628998942,919.427885219356,952.766377751055,609.960658127189,614.221218681122,594.590341223079,588.239067530422,614.25374303424,612.980753637747,240.471297118365,224.940816194891,257.982012678645,248.650774277312,230.336026656387,581.752078053456,577.945906106592,581.533983576415,578.159331988311,594.008918648008,inf,inf,inf,inf,inf,505.163603841477,506.428039709129,490.484142817605,508.8120804701,538.839142111219,509.251028575632,421.687378172155,438.158394338827,440.32464468952,422.801755522376,403.833023838608,417.481287047379,375.505584469783,392.377821980362,378.979213850315,359.863763719838,363.127914245499,382.570108547205
1502,412.139136937815,382.117625058702,382.491676978615,376.641202864271,367.654840207249,396.04416483098,624.198864016452,625.405195757368,634.420404715933,636.187985007329,640.719225248287,606.30781301655,560.113191212339,546.356511158162,579.952740116907,582.815198667671,586.54165752165,566.135568868597,578.161201916856,548.981365294284,593.771589194452,582.401353575841,557.974979137377,1007.51514892218,1013.21333299751,1023.71763634614,993.553829023202,1008.96072184024,939.630682518567,937.491061906048,946.562605555169,927.004359479046,914.889826073622,929.435256208407,1251.46415333487,1266.29174174287,1270.05659368663,1256.38917774774,1231.75014011543,1142.04939526245,1169.63535768429,1138.18711864824,1131.40810640663,1145.50645782653,1171.77896216171,1182.05793662889,1177.66912164266,1167.12862257741,1156.11368695516,1169.39134615184,936.445677127843,927.189309073804,907.824391809765,928.656896540002,947.341855500584,935.334812711375,916.754060671072,927.302028946261,899.761628700437,906.438926058319,939.828392921918,614.681615427672,619.798612306926,596.821222042215,588.08092763821,606.682135699554,614.779367474725,229.906810212125,223.693671476022,243.493808728606,236.880039836153,218.693585972234,573.325844814931,570.078698284453,573.181328018251,583.336504348981,585.219348276583,inf,inf,inf,inf,inf,537.128600112944,518.580782655131,504.362551197368,521.739627924179,522.85405476477,521.399042787914,436.366506280625,447.375074642853,454.523330156553,441.899366209941,415.892499501236,432.356975094284,382.302617958569,408.744811165511,391.506197708915,367.779419901782,368.040673708523,386.91192928276
1503,414.468444154699,385.332385316569,384.800359888674,378.403848599428,371.702228810696,399.281318100363,602.976260139662,601.754551612977,608.808643240998,613.542584002194,615.583554995078,590.084831695364,547.536672849825,530.576165829115,566.012010866166,571.877212456394,554.012280560247,550.984038643588,563.728624396668,549.610830300461,576.667586103125,571.728274168972,546.898816245822,1012.2125891522,1011.52269727134,1044.5142373939,997.663799461019,1015.26299599659,935.391284291358,948.679579692836,953.149443600229,932.909258230189,920.085496855419,940.811677916171,1255.70079441956,1271.1291950035,1260.98745402139,1245.71610748885,1233.8084168517,1147.83984188018,1176.78646261999,1142.32622391654,1137.78141968888,1136.20005700434,1184.02483304961,1195.90810657499,1189.57925050027,1176.65500749988,1167.46422898093,1182.7485130564,935.380924565331,927.504043285946,910.165114473784,947.398635378089,937.459305472781,934.391328054196,926.978860399827,925.594559339904,905.252674127283,909.555489746449,937.304171736342,617.528324185533,622.099887214562,615.966663871108,602.791879992821,611.331911105279,619.173933936877,233.096502009871,223.131497382688,260.192122674199,238.335746178042,220.663278821995,586.687682263395,588.0872284585,588.060610890461,580.320769208768,585.484473138153,inf,inf,inf,inf,inf,506.765733970869,500.225612860018,483.535165875724,498.04063554588,521.264592044278,502.514405148005,439.64089373791,455.517785118775,452.497560148649,435.716370136037,417.141481022371,443.396250782489,387.065948860723,418.353012382923,398.756782809557,372.101440774737,373.265048704338,391.913461699141
1504,411.3981842542,386.045619275715,383.338187440034,376.134590078512,374.44968557312,407.764236230803,609.264804718802,604.132625829719,610.932087452022,620.11906705836,620.203340681039,588.375066401159,546.351259846598,526.386269880554,546.970087684323,563.379940112551,535.723838978978,532.537767900712,546.22555487939,531.47851922786,568.354205890528,555.075477000226,530.507476946898,1009.5688962763,1005.42109987951,1029.40168961655,994.80877093286,1006.59256776882,931.239317697331,946.530334166587,940.565294960656,933.043714923204,904.178258755874,922.941965235326,1240.4376541574,1272.08662732261,1257.38095429176,1233.35947209426,1229.72386779803,1131.26749939692,1145.24330927258,1138.88899567546,1118.81217565157,1132.43275637025,1176.22810507831,1188.56227408046,1179.94331548117,1166.26258954113,1151.82478605592,1178.5207616012,938.606987927392,914.549644099636,907.625013689488,941.845958141499,934.814014550163,922.831371195792,942.336713806532,939.950484706262,919.967712572197,925.97200984298,952.338087175207,614.798005556271,618.322934772914,609.487260127893,599.052085416643,617.606284522757,619.256866457137,250.556773838214,230.282419950747,263.97971868577,251.807388889461,233.722770418987,597.272394943658,597.780558014367,598.476732908864,591.045676890424,596.218644146542,inf,inf,inf,inf,inf,483.521824190019,508.902195603322,468.57711678747,483.855463037477,507.340923384779,511.601076159725,423.306280602056,449.999144945254,440.710673984082,420.648512038733,405.868277291494,422.600656198538,380.532391516739,397.210051366724,382.756543227066,364.815001884526,369.088215217004,378.209627405452
1505,413.883195644264,387.102832148352,385.181438521307,378.220189100182,374.6289512876,410.891676815643,605.124239364222,601.337593429389,608.333732035912,616.000331141396,616.759124778474,586.968545670256,552.373785415952,533.997924331942,554.328353198634,570.318531389029,542.341551831254,539.332515940007,551.694379708593,537.587907570767,573.982564917003,559.958017971502,535.199464271344,1011.82953194961,1008.85294831257,1027.69792897973,997.052104191956,1011.46937965554,933.754922850549,948.47924126366,944.339574110864,934.281588993655,919.74032043052,942.167599423009,1257.23820460004,1272.97594322425,1259.83265354574,1245.08948749383,1232.41161938436,1134.99225801287,1149.24972716196,1141.39420363136,1139.86614061619,1134.88124406895,1180.22297132661,1192.47018093817,1184.58285797693,1171.06478605514,1165.24690219711,1181.27391214969,924.230222923297,917.226056932192,909.74738371597,944.98313730478,936.790620309632,937.360604415368,936.659742308865,935.120712017509,915.394873332763,920.465742254249,947.055779668277,617.060527306091,620.976886873475,613.016415010438,601.537664768986,613.235448851505,620.522820997319,250.962989968559,231.919094642287,263.483160035183,247.356422198994,229.501641743328,593.461093400751,594.611144719638,594.81733138649,587.061065098285,591.982775715575,inf,inf,inf,inf,inf,497.971376182218,512.783916578284,473.824609394332,488.780779246368,512.083638318933,515.530687350801,435.948568738331,453.322730881597,446.070273323394,427.930862358317,410.917389829056,426.954909783744,384.112304852198,419.620106206526,397.673338509531,368.571568427677,371.792019671057,382.647499759407
10101,424.992225895325,501.152529592291,492.046373896861,486.704000039996,501.375878926962,517.373906085689,772.99613083545,764.767059759352,769.884752543295,782.593328782084,780.56077726015,742.441268196915,396.704626776523,435.549099408077,408.935928885393,377.36615141644,385.219753113257,423.598570464846,616.499897099458,614.845696130087,617.43886536171,626.924712172809,619.530460217452,563.368642245072,567.52217411593,582.35805279707,552.900272279043,558.191827305618,694.139777701739,709.898993383771,694.975321270236,678.990594604325,689.032728223486,708.529869994489,814.518718146242,819.462080204695,819.968531218029,804.719580383576,806.798864968554,693.93841929441,712.585532279917,711.206384702329,680.206243579675,692.132391552581,727.247527772705,755.340918952746,745.031790310212,719.39892554214,710.739051708061,725.90156169533,779.891553589371,759.068689363718,756.036340693215,788.070535548534,793.07373858922,766.076928581868,1266.24294363255,1255.65276986729,1240.39638929382,1271.24981058775,1278.90709277601,753.456988491258,750.379619747296,750.701593438565,747.658778399116,765.883512710901,765.679647882908,618.2406273746,614.286866859152,626.898358069824,639.506872805296,619.944464221482,1058.46915609278,1063.06594883549,1060.6784045663,1051.21209670439,1053.90327922142,462.477133735374,487.782267430876,480.343833437409,455.350582288536,471.398131273045,inf,inf,inf,inf,inf,inf,80.8367695361061,93.6840442561485,71.2152532849677,66.9909246513198,83.6681130502068,96.5678590369502,134.181804888651,139.628700897754,117.755305917519,139.003959175038,142.959693097427,143.373514113936
10102,436.8609573297,528.564235858776,518.98832342663,501.956581941417,534.776005785109,532.149117104015,753.177709200716,750.163512908897,772.481512921174,788.558041665175,765.035992458901,738.516324091732,393.678698414802,419.949652274423,394.359652937598,370.512129605812,385.063307500048,408.847354178468,606.956745513165,586.795246212571,614.63636733111,617.10837883388,614.135931465457,563.038492952935,577.253525237619,588.457786201404,549.722746133246,561.936573167532,707.520767845131,720.046190726314,706.249466894348,691.700730120731,703.821309399058,722.648280370768,823.121970375622,822.28373953294,825.429176493254,810.941293538437,799.318561746412,695.710602231603,718.82145856374,693.782915575212,683.696696069549,697.276729716438,729.002418511307,731.915986420701,732.689361989224,718.970618465287,714.458375906266,717.478681243804,787.418182101687,779.083521687105,782.383944210103,799.252311057401,799.470546251336,787.344057263552,1282.02963130024,1271.43367154068,1254.14666984221,1271.64251112477,1295.02646987722,768.960648000712,765.995000045272,752.575787482214,762.20835766257,793.055958587312,789.589949251954,630.476087320404,614.053417809594,660.632624518798,653.439375736111,635.248518197576,1069.78955950011,1045.77668068185,1049.11683302361,1062.41758128091,1064.19469821878,472.478259725822,483.785326535295,479.598066716105,482.701047465713,486.605214045404,inf,inf,inf,inf,inf,inf,98.2801692653735,119.740267177362,88.8770169880344,83.8861968485017,100.369167730655,127.223393827478,143.167067065356,151.386439552147,132.5281692748,143.464614203848,151.667173058521,155.56700789857
10103,410.685912975384,493.391251378481,490.581819850382,486.974151862504,490.475516964917,520.753330219933,757.836369698435,751.901888327597,757.928937596388,767.836114415982,767.184011689449,734.236916516137,381.356174626178,413.967807818593,411.021565027867,367.317245057436,367.898423637255,429.327418354367,612.364469787783,603.969649758636,611.217716899158,620.807172289723,615.242148813391,582.19432849683,577.219530304555,595.213312293552,567.611008621692,577.876054609072,698.979521349752,712.509884610549,705.676251911827,681.46528949792,686.475330944497,709.612529838918,824.374873533252,838.746637757231,844.031384024404,816.774158691226,814.088693936828,710.731164580208,724.813284313581,718.250821265174,693.436898515828,712.566356715783,754.058410496769,765.832900257886,757.447323294941,744.290984216689,726.077999722761,756.63707991621,790.430318837905,765.014840747717,759.870884733897,795.604157635551,791.194660973202,772.146178071751,1242.7785647532,1241.71568123543,1247.44855722322,1252.37780863925,1253.9240428347,752.228561372607,747.609021653093,737.107859006053,750.701347962816,756.53320193562,764.497672597674,604.187427559065,605.955982304148,614.429922553163,625.896147140651,608.587305767736,1038.65532702096,1037.46806804488,1039.60047844391,1031.99126678336,1044.51176956635,449.631937917521,461.478633997871,455.576836539309,441.051755429973,446.094699756049,inf,inf,inf,inf,inf,inf,70.6735502508075,85.8934488682569,62.834614536704,54.8596207384862,71.0355394442537,86.68790221281,125.913808181054,146.739389977757,93.7248168715853,120.664511242336,133.696876629811,141.059980559902
10104,384.344778477542,474.255444129779,464.675126355602,460.603723448563,477.659048754478,479.974354498448,764.659669300664,760.819978821295,768.111636577824,767.802553730836,776.902055635483,750.695367989699,420.816652919932,447.669491483665,420.253010664014,413.320340237691,418.269972419247,435.269335794529,613.035423928854,626.444296648716,630.077654319764,640.675033400224,610.007786951961,548.028488436581,545.628186146662,566.598229904368,541.111068574824,538.450327954282,658.906111979388,670.238627356044,658.148688427122,643.078852277324,653.529463363086,668.870817688693,784.085148457256,798.440652939106,792.278086685742,789.018302680729,765.562850436533,675.360593327731,701.872719819506,683.684351359377,664.079549371362,673.720875258527,699.555506525473,709.745766854004,705.436956756544,701.575010537488,683.783196465275,696.590019223887,741.324914072068,732.58665169949,730.723488385585,764.058394249051,752.957941599005,740.842070123813,1258.93020398384,1238.90170072721,1233.14866169283,1246.46917653116,1258.53658052719,724.198808766626,719.938488995408,701.939475556434,709.833616924033,738.425390873188,736.470141046107,608.218479237814,592.030647639722,612.217641050147,624.537297196992,600.653074316605,1021.04053116946,1020.6735033789,1021.6592880758,1024.79092291431,1031.27205449627,451.946431765692,462.205281735748,456.058686909446,442.7861425589,447.243931677513,inf,inf,inf,inf,inf,inf,61.9598736216171,72.4699925983838,50.9203062205698,50.7239219054396,67.4880155537664,77.1070057511026,103.253135851931,102.716344091472,106.197587042636,128.040930715278,125.346271736591,112.363514017721
10105,423.71960627549,531.586153481741,504.04512234195,499.573564959201,506.173752902919,531.783891237639,791.046350325403,779.158099825788,783.182222595057,777.510827727633,777.588069537271,751.21214872607,413.578433944377,428.89850624187,425.532843570891,389.911087406325,404.71195761985,442.274551736307,617.914674397102,606.219501045217,621.389772497707,628.040297091851,624.674742879276,549.932540636463,556.226590377077,566.088744068296,538.065293129079,548.088821437609,699.359149802516,713.02584397403,694.291293177963,683.863756200969,689.491088966463,715.218355028849,810.241486164196,809.009091046937,811.965235378972,797.59464110269,785.87454313879,682.835337454867,696.619606478179,688.210865802397,670.530578320424,684.097011745152,714.576617762995,726.90043079357,718.325694516037,704.63269605527,700.290278226015,716.427223421183,782.790828276749,759.611969172126,759.528870407145,795.518948764733,786.546505572313,774.421359956761,1282.19696730188,1282.44671824405,1263.98022164206,1286.68350966663,1293.53826248948,765.605532450489,761.602445619396,749.696476167806,762.038593202941,779.243864288559,777.972235626922,644.332968240892,626.973911142409,656.371873080527,655.507464755556,637.503535246144,1068.83401959194,1071.1239304702,1070.51166041414,1062.03717433469,1066.00380484531,489.772374160578,486.677475984011,494.924159065485,480.831182516156,485.593273411343,inf,inf,inf,inf,inf,inf,92.6367910084433,103.598743858812,82.0689322178801,80.2108738627196,96.960561158276,113.266143068912,143.516969490382,144.566419896756,130.039668327277,150.505132641695,155.249320544112,152.861729166877
10106,439.487329188812,531.28199115313,521.694370688406,504.688916336288,537.244102125127,534.938919614043,753.425563255981,750.010070505487,774.198455878499,787.606490657286,765.564130713338,739.016802679486,394.895313668304,421.46217682778,394.678453327439,370.887311853901,386.974687941336,409.653098047711,606.336529426623,584.047744140647,615.114837398236,616.30553954386,614.274593382324,562.478897651066,578.557319338615,589.227544667408,548.827483895519,562.16442523386,709.603147251465,721.385622046177,707.579484413179,693.833384095306,706.358268868502,722.439710215318,808.440911485472,822.435678783556,825.91385549877,811.653134859109,790.516736119204,695.580179418069,719.575050814327,693.050306617591,683.963305750431,697.738247620732,728.702223172438,730.626098628738,732.089769110132,718.345305510754,714.574451466003,716.700205095547,788.52478292218,779.86203920594,783.909563820531,800.920093878426,800.253555303223,788.12664896869,1285.02025674672,1289.07624672375,1257.16667312147,1274.61849246539,1297.97870424316,780.407162554219,775.20054438498,755.287324394183,764.975536976743,795.616395149786,792.267297753595,649.559124345128,616.713177937141,663.325569941743,656.267297303339,638.087349031983,1050.99883622149,1047.50083380586,1050.72071131507,1064.49042239452,1066.28012425285,475.201769040216,486.504230892163,482.213075098927,485.45609406306,489.408045671404,inf,inf,inf,inf,inf,inf,101.745069886829,122.396946331275,92.2984990333442,87.3851367909325,103.856936054559,129.872548297438,145.275892522726,153.14420495167,135.194029796527,145.276937886875,153.701665434608,157.628418566808
10201,323.990849798636,413.310407762569,403.707803280512,399.910396819435,417.372036252112,418.86592271896,792.461934086273,789.701400662204,797.267264734826,803.434136634581,819.449096686465,777.745211899916,488.115020907821,492.391102012198,503.801155093131,439.700115533125,476.553287318726,500.872640815886,662.425557424423,640.914750980776,654.952110153163,694.503288023045,691.135669820289,569.91257543439,590.4803693303,594.923608946621,556.738905897291,568.780502337894,630.150201304961,644.650613688382,634.063202381082,619.586924631873,615.687068352665,641.632391709658,808.985687367831,822.452544686139,822.71138670529,808.058768174997,797.66027803565,700.306579877835,716.098130388704,708.200390994361,686.023031763595,694.081334647566,732.267601190818,748.207656422681,741.57831405638,728.939674607743,716.061381354344,727.554188618853,719.870128909354,709.864393857181,716.77856211442,737.528546735141,724.765263199703,715.257789331808,1202.91701882124,1180.79028028114,1173.91216206191,1190.45525810976,1199.76580473563,663.468072055321,659.068503600685,649.567145633199,647.075292203727,677.956313824314,675.706693522212,555.526162605944,539.26147045214,566.67265626974,576.511111532963,548.507894980288,977.829393129569,959.134651386999,972.487618410443,969.049358785589,976.386145207625,395.218173351858,405.612534642839,410.849228686995,398.963140840739,408.162830998347,68.5792893862256,81.2148425107155,62.3299728904733,64.9958533812974,81.1297344208149,83.6111096040054,inf,inf,inf,inf,inf,inf,40.8840995595509,41.2428026805953,32.7164334479644,47.6614944464584,55.3209361435982,54.250252227008
10202,323.425317604052,411.295525734438,388.088774156801,383.028237860151,398.062608620757,412.76260739561,806.70974227131,813.113448638462,817.449601295324,817.431243402564,818.509501855001,791.59741342547,498.833497833933,505.853633195138,494.410000710014,501.07986482376,486.127339199149,510.653348327708,697.587687946392,684.776479517874,665.524443027953,707.936008434545,703.111256935408,563.716027039404,574.255910590358,578.995398674901,548.956131472239,553.471021426137,614.980064639318,629.512326899034,625.364951078758,598.889734714377,600.138698107698,622.656390742221,803.977777054045,807.955479698365,807.33401814978,792.464905096851,780.336615581035,693.789177455964,709.092708943262,687.628565707244,680.659948231637,684.317813750524,722.777494976706,730.915519493502,730.636647260236,723.111737997099,706.522811632875,715.084031252754,708.968833507385,691.34791516068,689.649608596072,726.722962352554,710.285559264575,703.023780978668,1196.93881884652,1199.42349016018,1173.20684800435,1204.96825232449,1209.20736251042,646.555677816334,643.117081151984,630.283103751973,641.41060994462,659.404814993568,658.86190944017,563.64062450428,536.820210924383,576.835253203446,572.867785321517,570.230743775233,979.48152406628,979.603924443938,978.071816994479,978.585208587626,988.692033277872,411.4953616844,417.663995140258,425.627235562445,421.870078824492,424.44140674683,73.9604483270078,113.390540942032,70.0928887233909,68.0675514053136,84.6329312360073,116.211049064045,inf,inf,inf,inf,inf,inf,40.0836525394365,35.7479576317199,34.9166569590545,50.5089008977764,55.635161673759,50.3061947451189
10203,333.218265620387,432.799739641794,423.279255393047,419.86449273417,423.606126266301,437.233557710523,783.837954305531,791.283080455984,796.578986990429,794.386882192755,796.442540773668,788.193778295319,461.267878045513,471.251202767806,476.911635041178,463.976876082972,446.066383147015,476.542631177562,625.781607970825,611.906617535264,653.336731401455,667.270230318619,629.470680513836,564.177468931807,564.080457397549,580.406596949677,549.711957761983,567.004276579159,637.522601326905,662.169532444255,643.620122599351,623.325845561325,631.649272870369,664.651662310374,815.218966002568,830.62397540183,820.920461908199,815.677004699904,790.175108119553,699.076765962976,717.206491014117,703.26184471744,684.777277351626,696.009302649916,730.386480585222,742.146877672182,736.273091182838,723.645004299796,713.550149296483,728.694620367197,732.867949818609,728.103860483479,719.476897372477,755.904262528482,733.257414298739,728.295989589967,1224.37112358461,1209.68613625223,1205.48907484078,1211.20387011404,1222.32860235249,684.870806790605,680.148358999432,657.355905492725,666.634836805054,699.555129398784,697.091912424789,590.624939915172,559.264042590153,578.505228964362,597.069469242961,578.980498630601,1009.9407514151,996.019785743226,1006.44262655726,1013.45310633581,1010.21947636448,409.437508980335,420.881886281458,423.992060629719,413.562437630147,418.452952775387,51.210295960654,64.0571127848165,46.7643793385857,46.2753239940681,62.8395893158587,66.4075619232149,inf,inf,inf,inf,inf,inf,52.7970310550617,52.8507944680716,44.3884237464902,58.9776356051732,67.094316825157,66.1310325796577
10204,339.677207458427,429.804459230228,420.657454282419,415.419337878857,430.435865982073,445.180210949676,783.420146563637,776.225508876656,781.748111383188,793.270447756018,791.897990360593,756.570746880549,433.724451233945,460.071240625532,442.369210291094,426.170527782413,421.5996327634,470.252494586602,637.361850902904,629.847370258041,634.407260542371,626.736954615114,618.13296751072,595.388038730322,587.879941863348,609.675213994912,566.035657277908,573.333628789665,655.576149995766,671.48855719597,659.195042364541,638.932142426444,637.98206056466,669.473847919293,830.161919288278,845.108542981775,836.774479682318,821.473490225328,821.411420590477,715.183139618161,728.552364236596,718.088402802905,700.082956130263,711.558753807251,748.748192982172,771.538609514122,761.794208580983,741.829015069537,731.663156717347,746.28988351673,734.139901030599,726.482281533788,731.0920318988,757.691355350799,745.439256456893,730.797673213042,1204.08572674932,1192.77500599588,1182.0520320225,1207.33133013852,1216.55704530274,681.89488343761,676.148735834747,662.93524687601,676.579195979161,694.520525440945,694.145288235603,571.090532326418,555.535833634593,563.033625103986,594.770539499934,561.621345410072,992.761764436165,982.779369733484,990.239282729913,994.934237645817,1006.07098969199,394.480949297163,408.18170598753,407.808004727727,394.858774834754,400.897699593631,57.2246415371025,69.3120721836206,49.0059128086763,56.2499571989979,71.1946703100754,71.7423924868474,inf,inf,inf,inf,inf,inf,50.6712475623167,54.5229472928798,40.9970999553859,53.7045310080508,63.4192191422154,65.9817493381767
10205,314.679697991633,406.064427345545,408.054328554182,405.784380415469,405.752303762171,420.013229615444,779.616416362788,778.881318394175,786.782225817321,790.477978337383,793.51782517769,764.145865859517,440.013958430559,491.824099004971,447.006929438065,425.49918504529,441.872413790599,457.112858436574,649.893309867307,631.737283268893,644.258202622568,656.95015623283,636.966160314389,591.760491321586,591.248412675349,607.67424488372,577.335509230305,595.988272189079,639.8394639803,656.261046188155,644.727210707654,625.669146615464,627.813285114431,648.366189436838,823.760218500806,849.909498853533,838.623060203126,820.443450051498,811.089266187874,716.832027821514,731.900457017044,722.478732790161,702.136132617535,713.032896904562,752.921628921771,763.189129174383,758.775029735617,748.047957226893,733.26339954293,751.512888274763,720.208354245211,709.923970133794,711.400211200918,736.313511681843,731.290692453385,717.511077629811,1180.96983656053,1167.43350917854,1162.83745596898,1170.45366636165,1180.40666481742,656.982936225172,655.173594397432,640.665623410581,651.7043833327,668.21971457253,668.758054944802,546.448613625832,531.280092213635,559.26547878363,554.354822369504,536.658864543501,961.448884135362,944.065978228129,957.035935619877,951.983028650214,961.445412798446,378.634726710537,389.180940486892,392.316465807735,382.599047044754,387.138566759697,81.2025799276771,93.1048963473909,72.4767243645931,80.3182264976449,95.2405731510858,95.5262486121028,inf,inf,inf,inf,inf,inf,33.699249560196,38.3190741492367,24.0783965430383,37.6250949159705,46.6949391645148,49.0973998245897
10206,310.206765609915,398.394865639595,380.411954017654,374.381818680306,387.433917574019,402.338816444883,798.140267957125,799.587809892104,804.85034108647,817.320386677685,815.364214862877,782.534801345318,502.860123664042,505.822666740753,504.407151620167,448.74812694365,491.258748764021,492.237701687524,661.968559431831,655.282869743915,658.445325621531,669.87639526277,697.393455022038,588.404478783684,580.846117679095,588.872988438542,558.526623226476,564.80486794934,625.115448761101,638.331419987376,625.267107200664,606.480496323428,609.386340755835,629.982664497253,811.163182331957,819.395011874743,817.08672000183,801.812671887126,802.624839308098,709.646751055537,722.86981376985,703.367047347387,693.865054456753,697.829913574524,739.83742972348,748.414331447418,748.557340549428,739.083435387513,722.456073101987,729.719195119783,701.276672559339,686.299053918743,689.513559797315,718.572635611844,708.76922741825,697.631821598051,1176.81941265272,1175.29277441142,1158.11086122456,1174.52085091809,1187.78750976449,638.86782332051,645.277500239642,635.065899287697,630.837045330854,649.919617107171,650.729281827659,541.411492849102,523.643790454472,551.363683965308,560.429324038377,535.702104934431,967.436680822803,956.708643476829,966.543277684967,966.358817421732,976.798460517525,393.069831446195,405.710750624233,415.601881853227,400.073180010513,403.924138582746,85.0642779446245,126.198747815678,79.0955131509535,80.8914204633755,118.635842582231,129.011747568534,inf,inf,inf,inf,inf,inf,29.9701735174669,27.2025921198605,24.5535029844188,40.1336562407553,45.3708353955465,41.1219416450881
10301,276.528035423278,366.829769818111,370.064427436097,352.160951806674,366.11118248702,382.548916394446,799.21991906078,794.055943345023,800.18250735306,809.299702873283,809.118770708464,776.572006705042,492.754743128311,498.581731613599,488.702435651077,464.911711965827,468.204072098118,491.443139564339,687.130540189974,678.130766367639,694.786093589169,711.908003782018,652.264116618202,626.94742860176,622.720086167461,642.320109925099,612.333533468091,616.190169415537,652.213671785776,651.150042409324,635.529689328028,623.844726452051,620.380976364326,653.704749775446,853.960565025756,868.001626907661,872.402708394282,847.391294299714,843.120847144567,751.047529503269,765.697974973232,752.957312986254,733.718471777948,753.811610582737,798.867960746888,803.105114922389,809.238571941424,808.160108582019,779.995495655907,783.417563236891,712.184288261918,705.599817688978,700.162285991388,736.449678814595,745.894350344402,712.72018125478,1133.39097143292,1129.71320537427,1121.20750560216,1128.13063873116,1142.96290026018,629.826390269843,624.709453033499,615.822074562296,612.825227536355,631.426048121109,631.88562869608,507.056682932539,491.985634623999,505.278030764644,514.493772699783,496.862846130328,931.957919887304,928.489930270236,931.986667378584,925.687029430558,948.346495231319,362.117271740028,368.405259825658,376.149214260454,371.246507794734,374.325007715473,147.54175074552,155.603487531068,133.908720100597,142.147938374893,161.343323254798,157.887582846026,78.5313547351196,85.5220319828381,98.1768315798367,85.6017136510373,61.3467791583649,67.1489326386633,inf,inf,inf,inf,inf,inf
10302,272.175645742048,369.793338699358,360.181653890662,356.507008048428,374.07967330071,375.184572489578,822.854153773734,820.135247775969,827.707600157748,833.826703153623,890.547188291774,808.104271230131,507.536295846017,533.557434565013,509.397832947199,495.32792561735,498.524053139673,523.118397768076,723.803697731327,692.651048536644,716.442676044071,711.950713369255,708.46082505057,601.229843831765,623.245405465488,626.073363644409,597.835229171185,599.9981350901,621.842736686894,644.382455800901,622.731046022837,611.343493693242,607.356636903764,635.093497058113,842.101721309786,855.509853124674,858.967736417935,844.301486513174,830.690173500412,734.226135570176,749.938644535466,742.458938198378,719.961801514173,727.849937002997,780.031721983524,787.460379927159,798.238160687346,785.575908186288,768.049357958588,767.38497728064,707.639148898805,699.575207689941,694.039692421218,718.731125536163,719.923289950802,707.815257442945,1158.79809144346,1145.28610159389,1126.54977888283,1146.48575969232,1161.60833676536,621.157175594568,616.666659669578,606.064289833339,603.403719329883,635.744671584225,633.372939541732,511.958334901291,495.665963259184,523.009231451772,531.543609275137,505.108472573588,935.878703317838,917.004612214798,930.476056232637,930.78091819879,938.301730747161,385.021708812791,401.600196293887,412.28424450705,394.357015132333,414.646061914545,160.090194042516,174.185819468557,161.054918433931,149.516666273897,171.088946126347,176.649463870803,76.6152266868947,79.0360146287456,95.9680018345073,87.1796890909871,63.6583748935055,62.1817649240407,inf,inf,inf,inf,inf,inf
10303,307.006796084252,394.876294811724,374.766243704607,369.112747397924,383.026449357305,397.775106033787,788.175969630009,797.996244925378,802.841687647254,816.263511532163,813.799156778339,772.735166364017,499.246771877953,503.827802292373,496.105944287256,457.42871382247,487.084673275641,492.803576042169,687.822969101415,681.844433087433,683.250119747379,652.29447769181,645.339356972297,616.923748347226,625.68459694332,633.73618757143,602.293643854535,609.129413660516,649.741615095463,663.513134781418,646.568869650652,626.709331168473,634.257061634978,655.71489736463,856.279608244095,864.019223608677,861.226504826103,846.051066375437,848.826597044571,750.558081349016,764.515596659599,746.968056946959,737.211553609257,741.185069957473,781.071580492637,791.498569331647,790.456862002234,781.403606639141,764.864607253193,772.675674146464,732.408068169176,710.568959785756,707.652031187327,741.25172374345,745.465402155628,733.766154871636,1159.64722218982,1148.66955684442,1132.19223575543,1166.5991469226,1172.76541191621,636.685755364478,641.319799446508,631.516212272497,629.830314099343,648.526888022201,648.782563747755,512.207895539265,508.939383141343,521.694560639661,530.898060989743,513.694994429751,936.043865289678,941.582885388125,934.944812032149,934.941263302851,945.166207344847,364.810537752211,376.660701682928,385.657979117401,371.222950465478,385.773005829218,130.601667563934,144.16273556564,107.797405738856,144.950747660771,147.445128641436,146.984724235116,55.3492984103248,65.1869792827763,74.7741590526374,61.0298513871487,36.785769263879,46.5343362940667,inf,inf,inf,inf,inf,inf
10304,296.734774740464,404.548363298648,379.486902555214,375.196407207291,378.959817952976,404.416293588187,783.485541293259,812.130090019537,792.636927147376,802.301708178827,802.066666955843,765.655870054752,485.81037268104,504.183763658403,493.750489407497,461.648441345092,477.280736915027,510.630208861394,662.414944341138,651.09251174733,665.21073043828,672.443207851988,669.54474182939,647.1540932215,642.635683044585,655.304042779561,632.401643016657,637.773734498129,657.082388476058,672.424076865595,665.813765507279,639.129175670116,657.254379628424,676.716388246226,875.743039050846,889.952354309815,892.047806694324,877.936781147291,865.311677020947,774.4769834064,787.950110364505,769.939298024031,762.106876361796,764.434689495437,804.245413383884,812.606046438157,812.135873622619,805.1333974422,787.991005678514,797.38649924957,759.988288348251,736.904934877145,730.121132421388,764.020080392374,757.591372142598,745.463710246222,1144.22658464138,1143.8272927184,1125.9272674692,1148.81059557814,1155.27626412018,638.150666660052,633.990990968489,622.391164562153,635.039305809255,645.446971471572,650.511616616639,503.238832391541,488.384652335651,514.894467147156,514.887300588501,509.729558534504,929.486853839379,931.326600437244,931.05373970822,922.807008314497,927.033264232625,355.658848814365,362.876593686753,370.071632352743,364.666723188233,367.880578042107,153.577240236432,157.923277094825,131.160447144388,167.314716072012,168.959460546607,160.007451907659,80.7400497432741,91.2072642829414,99.8126451418502,84.1847850752111,60.7822637657314,72.5410064132418,inf,inf,inf,inf,inf,inf
10305,287.613228802817,375.744479043667,366.23976307865,362.462329253422,364.926671176721,380.675931710266,792.297475899396,808.595769772094,813.666702418258,802.980547682629,804.719304833979,783.042662444823,496.687146564792,522.020687306922,495.021881492582,472.034730603654,476.427512064344,510.197239805925,669.800334526087,656.232345550548,669.698760818226,692.281376123117,674.086125565452,641.052876411448,639.973455585128,657.200203853088,626.432308862337,644.598689426581,652.604182207225,666.194136521295,650.626364580883,630.542025478185,635.743102161345,658.664345152765,882.349167959705,897.897452321677,887.066920410307,871.84250384956,860.875430307733,770.380813204379,789.889268713042,773.370000484617,756.377689307587,772.039714936584,813.386903481284,818.906202935901,822.401725077124,818.342941110291,798.970531508858,801.448803190648,727.593654698971,732.753462881523,724.485944847277,761.39362399862,751.957474815193,726.374723963375,1131.62866133997,1129.44671544904,1127.47632059668,1132.51487978414,1141.57030307498,624.962895257767,620.47663676776,609.759108046809,623.549640007324,639.346235231748,637.264935413231,507.750128980859,475.387443347001,501.205830340785,513.623359722835,495.735435816884,920.267119841954,921.121417952916,921.504546504956,914.066913102634,919.489704099451,359.966706650302,364.18864941963,373.490544701309,371.154933595773,373.329194792529,157.52518974294,166.331502175167,144.360149997981,163.797367157928,173.728060682453,168.649563450937,92.1381032500859,100.098288796098,111.663084943022,97.6313802266848,73.585239830938,81.5414823581612,inf,inf,inf,inf,inf,inf
10306,268.677155631576,358.267471741419,365.997002146614,345.160488562349,359.851444360024,376.737489172639,814.236282467871,813.884287502909,864.25854251018,825.020827241911,875.371030494368,798.643266576942,501.031374337831,514.663759576361,498.74301420988,473.034611507244,492.731026925841,516.518996305822,713.33383264086,689.218190075231,708.926982021052,720.861349812738,702.229671663404,618.746652529335,629.168358813034,634.768089083374,622.260502533555,622.125164779083,630.990118079891,643.702169649212,628.982977378144,622.688134434815,615.485539436083,646.453592333284,854.081776046841,865.863336961777,883.792236831522,852.64005640907,840.770556286051,749.371115429483,764.295898019438,757.071061281385,734.241373012127,743.377011849206,803.158972553661,803.707927318593,812.343745667194,813.723004919838,782.868225373098,786.804356368447,714.079242157688,707.435756076928,699.828849896383,722.390169480368,717.280896687364,715.346821335506,1130.1936045735,1132.28098951064,1111.74903112081,1120.88382834486,1143.04462258424,624.56081507754,618.934875482565,593.640185623211,605.421244394114,622.589552648642,635.624056409428,499.371697012799,483.669123626545,511.64015569569,508.515491209848,490.864696310096,920.822658329326,902.084997124297,908.501498713031,917.992703317566,925.778330626048,376.035936651207,379.708545111687,388.927556030316,376.433200252787,380.672251165754,169.795990246472,184.332566608594,161.327925449489,165.359964995688,185.531857477104,187.109616299009,88.5552493007485,92.3092900201201,108.186487785393,97.6765050854565,73.4661637642054,74.8151194515451,inf,inf,inf,inf,inf,inf
